[0.496s] DEBUG:colcon:Command line arguments: ['/usr/bin/colcon', 'build', '--packages-select', 'ur3e_motion']
[0.496s] DEBUG:colcon:Parsed command line arguments: Namespace(log_base=None, log_level=None, verb_name='build', build_base='build', install_base='install', merge_install=False, symlink_install=False, test_result_base=None, continue_on_error=False, executor='parallel', parallel_workers=12, event_handlers=None, ignore_user_meta=False, metas=['./colcon.meta'], base_paths=['.'], packages_ignore=None, packages_ignore_regex=None, paths=None, packages_up_to=None, packages_up_to_regex=None, packages_above=None, packages_above_and_dependencies=None, packages_above_depth=None, packages_select_by_dep=None, packages_skip_by_dep=None, packages_skip_up_to=None, packages_select_build_failed=False, packages_skip_build_finished=False, packages_select_test_failures=False, packages_skip_test_passed=False, packages_select=['ur3e_motion'], packages_skip=None, packages_select_regex=None, packages_skip_regex=None, packages_start=None, packages_end=None, allow_overriding=[], cmake_args=None, cmake_target=None, cmake_target_skip_unavailable=False, cmake_clean_cache=False, cmake_clean_first=False, cmake_force_configure=False, ament_cmake_args=None, catkin_cmake_args=None, catkin_skip_building_tests=False, mixin_files=None, mixin=None, verb_parser=<colcon_mixin.mixin.mixin_argument.MixinArgumentDecorator object at 0x7af9a8de89d0>, verb_extension=<colcon_core.verb.build.BuildVerb object at 0x7af9a8de8370>, main=<bound method BuildVerb.main of <colcon_core.verb.build.BuildVerb object at 0x7af9a8de8370>>, mixin_verb=('build',))
[0.899s] Level 1:colcon.colcon_core.package_discovery:discover_packages(colcon_meta) check parameters
[0.899s] Level 1:colcon.colcon_core.package_discovery:discover_packages(recursive) check parameters
[0.899s] Level 1:colcon.colcon_core.package_discovery:discover_packages(ignore) check parameters
[0.899s] Level 1:colcon.colcon_core.package_discovery:discover_packages(path) check parameters
[0.899s] Level 1:colcon.colcon_core.package_discovery:discover_packages(colcon_meta) discover
[0.900s] Level 1:colcon.colcon_core.package_discovery:discover_packages(recursive) discover
[0.900s] INFO:colcon.colcon_core.package_discovery:Crawling recursively for packages in '/home/b/ws_moveit2'
[0.900s] Level 1:colcon.colcon_core.package_identification:_identify(.) by extensions ['ignore', 'ignore_ament_install']
[0.900s] Level 1:colcon.colcon_core.package_identification:_identify(.) by extension 'ignore'
[0.900s] Level 1:colcon.colcon_core.package_identification:_identify(.) by extension 'ignore_ament_install'
[0.900s] Level 1:colcon.colcon_core.package_identification:_identify(.) by extensions ['colcon_pkg']
[0.900s] Level 1:colcon.colcon_core.package_identification:_identify(.) by extension 'colcon_pkg'
[0.900s] Level 1:colcon.colcon_core.package_identification:_identify(.) by extensions ['colcon_meta']
[0.900s] Level 1:colcon.colcon_core.package_identification:_identify(.) by extension 'colcon_meta'
[0.900s] Level 1:colcon.colcon_core.package_identification:_identify(.) by extensions ['ros']
[0.900s] Level 1:colcon.colcon_core.package_identification:_identify(.) by extension 'ros'
[0.910s] Level 1:colcon.colcon_core.package_identification:_identify(.) by extensions ['cmake', 'python']
[0.910s] Level 1:colcon.colcon_core.package_identification:_identify(.) by extension 'cmake'
[0.910s] Level 1:colcon.colcon_core.package_identification:_identify(.) by extension 'python'
[0.910s] Level 1:colcon.colcon_core.package_identification:_identify(.) by extensions ['python_setup_py']
[0.910s] Level 1:colcon.colcon_core.package_identification:_identify(.) by extension 'python_setup_py'
[0.910s] Level 1:colcon.colcon_core.package_identification:_identify(build) by extensions ['ignore', 'ignore_ament_install']
[0.910s] Level 1:colcon.colcon_core.package_identification:_identify(build) by extension 'ignore'
[0.910s] Level 1:colcon.colcon_core.package_identification:_identify(build) ignored
[0.910s] Level 1:colcon.colcon_core.package_identification:_identify(install) by extensions ['ignore', 'ignore_ament_install']
[0.910s] Level 1:colcon.colcon_core.package_identification:_identify(install) by extension 'ignore'
[0.910s] Level 1:colcon.colcon_core.package_identification:_identify(install) ignored
[0.910s] Level 1:colcon.colcon_core.package_identification:_identify(log) by extensions ['ignore', 'ignore_ament_install']
[0.911s] Level 1:colcon.colcon_core.package_identification:_identify(log) by extension 'ignore'
[0.911s] Level 1:colcon.colcon_core.package_identification:_identify(log) ignored
[0.911s] Level 1:colcon.colcon_core.package_identification:_identify(src) by extensions ['ignore', 'ignore_ament_install']
[0.911s] Level 1:colcon.colcon_core.package_identification:_identify(src) by extension 'ignore'
[0.911s] Level 1:colcon.colcon_core.package_identification:_identify(src) by extension 'ignore_ament_install'
[0.911s] Level 1:colcon.colcon_core.package_identification:_identify(src) by extensions ['colcon_pkg']
[0.911s] Level 1:colcon.colcon_core.package_identification:_identify(src) by extension 'colcon_pkg'
[0.911s] Level 1:colcon.colcon_core.package_identification:_identify(src) by extensions ['colcon_meta']
[0.911s] Level 1:colcon.colcon_core.package_identification:_identify(src) by extension 'colcon_meta'
[0.911s] Level 1:colcon.colcon_core.package_identification:_identify(src) by extensions ['ros']
[0.911s] Level 1:colcon.colcon_core.package_identification:_identify(src) by extension 'ros'
[0.911s] Level 1:colcon.colcon_core.package_identification:_identify(src) by extensions ['cmake', 'python']
[0.911s] Level 1:colcon.colcon_core.package_identification:_identify(src) by extension 'cmake'
[0.911s] Level 1:colcon.colcon_core.package_identification:_identify(src) by extension 'python'
[0.911s] Level 1:colcon.colcon_core.package_identification:_identify(src) by extensions ['python_setup_py']
[0.911s] Level 1:colcon.colcon_core.package_identification:_identify(src) by extension 'python_setup_py'
[0.913s] Level 1:colcon.colcon_core.package_identification:_identify(src/launch_param_builder) by extensions ['ignore', 'ignore_ament_install']
[0.913s] Level 1:colcon.colcon_core.package_identification:_identify(src/launch_param_builder) by extension 'ignore'
[0.913s] Level 1:colcon.colcon_core.package_identification:_identify(src/launch_param_builder) by extension 'ignore_ament_install'
[0.913s] Level 1:colcon.colcon_core.package_identification:_identify(src/launch_param_builder) by extensions ['colcon_pkg']
[0.913s] Level 1:colcon.colcon_core.package_identification:_identify(src/launch_param_builder) by extension 'colcon_pkg'
[0.913s] Level 1:colcon.colcon_core.package_identification:_identify(src/launch_param_builder) by extensions ['colcon_meta']
[0.913s] Level 1:colcon.colcon_core.package_identification:_identify(src/launch_param_builder) by extension 'colcon_meta'
[0.913s] Level 1:colcon.colcon_core.package_identification:_identify(src/launch_param_builder) by extensions ['ros']
[0.913s] Level 1:colcon.colcon_core.package_identification:_identify(src/launch_param_builder) by extension 'ros'
[0.920s] DEBUG:colcon.colcon_core.package_identification:Package 'src/launch_param_builder' with type 'ros.ament_python' and name 'launch_param_builder'
[0.921s] Level 1:colcon.colcon_core.package_identification:_identify(src/moveit2) by extensions ['ignore', 'ignore_ament_install']
[0.921s] Level 1:colcon.colcon_core.package_identification:_identify(src/moveit2) by extension 'ignore'
[0.921s] Level 1:colcon.colcon_core.package_identification:_identify(src/moveit2) by extension 'ignore_ament_install'
[0.921s] Level 1:colcon.colcon_core.package_identification:_identify(src/moveit2) by extensions ['colcon_pkg']
[0.921s] Level 1:colcon.colcon_core.package_identification:_identify(src/moveit2) by extension 'colcon_pkg'
[0.921s] Level 1:colcon.colcon_core.package_identification:_identify(src/moveit2) by extensions ['colcon_meta']
[0.921s] Level 1:colcon.colcon_core.package_identification:_identify(src/moveit2) by extension 'colcon_meta'
[0.921s] Level 1:colcon.colcon_core.package_identification:_identify(src/moveit2) by extensions ['ros']
[0.921s] Level 1:colcon.colcon_core.package_identification:_identify(src/moveit2) by extension 'ros'
[0.921s] Level 1:colcon.colcon_core.package_identification:_identify(src/moveit2) by extensions ['cmake', 'python']
[0.921s] Level 1:colcon.colcon_core.package_identification:_identify(src/moveit2) by extension 'cmake'
[0.921s] Level 1:colcon.colcon_core.package_identification:_identify(src/moveit2) by extension 'python'
[0.921s] Level 1:colcon.colcon_core.package_identification:_identify(src/moveit2) by extensions ['python_setup_py']
[0.921s] Level 1:colcon.colcon_core.package_identification:_identify(src/moveit2) by extension 'python_setup_py'
[0.921s] Level 1:colcon.colcon_core.package_identification:_identify(src/moveit2/doc) by extensions ['ignore', 'ignore_ament_install']
[0.921s] Level 1:colcon.colcon_core.package_identification:_identify(src/moveit2/doc) by extension 'ignore'
[0.921s] Level 1:colcon.colcon_core.package_identification:_identify(src/moveit2/doc) by extension 'ignore_ament_install'
[0.921s] Level 1:colcon.colcon_core.package_identification:_identify(src/moveit2/doc) by extensions ['colcon_pkg']
[0.921s] Level 1:colcon.colcon_core.package_identification:_identify(src/moveit2/doc) by extension 'colcon_pkg'
[0.921s] Level 1:colcon.colcon_core.package_identification:_identify(src/moveit2/doc) by extensions ['colcon_meta']
[0.921s] Level 1:colcon.colcon_core.package_identification:_identify(src/moveit2/doc) by extension 'colcon_meta'
[0.921s] Level 1:colcon.colcon_core.package_identification:_identify(src/moveit2/doc) by extensions ['ros']
[0.921s] Level 1:colcon.colcon_core.package_identification:_identify(src/moveit2/doc) by extension 'ros'
[0.922s] Level 1:colcon.colcon_core.package_identification:_identify(src/moveit2/doc) by extensions ['cmake', 'python']
[0.922s] Level 1:colcon.colcon_core.package_identification:_identify(src/moveit2/doc) by extension 'cmake'
[0.922s] Level 1:colcon.colcon_core.package_identification:_identify(src/moveit2/doc) by extension 'python'
[0.922s] Level 1:colcon.colcon_core.package_identification:_identify(src/moveit2/doc) by extensions ['python_setup_py']
[0.922s] Level 1:colcon.colcon_core.package_identification:_identify(src/moveit2/doc) by extension 'python_setup_py'
[0.922s] Level 1:colcon.colcon_core.package_identification:_identify(src/moveit2/moveit) by extensions ['ignore', 'ignore_ament_install']
[0.922s] Level 1:colcon.colcon_core.package_identification:_identify(src/moveit2/moveit) by extension 'ignore'
[0.922s] Level 1:colcon.colcon_core.package_identification:_identify(src/moveit2/moveit) by extension 'ignore_ament_install'
[0.922s] Level 1:colcon.colcon_core.package_identification:_identify(src/moveit2/moveit) by extensions ['colcon_pkg']
[0.922s] Level 1:colcon.colcon_core.package_identification:_identify(src/moveit2/moveit) by extension 'colcon_pkg'
[0.922s] Level 1:colcon.colcon_core.package_identification:_identify(src/moveit2/moveit) by extensions ['colcon_meta']
[0.922s] Level 1:colcon.colcon_core.package_identification:_identify(src/moveit2/moveit) by extension 'colcon_meta'
[0.922s] Level 1:colcon.colcon_core.package_identification:_identify(src/moveit2/moveit) by extensions ['ros']
[0.922s] Level 1:colcon.colcon_core.package_identification:_identify(src/moveit2/moveit) by extension 'ros'
[0.923s] DEBUG:colcon.colcon_core.package_identification:Package 'src/moveit2/moveit' with type 'ros.ament_cmake' and name 'moveit'
[0.923s] Level 1:colcon.colcon_core.package_identification:_identify(src/moveit2/moveit_common) by extensions ['ignore', 'ignore_ament_install']
[0.923s] Level 1:colcon.colcon_core.package_identification:_identify(src/moveit2/moveit_common) by extension 'ignore'
[0.923s] Level 1:colcon.colcon_core.package_identification:_identify(src/moveit2/moveit_common) by extension 'ignore_ament_install'
[0.923s] Level 1:colcon.colcon_core.package_identification:_identify(src/moveit2/moveit_common) by extensions ['colcon_pkg']
[0.923s] Level 1:colcon.colcon_core.package_identification:_identify(src/moveit2/moveit_common) by extension 'colcon_pkg'
[0.923s] Level 1:colcon.colcon_core.package_identification:_identify(src/moveit2/moveit_common) by extensions ['colcon_meta']
[0.923s] Level 1:colcon.colcon_core.package_identification:_identify(src/moveit2/moveit_common) by extension 'colcon_meta'
[0.923s] Level 1:colcon.colcon_core.package_identification:_identify(src/moveit2/moveit_common) by extensions ['ros']
[0.923s] Level 1:colcon.colcon_core.package_identification:_identify(src/moveit2/moveit_common) by extension 'ros'
[0.924s] DEBUG:colcon.colcon_core.package_identification:Package 'src/moveit2/moveit_common' with type 'ros.ament_cmake' and name 'moveit_common'
[0.924s] Level 1:colcon.colcon_core.package_identification:_identify(src/moveit2/moveit_configs_utils) by extensions ['ignore', 'ignore_ament_install']
[0.924s] Level 1:colcon.colcon_core.package_identification:_identify(src/moveit2/moveit_configs_utils) by extension 'ignore'
[0.924s] Level 1:colcon.colcon_core.package_identification:_identify(src/moveit2/moveit_configs_utils) by extension 'ignore_ament_install'
[0.924s] Level 1:colcon.colcon_core.package_identification:_identify(src/moveit2/moveit_configs_utils) by extensions ['colcon_pkg']
[0.924s] Level 1:colcon.colcon_core.package_identification:_identify(src/moveit2/moveit_configs_utils) by extension 'colcon_pkg'
[0.924s] Level 1:colcon.colcon_core.package_identification:_identify(src/moveit2/moveit_configs_utils) by extensions ['colcon_meta']
[0.924s] Level 1:colcon.colcon_core.package_identification:_identify(src/moveit2/moveit_configs_utils) by extension 'colcon_meta'
[0.924s] Level 1:colcon.colcon_core.package_identification:_identify(src/moveit2/moveit_configs_utils) by extensions ['ros']
[0.925s] Level 1:colcon.colcon_core.package_identification:_identify(src/moveit2/moveit_configs_utils) by extension 'ros'
[0.925s] DEBUG:colcon.colcon_core.package_identification:Package 'src/moveit2/moveit_configs_utils' with type 'ros.ament_python' and name 'moveit_configs_utils'
[0.925s] Level 1:colcon.colcon_core.package_identification:_identify(src/moveit2/moveit_core) by extensions ['ignore', 'ignore_ament_install']
[0.926s] Level 1:colcon.colcon_core.package_identification:_identify(src/moveit2/moveit_core) by extension 'ignore'
[0.926s] Level 1:colcon.colcon_core.package_identification:_identify(src/moveit2/moveit_core) by extension 'ignore_ament_install'
[0.926s] Level 1:colcon.colcon_core.package_identification:_identify(src/moveit2/moveit_core) by extensions ['colcon_pkg']
[0.926s] Level 1:colcon.colcon_core.package_identification:_identify(src/moveit2/moveit_core) by extension 'colcon_pkg'
[0.926s] Level 1:colcon.colcon_core.package_identification:_identify(src/moveit2/moveit_core) by extensions ['colcon_meta']
[0.926s] Level 1:colcon.colcon_core.package_identification:_identify(src/moveit2/moveit_core) by extension 'colcon_meta'
[0.926s] Level 1:colcon.colcon_core.package_identification:_identify(src/moveit2/moveit_core) by extensions ['ros']
[0.926s] Level 1:colcon.colcon_core.package_identification:_identify(src/moveit2/moveit_core) by extension 'ros'
[0.929s] DEBUG:colcon.colcon_core.package_identification:Package 'src/moveit2/moveit_core' with type 'ros.ament_cmake' and name 'moveit_core'
[0.930s] Level 1:colcon.colcon_core.package_identification:_identify(src/moveit2/moveit_experimental) by extensions ['ignore', 'ignore_ament_install']
[0.930s] Level 1:colcon.colcon_core.package_identification:_identify(src/moveit2/moveit_experimental) by extension 'ignore'
[0.930s] Level 1:colcon.colcon_core.package_identification:_identify(src/moveit2/moveit_experimental) ignored
[0.930s] Level 1:colcon.colcon_core.package_identification:_identify(src/moveit2/moveit_kinematics) by extensions ['ignore', 'ignore_ament_install']
[0.930s] Level 1:colcon.colcon_core.package_identification:_identify(src/moveit2/moveit_kinematics) by extension 'ignore'
[0.930s] Level 1:colcon.colcon_core.package_identification:_identify(src/moveit2/moveit_kinematics) by extension 'ignore_ament_install'
[0.930s] Level 1:colcon.colcon_core.package_identification:_identify(src/moveit2/moveit_kinematics) by extensions ['colcon_pkg']
[0.930s] Level 1:colcon.colcon_core.package_identification:_identify(src/moveit2/moveit_kinematics) by extension 'colcon_pkg'
[0.930s] Level 1:colcon.colcon_core.package_identification:_identify(src/moveit2/moveit_kinematics) by extensions ['colcon_meta']
[0.930s] Level 1:colcon.colcon_core.package_identification:_identify(src/moveit2/moveit_kinematics) by extension 'colcon_meta'
[0.930s] Level 1:colcon.colcon_core.package_identification:_identify(src/moveit2/moveit_kinematics) by extensions ['ros']
[0.931s] Level 1:colcon.colcon_core.package_identification:_identify(src/moveit2/moveit_kinematics) by extension 'ros'
[0.932s] DEBUG:colcon.colcon_core.package_identification:Package 'src/moveit2/moveit_kinematics' with type 'ros.ament_cmake' and name 'moveit_kinematics'
[0.932s] Level 1:colcon.colcon_core.package_identification:_identify(src/moveit2/moveit_planners) by extensions ['ignore', 'ignore_ament_install']
[0.932s] Level 1:colcon.colcon_core.package_identification:_identify(src/moveit2/moveit_planners) by extension 'ignore'
[0.932s] Level 1:colcon.colcon_core.package_identification:_identify(src/moveit2/moveit_planners) by extension 'ignore_ament_install'
[0.932s] Level 1:colcon.colcon_core.package_identification:_identify(src/moveit2/moveit_planners) by extensions ['colcon_pkg']
[0.932s] Level 1:colcon.colcon_core.package_identification:_identify(src/moveit2/moveit_planners) by extension 'colcon_pkg'
[0.932s] Level 1:colcon.colcon_core.package_identification:_identify(src/moveit2/moveit_planners) by extensions ['colcon_meta']
[0.932s] Level 1:colcon.colcon_core.package_identification:_identify(src/moveit2/moveit_planners) by extension 'colcon_meta'
[0.932s] Level 1:colcon.colcon_core.package_identification:_identify(src/moveit2/moveit_planners) by extensions ['ros']
[0.932s] Level 1:colcon.colcon_core.package_identification:_identify(src/moveit2/moveit_planners) by extension 'ros'
[0.933s] Level 1:colcon.colcon_core.package_identification:_identify(src/moveit2/moveit_planners) by extensions ['cmake', 'python']
[0.933s] Level 1:colcon.colcon_core.package_identification:_identify(src/moveit2/moveit_planners) by extension 'cmake'
[0.933s] Level 1:colcon.colcon_core.package_identification:_identify(src/moveit2/moveit_planners) by extension 'python'
[0.933s] Level 1:colcon.colcon_core.package_identification:_identify(src/moveit2/moveit_planners) by extensions ['python_setup_py']
[0.933s] Level 1:colcon.colcon_core.package_identification:_identify(src/moveit2/moveit_planners) by extension 'python_setup_py'
[0.933s] Level 1:colcon.colcon_core.package_identification:_identify(src/moveit2/moveit_planners/chomp) by extensions ['ignore', 'ignore_ament_install']
[0.933s] Level 1:colcon.colcon_core.package_identification:_identify(src/moveit2/moveit_planners/chomp) by extension 'ignore'
[0.933s] Level 1:colcon.colcon_core.package_identification:_identify(src/moveit2/moveit_planners/chomp) by extension 'ignore_ament_install'
[0.933s] Level 1:colcon.colcon_core.package_identification:_identify(src/moveit2/moveit_planners/chomp) by extensions ['colcon_pkg']
[0.933s] Level 1:colcon.colcon_core.package_identification:_identify(src/moveit2/moveit_planners/chomp) by extension 'colcon_pkg'
[0.933s] Level 1:colcon.colcon_core.package_identification:_identify(src/moveit2/moveit_planners/chomp) by extensions ['colcon_meta']
[0.933s] Level 1:colcon.colcon_core.package_identification:_identify(src/moveit2/moveit_planners/chomp) by extension 'colcon_meta'
[0.933s] Level 1:colcon.colcon_core.package_identification:_identify(src/moveit2/moveit_planners/chomp) by extensions ['ros']
[0.933s] Level 1:colcon.colcon_core.package_identification:_identify(src/moveit2/moveit_planners/chomp) by extension 'ros'
[0.933s] Level 1:colcon.colcon_core.package_identification:_identify(src/moveit2/moveit_planners/chomp) by extensions ['cmake', 'python']
[0.933s] Level 1:colcon.colcon_core.package_identification:_identify(src/moveit2/moveit_planners/chomp) by extension 'cmake'
[0.933s] Level 1:colcon.colcon_core.package_identification:_identify(src/moveit2/moveit_planners/chomp) by extension 'python'
[0.933s] Level 1:colcon.colcon_core.package_identification:_identify(src/moveit2/moveit_planners/chomp) by extensions ['python_setup_py']
[0.933s] Level 1:colcon.colcon_core.package_identification:_identify(src/moveit2/moveit_planners/chomp) by extension 'python_setup_py'
[0.933s] Level 1:colcon.colcon_core.package_identification:_identify(src/moveit2/moveit_planners/chomp/chomp_interface) by extensions ['ignore', 'ignore_ament_install']
[0.933s] Level 1:colcon.colcon_core.package_identification:_identify(src/moveit2/moveit_planners/chomp/chomp_interface) by extension 'ignore'
[0.933s] Level 1:colcon.colcon_core.package_identification:_identify(src/moveit2/moveit_planners/chomp/chomp_interface) by extension 'ignore_ament_install'
[0.933s] Level 1:colcon.colcon_core.package_identification:_identify(src/moveit2/moveit_planners/chomp/chomp_interface) by extensions ['colcon_pkg']
[0.933s] Level 1:colcon.colcon_core.package_identification:_identify(src/moveit2/moveit_planners/chomp/chomp_interface) by extension 'colcon_pkg'
[0.933s] Level 1:colcon.colcon_core.package_identification:_identify(src/moveit2/moveit_planners/chomp/chomp_interface) by extensions ['colcon_meta']
[0.933s] Level 1:colcon.colcon_core.package_identification:_identify(src/moveit2/moveit_planners/chomp/chomp_interface) by extension 'colcon_meta'
[0.933s] Level 1:colcon.colcon_core.package_identification:_identify(src/moveit2/moveit_planners/chomp/chomp_interface) by extensions ['ros']
[0.933s] Level 1:colcon.colcon_core.package_identification:_identify(src/moveit2/moveit_planners/chomp/chomp_interface) by extension 'ros'
[0.934s] DEBUG:colcon.colcon_core.package_identification:Package 'src/moveit2/moveit_planners/chomp/chomp_interface' with type 'ros.ament_cmake' and name 'moveit_planners_chomp'
[0.935s] Level 1:colcon.colcon_core.package_identification:_identify(src/moveit2/moveit_planners/chomp/chomp_motion_planner) by extensions ['ignore', 'ignore_ament_install']
[0.935s] Level 1:colcon.colcon_core.package_identification:_identify(src/moveit2/moveit_planners/chomp/chomp_motion_planner) by extension 'ignore'
[0.935s] Level 1:colcon.colcon_core.package_identification:_identify(src/moveit2/moveit_planners/chomp/chomp_motion_planner) by extension 'ignore_ament_install'
[0.935s] Level 1:colcon.colcon_core.package_identification:_identify(src/moveit2/moveit_planners/chomp/chomp_motion_planner) by extensions ['colcon_pkg']
[0.935s] Level 1:colcon.colcon_core.package_identification:_identify(src/moveit2/moveit_planners/chomp/chomp_motion_planner) by extension 'colcon_pkg'
[0.935s] Level 1:colcon.colcon_core.package_identification:_identify(src/moveit2/moveit_planners/chomp/chomp_motion_planner) by extensions ['colcon_meta']
[0.935s] Level 1:colcon.colcon_core.package_identification:_identify(src/moveit2/moveit_planners/chomp/chomp_motion_planner) by extension 'colcon_meta'
[0.935s] Level 1:colcon.colcon_core.package_identification:_identify(src/moveit2/moveit_planners/chomp/chomp_motion_planner) by extensions ['ros']
[0.935s] Level 1:colcon.colcon_core.package_identification:_identify(src/moveit2/moveit_planners/chomp/chomp_motion_planner) by extension 'ros'
[0.936s] DEBUG:colcon.colcon_core.package_identification:Package 'src/moveit2/moveit_planners/chomp/chomp_motion_planner' with type 'ros.ament_cmake' and name 'chomp_motion_planner'
[0.936s] Level 1:colcon.colcon_core.package_identification:_identify(src/moveit2/moveit_planners/chomp/chomp_optimizer_adapter) by extensions ['ignore', 'ignore_ament_install']
[0.936s] Level 1:colcon.colcon_core.package_identification:_identify(src/moveit2/moveit_planners/chomp/chomp_optimizer_adapter) by extension 'ignore'
[0.936s] Level 1:colcon.colcon_core.package_identification:_identify(src/moveit2/moveit_planners/chomp/chomp_optimizer_adapter) by extension 'ignore_ament_install'
[0.936s] Level 1:colcon.colcon_core.package_identification:_identify(src/moveit2/moveit_planners/chomp/chomp_optimizer_adapter) by extensions ['colcon_pkg']
[0.936s] Level 1:colcon.colcon_core.package_identification:_identify(src/moveit2/moveit_planners/chomp/chomp_optimizer_adapter) by extension 'colcon_pkg'
[0.936s] Level 1:colcon.colcon_core.package_identification:_identify(src/moveit2/moveit_planners/chomp/chomp_optimizer_adapter) by extensions ['colcon_meta']
[0.936s] Level 1:colcon.colcon_core.package_identification:_identify(src/moveit2/moveit_planners/chomp/chomp_optimizer_adapter) by extension 'colcon_meta'
[0.936s] Level 1:colcon.colcon_core.package_identification:_identify(src/moveit2/moveit_planners/chomp/chomp_optimizer_adapter) by extensions ['ros']
[0.936s] Level 1:colcon.colcon_core.package_identification:_identify(src/moveit2/moveit_planners/chomp/chomp_optimizer_adapter) by extension 'ros'
[0.939s] DEBUG:colcon.colcon_core.package_identification:Package 'src/moveit2/moveit_planners/chomp/chomp_optimizer_adapter' with type 'ros.ament_cmake' and name 'moveit_chomp_optimizer_adapter'
[0.940s] Level 1:colcon.colcon_core.package_identification:_identify(src/moveit2/moveit_planners/moveit_planners) by extensions ['ignore', 'ignore_ament_install']
[0.940s] Level 1:colcon.colcon_core.package_identification:_identify(src/moveit2/moveit_planners/moveit_planners) by extension 'ignore'
[0.940s] Level 1:colcon.colcon_core.package_identification:_identify(src/moveit2/moveit_planners/moveit_planners) by extension 'ignore_ament_install'
[0.940s] Level 1:colcon.colcon_core.package_identification:_identify(src/moveit2/moveit_planners/moveit_planners) by extensions ['colcon_pkg']
[0.940s] Level 1:colcon.colcon_core.package_identification:_identify(src/moveit2/moveit_planners/moveit_planners) by extension 'colcon_pkg'
[0.940s] Level 1:colcon.colcon_core.package_identification:_identify(src/moveit2/moveit_planners/moveit_planners) by extensions ['colcon_meta']
[0.940s] Level 1:colcon.colcon_core.package_identification:_identify(src/moveit2/moveit_planners/moveit_planners) by extension 'colcon_meta'
[0.940s] Level 1:colcon.colcon_core.package_identification:_identify(src/moveit2/moveit_planners/moveit_planners) by extensions ['ros']
[0.940s] Level 1:colcon.colcon_core.package_identification:_identify(src/moveit2/moveit_planners/moveit_planners) by extension 'ros'
[0.941s] DEBUG:colcon.colcon_core.package_identification:Package 'src/moveit2/moveit_planners/moveit_planners' with type 'ros.ament_cmake' and name 'moveit_planners'
[0.941s] Level 1:colcon.colcon_core.package_identification:_identify(src/moveit2/moveit_planners/ompl) by extensions ['ignore', 'ignore_ament_install']
[0.941s] Level 1:colcon.colcon_core.package_identification:_identify(src/moveit2/moveit_planners/ompl) by extension 'ignore'
[0.942s] Level 1:colcon.colcon_core.package_identification:_identify(src/moveit2/moveit_planners/ompl) by extension 'ignore_ament_install'
[0.942s] Level 1:colcon.colcon_core.package_identification:_identify(src/moveit2/moveit_planners/ompl) by extensions ['colcon_pkg']
[0.942s] Level 1:colcon.colcon_core.package_identification:_identify(src/moveit2/moveit_planners/ompl) by extension 'colcon_pkg'
[0.942s] Level 1:colcon.colcon_core.package_identification:_identify(src/moveit2/moveit_planners/ompl) by extensions ['colcon_meta']
[0.942s] Level 1:colcon.colcon_core.package_identification:_identify(src/moveit2/moveit_planners/ompl) by extension 'colcon_meta'
[0.942s] Level 1:colcon.colcon_core.package_identification:_identify(src/moveit2/moveit_planners/ompl) by extensions ['ros']
[0.942s] Level 1:colcon.colcon_core.package_identification:_identify(src/moveit2/moveit_planners/ompl) by extension 'ros'
[0.943s] DEBUG:colcon.colcon_core.package_identification:Package 'src/moveit2/moveit_planners/ompl' with type 'ros.ament_cmake' and name 'moveit_planners_ompl'
[0.943s] Level 1:colcon.colcon_core.package_identification:_identify(src/moveit2/moveit_planners/pilz_industrial_motion_planner) by extensions ['ignore', 'ignore_ament_install']
[0.943s] Level 1:colcon.colcon_core.package_identification:_identify(src/moveit2/moveit_planners/pilz_industrial_motion_planner) by extension 'ignore'
[0.943s] Level 1:colcon.colcon_core.package_identification:_identify(src/moveit2/moveit_planners/pilz_industrial_motion_planner) by extension 'ignore_ament_install'
[0.943s] Level 1:colcon.colcon_core.package_identification:_identify(src/moveit2/moveit_planners/pilz_industrial_motion_planner) by extensions ['colcon_pkg']
[0.943s] Level 1:colcon.colcon_core.package_identification:_identify(src/moveit2/moveit_planners/pilz_industrial_motion_planner) by extension 'colcon_pkg'
[0.944s] Level 1:colcon.colcon_core.package_identification:_identify(src/moveit2/moveit_planners/pilz_industrial_motion_planner) by extensions ['colcon_meta']
[0.944s] Level 1:colcon.colcon_core.package_identification:_identify(src/moveit2/moveit_planners/pilz_industrial_motion_planner) by extension 'colcon_meta'
[0.944s] Level 1:colcon.colcon_core.package_identification:_identify(src/moveit2/moveit_planners/pilz_industrial_motion_planner) by extensions ['ros']
[0.944s] Level 1:colcon.colcon_core.package_identification:_identify(src/moveit2/moveit_planners/pilz_industrial_motion_planner) by extension 'ros'
[0.953s] DEBUG:colcon.colcon_core.package_identification:Package 'src/moveit2/moveit_planners/pilz_industrial_motion_planner' with type 'ros.ament_cmake' and name 'pilz_industrial_motion_planner'
[0.953s] Level 1:colcon.colcon_core.package_identification:_identify(src/moveit2/moveit_planners/pilz_industrial_motion_planner_testutils) by extensions ['ignore', 'ignore_ament_install']
[0.953s] Level 1:colcon.colcon_core.package_identification:_identify(src/moveit2/moveit_planners/pilz_industrial_motion_planner_testutils) by extension 'ignore'
[0.953s] Level 1:colcon.colcon_core.package_identification:_identify(src/moveit2/moveit_planners/pilz_industrial_motion_planner_testutils) by extension 'ignore_ament_install'
[0.953s] Level 1:colcon.colcon_core.package_identification:_identify(src/moveit2/moveit_planners/pilz_industrial_motion_planner_testutils) by extensions ['colcon_pkg']
[0.953s] Level 1:colcon.colcon_core.package_identification:_identify(src/moveit2/moveit_planners/pilz_industrial_motion_planner_testutils) by extension 'colcon_pkg'
[0.953s] Level 1:colcon.colcon_core.package_identification:_identify(src/moveit2/moveit_planners/pilz_industrial_motion_planner_testutils) by extensions ['colcon_meta']
[0.953s] Level 1:colcon.colcon_core.package_identification:_identify(src/moveit2/moveit_planners/pilz_industrial_motion_planner_testutils) by extension 'colcon_meta'
[0.953s] Level 1:colcon.colcon_core.package_identification:_identify(src/moveit2/moveit_planners/pilz_industrial_motion_planner_testutils) by extensions ['ros']
[0.953s] Level 1:colcon.colcon_core.package_identification:_identify(src/moveit2/moveit_planners/pilz_industrial_motion_planner_testutils) by extension 'ros'
[0.955s] DEBUG:colcon.colcon_core.package_identification:Package 'src/moveit2/moveit_planners/pilz_industrial_motion_planner_testutils' with type 'ros.ament_cmake' and name 'pilz_industrial_motion_planner_testutils'
[0.955s] Level 1:colcon.colcon_core.package_identification:_identify(src/moveit2/moveit_planners/test_configs) by extensions ['ignore', 'ignore_ament_install']
[0.955s] Level 1:colcon.colcon_core.package_identification:_identify(src/moveit2/moveit_planners/test_configs) by extension 'ignore'
[0.955s] Level 1:colcon.colcon_core.package_identification:_identify(src/moveit2/moveit_planners/test_configs) by extension 'ignore_ament_install'
[0.955s] Level 1:colcon.colcon_core.package_identification:_identify(src/moveit2/moveit_planners/test_configs) by extensions ['colcon_pkg']
[0.955s] Level 1:colcon.colcon_core.package_identification:_identify(src/moveit2/moveit_planners/test_configs) by extension 'colcon_pkg'
[0.955s] Level 1:colcon.colcon_core.package_identification:_identify(src/moveit2/moveit_planners/test_configs) by extensions ['colcon_meta']
[0.955s] Level 1:colcon.colcon_core.package_identification:_identify(src/moveit2/moveit_planners/test_configs) by extension 'colcon_meta'
[0.955s] Level 1:colcon.colcon_core.package_identification:_identify(src/moveit2/moveit_planners/test_configs) by extensions ['ros']
[0.955s] Level 1:colcon.colcon_core.package_identification:_identify(src/moveit2/moveit_planners/test_configs) by extension 'ros'
[0.955s] Level 1:colcon.colcon_core.package_identification:_identify(src/moveit2/moveit_planners/test_configs) by extensions ['cmake', 'python']
[0.955s] Level 1:colcon.colcon_core.package_identification:_identify(src/moveit2/moveit_planners/test_configs) by extension 'cmake'
[0.955s] Level 1:colcon.colcon_core.package_identification:_identify(src/moveit2/moveit_planners/test_configs) by extension 'python'
[0.955s] Level 1:colcon.colcon_core.package_identification:_identify(src/moveit2/moveit_planners/test_configs) by extensions ['python_setup_py']
[0.955s] Level 1:colcon.colcon_core.package_identification:_identify(src/moveit2/moveit_planners/test_configs) by extension 'python_setup_py'
[0.956s] Level 1:colcon.colcon_core.package_identification:_identify(src/moveit2/moveit_planners/test_configs/prbt_ikfast_manipulator_plugin) by extensions ['ignore', 'ignore_ament_install']
[0.956s] Level 1:colcon.colcon_core.package_identification:_identify(src/moveit2/moveit_planners/test_configs/prbt_ikfast_manipulator_plugin) by extension 'ignore'
[0.956s] Level 1:colcon.colcon_core.package_identification:_identify(src/moveit2/moveit_planners/test_configs/prbt_ikfast_manipulator_plugin) by extension 'ignore_ament_install'
[0.956s] Level 1:colcon.colcon_core.package_identification:_identify(src/moveit2/moveit_planners/test_configs/prbt_ikfast_manipulator_plugin) by extensions ['colcon_pkg']
[0.956s] Level 1:colcon.colcon_core.package_identification:_identify(src/moveit2/moveit_planners/test_configs/prbt_ikfast_manipulator_plugin) by extension 'colcon_pkg'
[0.956s] Level 1:colcon.colcon_core.package_identification:_identify(src/moveit2/moveit_planners/test_configs/prbt_ikfast_manipulator_plugin) by extensions ['colcon_meta']
[0.956s] Level 1:colcon.colcon_core.package_identification:_identify(src/moveit2/moveit_planners/test_configs/prbt_ikfast_manipulator_plugin) by extension 'colcon_meta'
[0.956s] Level 1:colcon.colcon_core.package_identification:_identify(src/moveit2/moveit_planners/test_configs/prbt_ikfast_manipulator_plugin) by extensions ['ros']
[0.956s] Level 1:colcon.colcon_core.package_identification:_identify(src/moveit2/moveit_planners/test_configs/prbt_ikfast_manipulator_plugin) by extension 'ros'
[0.957s] DEBUG:colcon.colcon_core.package_identification:Package 'src/moveit2/moveit_planners/test_configs/prbt_ikfast_manipulator_plugin' with type 'ros.ament_cmake' and name 'moveit_resources_prbt_ikfast_manipulator_plugin'
[0.957s] Level 1:colcon.colcon_core.package_identification:_identify(src/moveit2/moveit_planners/test_configs/prbt_moveit_config) by extensions ['ignore', 'ignore_ament_install']
[0.957s] Level 1:colcon.colcon_core.package_identification:_identify(src/moveit2/moveit_planners/test_configs/prbt_moveit_config) by extension 'ignore'
[0.957s] Level 1:colcon.colcon_core.package_identification:_identify(src/moveit2/moveit_planners/test_configs/prbt_moveit_config) by extension 'ignore_ament_install'
[0.957s] Level 1:colcon.colcon_core.package_identification:_identify(src/moveit2/moveit_planners/test_configs/prbt_moveit_config) by extensions ['colcon_pkg']
[0.957s] Level 1:colcon.colcon_core.package_identification:_identify(src/moveit2/moveit_planners/test_configs/prbt_moveit_config) by extension 'colcon_pkg'
[0.957s] Level 1:colcon.colcon_core.package_identification:_identify(src/moveit2/moveit_planners/test_configs/prbt_moveit_config) by extensions ['colcon_meta']
[0.957s] Level 1:colcon.colcon_core.package_identification:_identify(src/moveit2/moveit_planners/test_configs/prbt_moveit_config) by extension 'colcon_meta'
[0.957s] Level 1:colcon.colcon_core.package_identification:_identify(src/moveit2/moveit_planners/test_configs/prbt_moveit_config) by extensions ['ros']
[0.957s] Level 1:colcon.colcon_core.package_identification:_identify(src/moveit2/moveit_planners/test_configs/prbt_moveit_config) by extension 'ros'
[0.959s] DEBUG:colcon.colcon_core.package_identification:Package 'src/moveit2/moveit_planners/test_configs/prbt_moveit_config' with type 'ros.ament_cmake' and name 'moveit_resources_prbt_moveit_config'
[0.959s] Level 1:colcon.colcon_core.package_identification:_identify(src/moveit2/moveit_planners/test_configs/prbt_pg70_support) by extensions ['ignore', 'ignore_ament_install']
[0.959s] Level 1:colcon.colcon_core.package_identification:_identify(src/moveit2/moveit_planners/test_configs/prbt_pg70_support) by extension 'ignore'
[0.959s] Level 1:colcon.colcon_core.package_identification:_identify(src/moveit2/moveit_planners/test_configs/prbt_pg70_support) by extension 'ignore_ament_install'
[0.959s] Level 1:colcon.colcon_core.package_identification:_identify(src/moveit2/moveit_planners/test_configs/prbt_pg70_support) by extensions ['colcon_pkg']
[0.959s] Level 1:colcon.colcon_core.package_identification:_identify(src/moveit2/moveit_planners/test_configs/prbt_pg70_support) by extension 'colcon_pkg'
[0.959s] Level 1:colcon.colcon_core.package_identification:_identify(src/moveit2/moveit_planners/test_configs/prbt_pg70_support) by extensions ['colcon_meta']
[0.959s] Level 1:colcon.colcon_core.package_identification:_identify(src/moveit2/moveit_planners/test_configs/prbt_pg70_support) by extension 'colcon_meta'
[0.959s] Level 1:colcon.colcon_core.package_identification:_identify(src/moveit2/moveit_planners/test_configs/prbt_pg70_support) by extensions ['ros']
[0.959s] Level 1:colcon.colcon_core.package_identification:_identify(src/moveit2/moveit_planners/test_configs/prbt_pg70_support) by extension 'ros'
[0.960s] DEBUG:colcon.colcon_core.package_identification:Package 'src/moveit2/moveit_planners/test_configs/prbt_pg70_support' with type 'ros.ament_cmake' and name 'moveit_resources_prbt_pg70_support'
[0.960s] Level 1:colcon.colcon_core.package_identification:_identify(src/moveit2/moveit_planners/test_configs/prbt_support) by extensions ['ignore', 'ignore_ament_install']
[0.960s] Level 1:colcon.colcon_core.package_identification:_identify(src/moveit2/moveit_planners/test_configs/prbt_support) by extension 'ignore'
[0.960s] Level 1:colcon.colcon_core.package_identification:_identify(src/moveit2/moveit_planners/test_configs/prbt_support) by extension 'ignore_ament_install'
[0.960s] Level 1:colcon.colcon_core.package_identification:_identify(src/moveit2/moveit_planners/test_configs/prbt_support) by extensions ['colcon_pkg']
[0.960s] Level 1:colcon.colcon_core.package_identification:_identify(src/moveit2/moveit_planners/test_configs/prbt_support) by extension 'colcon_pkg'
[0.960s] Level 1:colcon.colcon_core.package_identification:_identify(src/moveit2/moveit_planners/test_configs/prbt_support) by extensions ['colcon_meta']
[0.960s] Level 1:colcon.colcon_core.package_identification:_identify(src/moveit2/moveit_planners/test_configs/prbt_support) by extension 'colcon_meta'
[0.960s] Level 1:colcon.colcon_core.package_identification:_identify(src/moveit2/moveit_planners/test_configs/prbt_support) by extensions ['ros']
[0.960s] Level 1:colcon.colcon_core.package_identification:_identify(src/moveit2/moveit_planners/test_configs/prbt_support) by extension 'ros'
[0.961s] DEBUG:colcon.colcon_core.package_identification:Package 'src/moveit2/moveit_planners/test_configs/prbt_support' with type 'ros.ament_cmake' and name 'moveit_resources_prbt_support'
[0.961s] Level 1:colcon.colcon_core.package_identification:_identify(src/moveit2/moveit_planners/trajopt) by extensions ['ignore', 'ignore_ament_install']
[0.961s] Level 1:colcon.colcon_core.package_identification:_identify(src/moveit2/moveit_planners/trajopt) by extension 'ignore'
[0.962s] Level 1:colcon.colcon_core.package_identification:_identify(src/moveit2/moveit_planners/trajopt) ignored
[0.962s] Level 1:colcon.colcon_core.package_identification:_identify(src/moveit2/moveit_plugins) by extensions ['ignore', 'ignore_ament_install']
[0.962s] Level 1:colcon.colcon_core.package_identification:_identify(src/moveit2/moveit_plugins) by extension 'ignore'
[0.962s] Level 1:colcon.colcon_core.package_identification:_identify(src/moveit2/moveit_plugins) by extension 'ignore_ament_install'
[0.962s] Level 1:colcon.colcon_core.package_identification:_identify(src/moveit2/moveit_plugins) by extensions ['colcon_pkg']
[0.962s] Level 1:colcon.colcon_core.package_identification:_identify(src/moveit2/moveit_plugins) by extension 'colcon_pkg'
[0.962s] Level 1:colcon.colcon_core.package_identification:_identify(src/moveit2/moveit_plugins) by extensions ['colcon_meta']
[0.962s] Level 1:colcon.colcon_core.package_identification:_identify(src/moveit2/moveit_plugins) by extension 'colcon_meta'
[0.962s] Level 1:colcon.colcon_core.package_identification:_identify(src/moveit2/moveit_plugins) by extensions ['ros']
[0.962s] Level 1:colcon.colcon_core.package_identification:_identify(src/moveit2/moveit_plugins) by extension 'ros'
[0.962s] Level 1:colcon.colcon_core.package_identification:_identify(src/moveit2/moveit_plugins) by extensions ['cmake', 'python']
[0.962s] Level 1:colcon.colcon_core.package_identification:_identify(src/moveit2/moveit_plugins) by extension 'cmake'
[0.962s] Level 1:colcon.colcon_core.package_identification:_identify(src/moveit2/moveit_plugins) by extension 'python'
[0.962s] Level 1:colcon.colcon_core.package_identification:_identify(src/moveit2/moveit_plugins) by extensions ['python_setup_py']
[0.962s] Level 1:colcon.colcon_core.package_identification:_identify(src/moveit2/moveit_plugins) by extension 'python_setup_py'
[0.962s] Level 1:colcon.colcon_core.package_identification:_identify(src/moveit2/moveit_plugins/moveit_plugins) by extensions ['ignore', 'ignore_ament_install']
[0.962s] Level 1:colcon.colcon_core.package_identification:_identify(src/moveit2/moveit_plugins/moveit_plugins) by extension 'ignore'
[0.962s] Level 1:colcon.colcon_core.package_identification:_identify(src/moveit2/moveit_plugins/moveit_plugins) by extension 'ignore_ament_install'
[0.962s] Level 1:colcon.colcon_core.package_identification:_identify(src/moveit2/moveit_plugins/moveit_plugins) by extensions ['colcon_pkg']
[0.962s] Level 1:colcon.colcon_core.package_identification:_identify(src/moveit2/moveit_plugins/moveit_plugins) by extension 'colcon_pkg'
[0.962s] Level 1:colcon.colcon_core.package_identification:_identify(src/moveit2/moveit_plugins/moveit_plugins) by extensions ['colcon_meta']
[0.962s] Level 1:colcon.colcon_core.package_identification:_identify(src/moveit2/moveit_plugins/moveit_plugins) by extension 'colcon_meta'
[0.962s] Level 1:colcon.colcon_core.package_identification:_identify(src/moveit2/moveit_plugins/moveit_plugins) by extensions ['ros']
[0.962s] Level 1:colcon.colcon_core.package_identification:_identify(src/moveit2/moveit_plugins/moveit_plugins) by extension 'ros'
[0.963s] DEBUG:colcon.colcon_core.package_identification:Package 'src/moveit2/moveit_plugins/moveit_plugins' with type 'ros.ament_cmake' and name 'moveit_plugins'
[0.963s] Level 1:colcon.colcon_core.package_identification:_identify(src/moveit2/moveit_plugins/moveit_ros_control_interface) by extensions ['ignore', 'ignore_ament_install']
[0.964s] Level 1:colcon.colcon_core.package_identification:_identify(src/moveit2/moveit_plugins/moveit_ros_control_interface) by extension 'ignore'
[0.964s] Level 1:colcon.colcon_core.package_identification:_identify(src/moveit2/moveit_plugins/moveit_ros_control_interface) by extension 'ignore_ament_install'
[0.964s] Level 1:colcon.colcon_core.package_identification:_identify(src/moveit2/moveit_plugins/moveit_ros_control_interface) by extensions ['colcon_pkg']
[0.964s] Level 1:colcon.colcon_core.package_identification:_identify(src/moveit2/moveit_plugins/moveit_ros_control_interface) by extension 'colcon_pkg'
[0.964s] Level 1:colcon.colcon_core.package_identification:_identify(src/moveit2/moveit_plugins/moveit_ros_control_interface) by extensions ['colcon_meta']
[0.964s] Level 1:colcon.colcon_core.package_identification:_identify(src/moveit2/moveit_plugins/moveit_ros_control_interface) by extension 'colcon_meta'
[0.964s] Level 1:colcon.colcon_core.package_identification:_identify(src/moveit2/moveit_plugins/moveit_ros_control_interface) by extensions ['ros']
[0.964s] Level 1:colcon.colcon_core.package_identification:_identify(src/moveit2/moveit_plugins/moveit_ros_control_interface) by extension 'ros'
[0.965s] DEBUG:colcon.colcon_core.package_identification:Package 'src/moveit2/moveit_plugins/moveit_ros_control_interface' with type 'ros.ament_cmake' and name 'moveit_ros_control_interface'
[0.965s] Level 1:colcon.colcon_core.package_identification:_identify(src/moveit2/moveit_plugins/moveit_simple_controller_manager) by extensions ['ignore', 'ignore_ament_install']
[0.965s] Level 1:colcon.colcon_core.package_identification:_identify(src/moveit2/moveit_plugins/moveit_simple_controller_manager) by extension 'ignore'
[0.965s] Level 1:colcon.colcon_core.package_identification:_identify(src/moveit2/moveit_plugins/moveit_simple_controller_manager) by extension 'ignore_ament_install'
[0.965s] Level 1:colcon.colcon_core.package_identification:_identify(src/moveit2/moveit_plugins/moveit_simple_controller_manager) by extensions ['colcon_pkg']
[0.965s] Level 1:colcon.colcon_core.package_identification:_identify(src/moveit2/moveit_plugins/moveit_simple_controller_manager) by extension 'colcon_pkg'
[0.965s] Level 1:colcon.colcon_core.package_identification:_identify(src/moveit2/moveit_plugins/moveit_simple_controller_manager) by extensions ['colcon_meta']
[0.965s] Level 1:colcon.colcon_core.package_identification:_identify(src/moveit2/moveit_plugins/moveit_simple_controller_manager) by extension 'colcon_meta'
[0.965s] Level 1:colcon.colcon_core.package_identification:_identify(src/moveit2/moveit_plugins/moveit_simple_controller_manager) by extensions ['ros']
[0.965s] Level 1:colcon.colcon_core.package_identification:_identify(src/moveit2/moveit_plugins/moveit_simple_controller_manager) by extension 'ros'
[0.966s] DEBUG:colcon.colcon_core.package_identification:Package 'src/moveit2/moveit_plugins/moveit_simple_controller_manager' with type 'ros.ament_cmake' and name 'moveit_simple_controller_manager'
[0.966s] Level 1:colcon.colcon_core.package_identification:_identify(src/moveit2/moveit_py) by extensions ['ignore', 'ignore_ament_install']
[0.967s] Level 1:colcon.colcon_core.package_identification:_identify(src/moveit2/moveit_py) by extension 'ignore'
[0.967s] Level 1:colcon.colcon_core.package_identification:_identify(src/moveit2/moveit_py) by extension 'ignore_ament_install'
[0.967s] Level 1:colcon.colcon_core.package_identification:_identify(src/moveit2/moveit_py) by extensions ['colcon_pkg']
[0.967s] Level 1:colcon.colcon_core.package_identification:_identify(src/moveit2/moveit_py) by extension 'colcon_pkg'
[0.967s] Level 1:colcon.colcon_core.package_identification:_identify(src/moveit2/moveit_py) by extensions ['colcon_meta']
[0.967s] Level 1:colcon.colcon_core.package_identification:_identify(src/moveit2/moveit_py) by extension 'colcon_meta'
[0.967s] Level 1:colcon.colcon_core.package_identification:_identify(src/moveit2/moveit_py) by extensions ['ros']
[0.967s] Level 1:colcon.colcon_core.package_identification:_identify(src/moveit2/moveit_py) by extension 'ros'
[0.968s] DEBUG:colcon.colcon_core.package_identification:Package 'src/moveit2/moveit_py' with type 'ros.ament_cmake' and name 'moveit_py'
[0.968s] Level 1:colcon.colcon_core.package_identification:_identify(src/moveit2/moveit_ros) by extensions ['ignore', 'ignore_ament_install']
[0.968s] Level 1:colcon.colcon_core.package_identification:_identify(src/moveit2/moveit_ros) by extension 'ignore'
[0.968s] Level 1:colcon.colcon_core.package_identification:_identify(src/moveit2/moveit_ros) by extension 'ignore_ament_install'
[0.968s] Level 1:colcon.colcon_core.package_identification:_identify(src/moveit2/moveit_ros) by extensions ['colcon_pkg']
[0.968s] Level 1:colcon.colcon_core.package_identification:_identify(src/moveit2/moveit_ros) by extension 'colcon_pkg'
[0.968s] Level 1:colcon.colcon_core.package_identification:_identify(src/moveit2/moveit_ros) by extensions ['colcon_meta']
[0.968s] Level 1:colcon.colcon_core.package_identification:_identify(src/moveit2/moveit_ros) by extension 'colcon_meta'
[0.968s] Level 1:colcon.colcon_core.package_identification:_identify(src/moveit2/moveit_ros) by extensions ['ros']
[0.968s] Level 1:colcon.colcon_core.package_identification:_identify(src/moveit2/moveit_ros) by extension 'ros'
[0.968s] Level 1:colcon.colcon_core.package_identification:_identify(src/moveit2/moveit_ros) by extensions ['cmake', 'python']
[0.968s] Level 1:colcon.colcon_core.package_identification:_identify(src/moveit2/moveit_ros) by extension 'cmake'
[0.968s] Level 1:colcon.colcon_core.package_identification:_identify(src/moveit2/moveit_ros) by extension 'python'
[0.968s] Level 1:colcon.colcon_core.package_identification:_identify(src/moveit2/moveit_ros) by extensions ['python_setup_py']
[0.969s] Level 1:colcon.colcon_core.package_identification:_identify(src/moveit2/moveit_ros) by extension 'python_setup_py'
[0.969s] Level 1:colcon.colcon_core.package_identification:_identify(src/moveit2/moveit_ros/benchmarks) by extensions ['ignore', 'ignore_ament_install']
[0.969s] Level 1:colcon.colcon_core.package_identification:_identify(src/moveit2/moveit_ros/benchmarks) by extension 'ignore'
[0.969s] Level 1:colcon.colcon_core.package_identification:_identify(src/moveit2/moveit_ros/benchmarks) by extension 'ignore_ament_install'
[0.969s] Level 1:colcon.colcon_core.package_identification:_identify(src/moveit2/moveit_ros/benchmarks) by extensions ['colcon_pkg']
[0.969s] Level 1:colcon.colcon_core.package_identification:_identify(src/moveit2/moveit_ros/benchmarks) by extension 'colcon_pkg'
[0.969s] Level 1:colcon.colcon_core.package_identification:_identify(src/moveit2/moveit_ros/benchmarks) by extensions ['colcon_meta']
[0.969s] Level 1:colcon.colcon_core.package_identification:_identify(src/moveit2/moveit_ros/benchmarks) by extension 'colcon_meta'
[0.969s] Level 1:colcon.colcon_core.package_identification:_identify(src/moveit2/moveit_ros/benchmarks) by extensions ['ros']
[0.969s] Level 1:colcon.colcon_core.package_identification:_identify(src/moveit2/moveit_ros/benchmarks) by extension 'ros'
[0.970s] DEBUG:colcon.colcon_core.package_identification:Package 'src/moveit2/moveit_ros/benchmarks' with type 'ros.ament_cmake' and name 'moveit_ros_benchmarks'
[0.970s] Level 1:colcon.colcon_core.package_identification:_identify(src/moveit2/moveit_ros/hybrid_planning) by extensions ['ignore', 'ignore_ament_install']
[0.970s] Level 1:colcon.colcon_core.package_identification:_identify(src/moveit2/moveit_ros/hybrid_planning) by extension 'ignore'
[0.970s] Level 1:colcon.colcon_core.package_identification:_identify(src/moveit2/moveit_ros/hybrid_planning) by extension 'ignore_ament_install'
[0.970s] Level 1:colcon.colcon_core.package_identification:_identify(src/moveit2/moveit_ros/hybrid_planning) by extensions ['colcon_pkg']
[0.970s] Level 1:colcon.colcon_core.package_identification:_identify(src/moveit2/moveit_ros/hybrid_planning) by extension 'colcon_pkg'
[0.970s] Level 1:colcon.colcon_core.package_identification:_identify(src/moveit2/moveit_ros/hybrid_planning) by extensions ['colcon_meta']
[0.970s] Level 1:colcon.colcon_core.package_identification:_identify(src/moveit2/moveit_ros/hybrid_planning) by extension 'colcon_meta'
[0.970s] Level 1:colcon.colcon_core.package_identification:_identify(src/moveit2/moveit_ros/hybrid_planning) by extensions ['ros']
[0.971s] Level 1:colcon.colcon_core.package_identification:_identify(src/moveit2/moveit_ros/hybrid_planning) by extension 'ros'
[0.972s] DEBUG:colcon.colcon_core.package_identification:Package 'src/moveit2/moveit_ros/hybrid_planning' with type 'ros.ament_cmake' and name 'moveit_hybrid_planning'
[0.972s] Level 1:colcon.colcon_core.package_identification:_identify(src/moveit2/moveit_ros/move_group) by extensions ['ignore', 'ignore_ament_install']
[0.972s] Level 1:colcon.colcon_core.package_identification:_identify(src/moveit2/moveit_ros/move_group) by extension 'ignore'
[0.972s] Level 1:colcon.colcon_core.package_identification:_identify(src/moveit2/moveit_ros/move_group) by extension 'ignore_ament_install'
[0.972s] Level 1:colcon.colcon_core.package_identification:_identify(src/moveit2/moveit_ros/move_group) by extensions ['colcon_pkg']
[0.972s] Level 1:colcon.colcon_core.package_identification:_identify(src/moveit2/moveit_ros/move_group) by extension 'colcon_pkg'
[0.972s] Level 1:colcon.colcon_core.package_identification:_identify(src/moveit2/moveit_ros/move_group) by extensions ['colcon_meta']
[0.973s] Level 1:colcon.colcon_core.package_identification:_identify(src/moveit2/moveit_ros/move_group) by extension 'colcon_meta'
[0.973s] Level 1:colcon.colcon_core.package_identification:_identify(src/moveit2/moveit_ros/move_group) by extensions ['ros']
[0.973s] Level 1:colcon.colcon_core.package_identification:_identify(src/moveit2/moveit_ros/move_group) by extension 'ros'
[0.974s] DEBUG:colcon.colcon_core.package_identification:Package 'src/moveit2/moveit_ros/move_group' with type 'ros.ament_cmake' and name 'moveit_ros_move_group'
[0.975s] Level 1:colcon.colcon_core.package_identification:_identify(src/moveit2/moveit_ros/moveit_ros) by extensions ['ignore', 'ignore_ament_install']
[0.975s] Level 1:colcon.colcon_core.package_identification:_identify(src/moveit2/moveit_ros/moveit_ros) by extension 'ignore'
[0.975s] Level 1:colcon.colcon_core.package_identification:_identify(src/moveit2/moveit_ros/moveit_ros) by extension 'ignore_ament_install'
[0.975s] Level 1:colcon.colcon_core.package_identification:_identify(src/moveit2/moveit_ros/moveit_ros) by extensions ['colcon_pkg']
[0.975s] Level 1:colcon.colcon_core.package_identification:_identify(src/moveit2/moveit_ros/moveit_ros) by extension 'colcon_pkg'
[0.975s] Level 1:colcon.colcon_core.package_identification:_identify(src/moveit2/moveit_ros/moveit_ros) by extensions ['colcon_meta']
[0.975s] Level 1:colcon.colcon_core.package_identification:_identify(src/moveit2/moveit_ros/moveit_ros) by extension 'colcon_meta'
[0.975s] Level 1:colcon.colcon_core.package_identification:_identify(src/moveit2/moveit_ros/moveit_ros) by extensions ['ros']
[0.975s] Level 1:colcon.colcon_core.package_identification:_identify(src/moveit2/moveit_ros/moveit_ros) by extension 'ros'
[0.976s] DEBUG:colcon.colcon_core.package_identification:Package 'src/moveit2/moveit_ros/moveit_ros' with type 'ros.ament_cmake' and name 'moveit_ros'
[0.976s] Level 1:colcon.colcon_core.package_identification:_identify(src/moveit2/moveit_ros/moveit_servo) by extensions ['ignore', 'ignore_ament_install']
[0.976s] Level 1:colcon.colcon_core.package_identification:_identify(src/moveit2/moveit_ros/moveit_servo) by extension 'ignore'
[0.976s] Level 1:colcon.colcon_core.package_identification:_identify(src/moveit2/moveit_ros/moveit_servo) by extension 'ignore_ament_install'
[0.976s] Level 1:colcon.colcon_core.package_identification:_identify(src/moveit2/moveit_ros/moveit_servo) by extensions ['colcon_pkg']
[0.976s] Level 1:colcon.colcon_core.package_identification:_identify(src/moveit2/moveit_ros/moveit_servo) by extension 'colcon_pkg'
[0.976s] Level 1:colcon.colcon_core.package_identification:_identify(src/moveit2/moveit_ros/moveit_servo) by extensions ['colcon_meta']
[0.976s] Level 1:colcon.colcon_core.package_identification:_identify(src/moveit2/moveit_ros/moveit_servo) by extension 'colcon_meta'
[0.976s] Level 1:colcon.colcon_core.package_identification:_identify(src/moveit2/moveit_ros/moveit_servo) by extensions ['ros']
[0.976s] Level 1:colcon.colcon_core.package_identification:_identify(src/moveit2/moveit_ros/moveit_servo) by extension 'ros'
[0.978s] DEBUG:colcon.colcon_core.package_identification:Package 'src/moveit2/moveit_ros/moveit_servo' with type 'ros.ament_cmake' and name 'moveit_servo'
[0.978s] Level 1:colcon.colcon_core.package_identification:_identify(src/moveit2/moveit_ros/occupancy_map_monitor) by extensions ['ignore', 'ignore_ament_install']
[0.978s] Level 1:colcon.colcon_core.package_identification:_identify(src/moveit2/moveit_ros/occupancy_map_monitor) by extension 'ignore'
[0.978s] Level 1:colcon.colcon_core.package_identification:_identify(src/moveit2/moveit_ros/occupancy_map_monitor) by extension 'ignore_ament_install'
[0.978s] Level 1:colcon.colcon_core.package_identification:_identify(src/moveit2/moveit_ros/occupancy_map_monitor) by extensions ['colcon_pkg']
[0.978s] Level 1:colcon.colcon_core.package_identification:_identify(src/moveit2/moveit_ros/occupancy_map_monitor) by extension 'colcon_pkg'
[0.978s] Level 1:colcon.colcon_core.package_identification:_identify(src/moveit2/moveit_ros/occupancy_map_monitor) by extensions ['colcon_meta']
[0.979s] Level 1:colcon.colcon_core.package_identification:_identify(src/moveit2/moveit_ros/occupancy_map_monitor) by extension 'colcon_meta'
[0.979s] Level 1:colcon.colcon_core.package_identification:_identify(src/moveit2/moveit_ros/occupancy_map_monitor) by extensions ['ros']
[0.979s] Level 1:colcon.colcon_core.package_identification:_identify(src/moveit2/moveit_ros/occupancy_map_monitor) by extension 'ros'
[0.980s] DEBUG:colcon.colcon_core.package_identification:Package 'src/moveit2/moveit_ros/occupancy_map_monitor' with type 'ros.ament_cmake' and name 'moveit_ros_occupancy_map_monitor'
[0.980s] Level 1:colcon.colcon_core.package_identification:_identify(src/moveit2/moveit_ros/perception) by extensions ['ignore', 'ignore_ament_install']
[0.980s] Level 1:colcon.colcon_core.package_identification:_identify(src/moveit2/moveit_ros/perception) by extension 'ignore'
[0.980s] Level 1:colcon.colcon_core.package_identification:_identify(src/moveit2/moveit_ros/perception) by extension 'ignore_ament_install'
[0.980s] Level 1:colcon.colcon_core.package_identification:_identify(src/moveit2/moveit_ros/perception) by extensions ['colcon_pkg']
[0.980s] Level 1:colcon.colcon_core.package_identification:_identify(src/moveit2/moveit_ros/perception) by extension 'colcon_pkg'
[0.980s] Level 1:colcon.colcon_core.package_identification:_identify(src/moveit2/moveit_ros/perception) by extensions ['colcon_meta']
[0.981s] Level 1:colcon.colcon_core.package_identification:_identify(src/moveit2/moveit_ros/perception) by extension 'colcon_meta'
[0.981s] Level 1:colcon.colcon_core.package_identification:_identify(src/moveit2/moveit_ros/perception) by extensions ['ros']
[0.981s] Level 1:colcon.colcon_core.package_identification:_identify(src/moveit2/moveit_ros/perception) by extension 'ros'
[0.983s] DEBUG:colcon.colcon_core.package_identification:Package 'src/moveit2/moveit_ros/perception' with type 'ros.ament_cmake' and name 'moveit_ros_perception'
[0.983s] Level 1:colcon.colcon_core.package_identification:_identify(src/moveit2/moveit_ros/planning) by extensions ['ignore', 'ignore_ament_install']
[0.983s] Level 1:colcon.colcon_core.package_identification:_identify(src/moveit2/moveit_ros/planning) by extension 'ignore'
[0.983s] Level 1:colcon.colcon_core.package_identification:_identify(src/moveit2/moveit_ros/planning) by extension 'ignore_ament_install'
[0.983s] Level 1:colcon.colcon_core.package_identification:_identify(src/moveit2/moveit_ros/planning) by extensions ['colcon_pkg']
[0.983s] Level 1:colcon.colcon_core.package_identification:_identify(src/moveit2/moveit_ros/planning) by extension 'colcon_pkg'
[0.983s] Level 1:colcon.colcon_core.package_identification:_identify(src/moveit2/moveit_ros/planning) by extensions ['colcon_meta']
[0.983s] Level 1:colcon.colcon_core.package_identification:_identify(src/moveit2/moveit_ros/planning) by extension 'colcon_meta'
[0.983s] Level 1:colcon.colcon_core.package_identification:_identify(src/moveit2/moveit_ros/planning) by extensions ['ros']
[0.983s] Level 1:colcon.colcon_core.package_identification:_identify(src/moveit2/moveit_ros/planning) by extension 'ros'
[0.985s] DEBUG:colcon.colcon_core.package_identification:Package 'src/moveit2/moveit_ros/planning' with type 'ros.ament_cmake' and name 'moveit_ros_planning'
[0.985s] Level 1:colcon.colcon_core.package_identification:_identify(src/moveit2/moveit_ros/planning_interface) by extensions ['ignore', 'ignore_ament_install']
[0.986s] Level 1:colcon.colcon_core.package_identification:_identify(src/moveit2/moveit_ros/planning_interface) by extension 'ignore'
[0.986s] Level 1:colcon.colcon_core.package_identification:_identify(src/moveit2/moveit_ros/planning_interface) by extension 'ignore_ament_install'
[0.986s] Level 1:colcon.colcon_core.package_identification:_identify(src/moveit2/moveit_ros/planning_interface) by extensions ['colcon_pkg']
[0.986s] Level 1:colcon.colcon_core.package_identification:_identify(src/moveit2/moveit_ros/planning_interface) by extension 'colcon_pkg'
[0.986s] Level 1:colcon.colcon_core.package_identification:_identify(src/moveit2/moveit_ros/planning_interface) by extensions ['colcon_meta']
[0.986s] Level 1:colcon.colcon_core.package_identification:_identify(src/moveit2/moveit_ros/planning_interface) by extension 'colcon_meta'
[0.986s] Level 1:colcon.colcon_core.package_identification:_identify(src/moveit2/moveit_ros/planning_interface) by extensions ['ros']
[0.986s] Level 1:colcon.colcon_core.package_identification:_identify(src/moveit2/moveit_ros/planning_interface) by extension 'ros'
[0.988s] DEBUG:colcon.colcon_core.package_identification:Package 'src/moveit2/moveit_ros/planning_interface' with type 'ros.ament_cmake' and name 'moveit_ros_planning_interface'
[0.988s] Level 1:colcon.colcon_core.package_identification:_identify(src/moveit2/moveit_ros/robot_interaction) by extensions ['ignore', 'ignore_ament_install']
[0.988s] Level 1:colcon.colcon_core.package_identification:_identify(src/moveit2/moveit_ros/robot_interaction) by extension 'ignore'
[0.988s] Level 1:colcon.colcon_core.package_identification:_identify(src/moveit2/moveit_ros/robot_interaction) by extension 'ignore_ament_install'
[0.988s] Level 1:colcon.colcon_core.package_identification:_identify(src/moveit2/moveit_ros/robot_interaction) by extensions ['colcon_pkg']
[0.988s] Level 1:colcon.colcon_core.package_identification:_identify(src/moveit2/moveit_ros/robot_interaction) by extension 'colcon_pkg'
[0.988s] Level 1:colcon.colcon_core.package_identification:_identify(src/moveit2/moveit_ros/robot_interaction) by extensions ['colcon_meta']
[0.988s] Level 1:colcon.colcon_core.package_identification:_identify(src/moveit2/moveit_ros/robot_interaction) by extension 'colcon_meta'
[0.988s] Level 1:colcon.colcon_core.package_identification:_identify(src/moveit2/moveit_ros/robot_interaction) by extensions ['ros']
[0.988s] Level 1:colcon.colcon_core.package_identification:_identify(src/moveit2/moveit_ros/robot_interaction) by extension 'ros'
[0.990s] DEBUG:colcon.colcon_core.package_identification:Package 'src/moveit2/moveit_ros/robot_interaction' with type 'ros.ament_cmake' and name 'moveit_ros_robot_interaction'
[0.990s] Level 1:colcon.colcon_core.package_identification:_identify(src/moveit2/moveit_ros/visualization) by extensions ['ignore', 'ignore_ament_install']
[0.990s] Level 1:colcon.colcon_core.package_identification:_identify(src/moveit2/moveit_ros/visualization) by extension 'ignore'
[0.990s] Level 1:colcon.colcon_core.package_identification:_identify(src/moveit2/moveit_ros/visualization) by extension 'ignore_ament_install'
[0.990s] Level 1:colcon.colcon_core.package_identification:_identify(src/moveit2/moveit_ros/visualization) by extensions ['colcon_pkg']
[0.990s] Level 1:colcon.colcon_core.package_identification:_identify(src/moveit2/moveit_ros/visualization) by extension 'colcon_pkg'
[0.990s] Level 1:colcon.colcon_core.package_identification:_identify(src/moveit2/moveit_ros/visualization) by extensions ['colcon_meta']
[0.990s] Level 1:colcon.colcon_core.package_identification:_identify(src/moveit2/moveit_ros/visualization) by extension 'colcon_meta'
[0.990s] Level 1:colcon.colcon_core.package_identification:_identify(src/moveit2/moveit_ros/visualization) by extensions ['ros']
[0.990s] Level 1:colcon.colcon_core.package_identification:_identify(src/moveit2/moveit_ros/visualization) by extension 'ros'
[0.992s] DEBUG:colcon.colcon_core.package_identification:Package 'src/moveit2/moveit_ros/visualization' with type 'ros.ament_cmake' and name 'moveit_ros_visualization'
[0.992s] Level 1:colcon.colcon_core.package_identification:_identify(src/moveit2/moveit_ros/warehouse) by extensions ['ignore', 'ignore_ament_install']
[0.992s] Level 1:colcon.colcon_core.package_identification:_identify(src/moveit2/moveit_ros/warehouse) by extension 'ignore'
[0.992s] Level 1:colcon.colcon_core.package_identification:_identify(src/moveit2/moveit_ros/warehouse) by extension 'ignore_ament_install'
[0.992s] Level 1:colcon.colcon_core.package_identification:_identify(src/moveit2/moveit_ros/warehouse) by extensions ['colcon_pkg']
[0.992s] Level 1:colcon.colcon_core.package_identification:_identify(src/moveit2/moveit_ros/warehouse) by extension 'colcon_pkg'
[0.992s] Level 1:colcon.colcon_core.package_identification:_identify(src/moveit2/moveit_ros/warehouse) by extensions ['colcon_meta']
[0.992s] Level 1:colcon.colcon_core.package_identification:_identify(src/moveit2/moveit_ros/warehouse) by extension 'colcon_meta'
[0.992s] Level 1:colcon.colcon_core.package_identification:_identify(src/moveit2/moveit_ros/warehouse) by extensions ['ros']
[0.992s] Level 1:colcon.colcon_core.package_identification:_identify(src/moveit2/moveit_ros/warehouse) by extension 'ros'
[0.994s] DEBUG:colcon.colcon_core.package_identification:Package 'src/moveit2/moveit_ros/warehouse' with type 'ros.ament_cmake' and name 'moveit_ros_warehouse'
[0.994s] Level 1:colcon.colcon_core.package_identification:_identify(src/moveit2/moveit_runtime) by extensions ['ignore', 'ignore_ament_install']
[0.994s] Level 1:colcon.colcon_core.package_identification:_identify(src/moveit2/moveit_runtime) by extension 'ignore'
[0.994s] Level 1:colcon.colcon_core.package_identification:_identify(src/moveit2/moveit_runtime) by extension 'ignore_ament_install'
[0.994s] Level 1:colcon.colcon_core.package_identification:_identify(src/moveit2/moveit_runtime) by extensions ['colcon_pkg']
[0.994s] Level 1:colcon.colcon_core.package_identification:_identify(src/moveit2/moveit_runtime) by extension 'colcon_pkg'
[0.994s] Level 1:colcon.colcon_core.package_identification:_identify(src/moveit2/moveit_runtime) by extensions ['colcon_meta']
[0.994s] Level 1:colcon.colcon_core.package_identification:_identify(src/moveit2/moveit_runtime) by extension 'colcon_meta'
[0.994s] Level 1:colcon.colcon_core.package_identification:_identify(src/moveit2/moveit_runtime) by extensions ['ros']
[0.994s] Level 1:colcon.colcon_core.package_identification:_identify(src/moveit2/moveit_runtime) by extension 'ros'
[0.995s] DEBUG:colcon.colcon_core.package_identification:Package 'src/moveit2/moveit_runtime' with type 'ros.ament_cmake' and name 'moveit_runtime'
[0.996s] Level 1:colcon.colcon_core.package_identification:_identify(src/moveit2/moveit_setup_assistant) by extensions ['ignore', 'ignore_ament_install']
[0.996s] Level 1:colcon.colcon_core.package_identification:_identify(src/moveit2/moveit_setup_assistant) by extension 'ignore'
[0.996s] Level 1:colcon.colcon_core.package_identification:_identify(src/moveit2/moveit_setup_assistant) by extension 'ignore_ament_install'
[0.996s] Level 1:colcon.colcon_core.package_identification:_identify(src/moveit2/moveit_setup_assistant) by extensions ['colcon_pkg']
[0.996s] Level 1:colcon.colcon_core.package_identification:_identify(src/moveit2/moveit_setup_assistant) by extension 'colcon_pkg'
[0.996s] Level 1:colcon.colcon_core.package_identification:_identify(src/moveit2/moveit_setup_assistant) by extensions ['colcon_meta']
[0.996s] Level 1:colcon.colcon_core.package_identification:_identify(src/moveit2/moveit_setup_assistant) by extension 'colcon_meta'
[0.996s] Level 1:colcon.colcon_core.package_identification:_identify(src/moveit2/moveit_setup_assistant) by extensions ['ros']
[0.996s] Level 1:colcon.colcon_core.package_identification:_identify(src/moveit2/moveit_setup_assistant) by extension 'ros'
[0.996s] Level 1:colcon.colcon_core.package_identification:_identify(src/moveit2/moveit_setup_assistant) by extensions ['cmake', 'python']
[0.996s] Level 1:colcon.colcon_core.package_identification:_identify(src/moveit2/moveit_setup_assistant) by extension 'cmake'
[0.996s] Level 1:colcon.colcon_core.package_identification:_identify(src/moveit2/moveit_setup_assistant) by extension 'python'
[0.996s] Level 1:colcon.colcon_core.package_identification:_identify(src/moveit2/moveit_setup_assistant) by extensions ['python_setup_py']
[0.996s] Level 1:colcon.colcon_core.package_identification:_identify(src/moveit2/moveit_setup_assistant) by extension 'python_setup_py'
[0.996s] Level 1:colcon.colcon_core.package_identification:_identify(src/moveit2/moveit_setup_assistant/graphics) by extensions ['ignore', 'ignore_ament_install']
[0.996s] Level 1:colcon.colcon_core.package_identification:_identify(src/moveit2/moveit_setup_assistant/graphics) by extension 'ignore'
[0.996s] Level 1:colcon.colcon_core.package_identification:_identify(src/moveit2/moveit_setup_assistant/graphics) by extension 'ignore_ament_install'
[0.996s] Level 1:colcon.colcon_core.package_identification:_identify(src/moveit2/moveit_setup_assistant/graphics) by extensions ['colcon_pkg']
[0.996s] Level 1:colcon.colcon_core.package_identification:_identify(src/moveit2/moveit_setup_assistant/graphics) by extension 'colcon_pkg'
[0.996s] Level 1:colcon.colcon_core.package_identification:_identify(src/moveit2/moveit_setup_assistant/graphics) by extensions ['colcon_meta']
[0.996s] Level 1:colcon.colcon_core.package_identification:_identify(src/moveit2/moveit_setup_assistant/graphics) by extension 'colcon_meta'
[0.996s] Level 1:colcon.colcon_core.package_identification:_identify(src/moveit2/moveit_setup_assistant/graphics) by extensions ['ros']
[0.996s] Level 1:colcon.colcon_core.package_identification:_identify(src/moveit2/moveit_setup_assistant/graphics) by extension 'ros'
[0.996s] Level 1:colcon.colcon_core.package_identification:_identify(src/moveit2/moveit_setup_assistant/graphics) by extensions ['cmake', 'python']
[0.996s] Level 1:colcon.colcon_core.package_identification:_identify(src/moveit2/moveit_setup_assistant/graphics) by extension 'cmake'
[0.996s] Level 1:colcon.colcon_core.package_identification:_identify(src/moveit2/moveit_setup_assistant/graphics) by extension 'python'
[0.996s] Level 1:colcon.colcon_core.package_identification:_identify(src/moveit2/moveit_setup_assistant/graphics) by extensions ['python_setup_py']
[0.996s] Level 1:colcon.colcon_core.package_identification:_identify(src/moveit2/moveit_setup_assistant/graphics) by extension 'python_setup_py'
[0.996s] Level 1:colcon.colcon_core.package_identification:_identify(src/moveit2/moveit_setup_assistant/graphics/source) by extensions ['ignore', 'ignore_ament_install']
[0.997s] Level 1:colcon.colcon_core.package_identification:_identify(src/moveit2/moveit_setup_assistant/graphics/source) by extension 'ignore'
[0.997s] Level 1:colcon.colcon_core.package_identification:_identify(src/moveit2/moveit_setup_assistant/graphics/source) by extension 'ignore_ament_install'
[0.997s] Level 1:colcon.colcon_core.package_identification:_identify(src/moveit2/moveit_setup_assistant/graphics/source) by extensions ['colcon_pkg']
[0.997s] Level 1:colcon.colcon_core.package_identification:_identify(src/moveit2/moveit_setup_assistant/graphics/source) by extension 'colcon_pkg'
[0.997s] Level 1:colcon.colcon_core.package_identification:_identify(src/moveit2/moveit_setup_assistant/graphics/source) by extensions ['colcon_meta']
[0.997s] Level 1:colcon.colcon_core.package_identification:_identify(src/moveit2/moveit_setup_assistant/graphics/source) by extension 'colcon_meta'
[0.997s] Level 1:colcon.colcon_core.package_identification:_identify(src/moveit2/moveit_setup_assistant/graphics/source) by extensions ['ros']
[0.997s] Level 1:colcon.colcon_core.package_identification:_identify(src/moveit2/moveit_setup_assistant/graphics/source) by extension 'ros'
[0.997s] Level 1:colcon.colcon_core.package_identification:_identify(src/moveit2/moveit_setup_assistant/graphics/source) by extensions ['cmake', 'python']
[0.997s] Level 1:colcon.colcon_core.package_identification:_identify(src/moveit2/moveit_setup_assistant/graphics/source) by extension 'cmake'
[0.997s] Level 1:colcon.colcon_core.package_identification:_identify(src/moveit2/moveit_setup_assistant/graphics/source) by extension 'python'
[0.997s] Level 1:colcon.colcon_core.package_identification:_identify(src/moveit2/moveit_setup_assistant/graphics/source) by extensions ['python_setup_py']
[0.997s] Level 1:colcon.colcon_core.package_identification:_identify(src/moveit2/moveit_setup_assistant/graphics/source) by extension 'python_setup_py'
[0.997s] Level 1:colcon.colcon_core.package_identification:_identify(src/moveit2/moveit_setup_assistant/moveit_setup_app_plugins) by extensions ['ignore', 'ignore_ament_install']
[0.997s] Level 1:colcon.colcon_core.package_identification:_identify(src/moveit2/moveit_setup_assistant/moveit_setup_app_plugins) by extension 'ignore'
[0.997s] Level 1:colcon.colcon_core.package_identification:_identify(src/moveit2/moveit_setup_assistant/moveit_setup_app_plugins) by extension 'ignore_ament_install'
[0.997s] Level 1:colcon.colcon_core.package_identification:_identify(src/moveit2/moveit_setup_assistant/moveit_setup_app_plugins) by extensions ['colcon_pkg']
[0.997s] Level 1:colcon.colcon_core.package_identification:_identify(src/moveit2/moveit_setup_assistant/moveit_setup_app_plugins) by extension 'colcon_pkg'
[0.997s] Level 1:colcon.colcon_core.package_identification:_identify(src/moveit2/moveit_setup_assistant/moveit_setup_app_plugins) by extensions ['colcon_meta']
[0.997s] Level 1:colcon.colcon_core.package_identification:_identify(src/moveit2/moveit_setup_assistant/moveit_setup_app_plugins) by extension 'colcon_meta'
[0.997s] Level 1:colcon.colcon_core.package_identification:_identify(src/moveit2/moveit_setup_assistant/moveit_setup_app_plugins) by extensions ['ros']
[0.997s] Level 1:colcon.colcon_core.package_identification:_identify(src/moveit2/moveit_setup_assistant/moveit_setup_app_plugins) by extension 'ros'
[0.999s] DEBUG:colcon.colcon_core.package_identification:Package 'src/moveit2/moveit_setup_assistant/moveit_setup_app_plugins' with type 'ros.ament_cmake' and name 'moveit_setup_app_plugins'
[0.999s] Level 1:colcon.colcon_core.package_identification:_identify(src/moveit2/moveit_setup_assistant/moveit_setup_assistant) by extensions ['ignore', 'ignore_ament_install']
[0.999s] Level 1:colcon.colcon_core.package_identification:_identify(src/moveit2/moveit_setup_assistant/moveit_setup_assistant) by extension 'ignore'
[0.999s] Level 1:colcon.colcon_core.package_identification:_identify(src/moveit2/moveit_setup_assistant/moveit_setup_assistant) by extension 'ignore_ament_install'
[0.999s] Level 1:colcon.colcon_core.package_identification:_identify(src/moveit2/moveit_setup_assistant/moveit_setup_assistant) by extensions ['colcon_pkg']
[0.999s] Level 1:colcon.colcon_core.package_identification:_identify(src/moveit2/moveit_setup_assistant/moveit_setup_assistant) by extension 'colcon_pkg'
[0.999s] Level 1:colcon.colcon_core.package_identification:_identify(src/moveit2/moveit_setup_assistant/moveit_setup_assistant) by extensions ['colcon_meta']
[0.999s] Level 1:colcon.colcon_core.package_identification:_identify(src/moveit2/moveit_setup_assistant/moveit_setup_assistant) by extension 'colcon_meta'
[0.999s] Level 1:colcon.colcon_core.package_identification:_identify(src/moveit2/moveit_setup_assistant/moveit_setup_assistant) by extensions ['ros']
[0.999s] Level 1:colcon.colcon_core.package_identification:_identify(src/moveit2/moveit_setup_assistant/moveit_setup_assistant) by extension 'ros'
[1.000s] DEBUG:colcon.colcon_core.package_identification:Package 'src/moveit2/moveit_setup_assistant/moveit_setup_assistant' with type 'ros.ament_cmake' and name 'moveit_setup_assistant'
[1.000s] Level 1:colcon.colcon_core.package_identification:_identify(src/moveit2/moveit_setup_assistant/moveit_setup_controllers) by extensions ['ignore', 'ignore_ament_install']
[1.001s] Level 1:colcon.colcon_core.package_identification:_identify(src/moveit2/moveit_setup_assistant/moveit_setup_controllers) by extension 'ignore'
[1.001s] Level 1:colcon.colcon_core.package_identification:_identify(src/moveit2/moveit_setup_assistant/moveit_setup_controllers) by extension 'ignore_ament_install'
[1.001s] Level 1:colcon.colcon_core.package_identification:_identify(src/moveit2/moveit_setup_assistant/moveit_setup_controllers) by extensions ['colcon_pkg']
[1.001s] Level 1:colcon.colcon_core.package_identification:_identify(src/moveit2/moveit_setup_assistant/moveit_setup_controllers) by extension 'colcon_pkg'
[1.001s] Level 1:colcon.colcon_core.package_identification:_identify(src/moveit2/moveit_setup_assistant/moveit_setup_controllers) by extensions ['colcon_meta']
[1.001s] Level 1:colcon.colcon_core.package_identification:_identify(src/moveit2/moveit_setup_assistant/moveit_setup_controllers) by extension 'colcon_meta'
[1.001s] Level 1:colcon.colcon_core.package_identification:_identify(src/moveit2/moveit_setup_assistant/moveit_setup_controllers) by extensions ['ros']
[1.001s] Level 1:colcon.colcon_core.package_identification:_identify(src/moveit2/moveit_setup_assistant/moveit_setup_controllers) by extension 'ros'
[1.002s] DEBUG:colcon.colcon_core.package_identification:Package 'src/moveit2/moveit_setup_assistant/moveit_setup_controllers' with type 'ros.ament_cmake' and name 'moveit_setup_controllers'
[1.002s] Level 1:colcon.colcon_core.package_identification:_identify(src/moveit2/moveit_setup_assistant/moveit_setup_core_plugins) by extensions ['ignore', 'ignore_ament_install']
[1.002s] Level 1:colcon.colcon_core.package_identification:_identify(src/moveit2/moveit_setup_assistant/moveit_setup_core_plugins) by extension 'ignore'
[1.002s] Level 1:colcon.colcon_core.package_identification:_identify(src/moveit2/moveit_setup_assistant/moveit_setup_core_plugins) by extension 'ignore_ament_install'
[1.002s] Level 1:colcon.colcon_core.package_identification:_identify(src/moveit2/moveit_setup_assistant/moveit_setup_core_plugins) by extensions ['colcon_pkg']
[1.002s] Level 1:colcon.colcon_core.package_identification:_identify(src/moveit2/moveit_setup_assistant/moveit_setup_core_plugins) by extension 'colcon_pkg'
[1.002s] Level 1:colcon.colcon_core.package_identification:_identify(src/moveit2/moveit_setup_assistant/moveit_setup_core_plugins) by extensions ['colcon_meta']
[1.002s] Level 1:colcon.colcon_core.package_identification:_identify(src/moveit2/moveit_setup_assistant/moveit_setup_core_plugins) by extension 'colcon_meta'
[1.003s] Level 1:colcon.colcon_core.package_identification:_identify(src/moveit2/moveit_setup_assistant/moveit_setup_core_plugins) by extensions ['ros']
[1.003s] Level 1:colcon.colcon_core.package_identification:_identify(src/moveit2/moveit_setup_assistant/moveit_setup_core_plugins) by extension 'ros'
[1.004s] DEBUG:colcon.colcon_core.package_identification:Package 'src/moveit2/moveit_setup_assistant/moveit_setup_core_plugins' with type 'ros.ament_cmake' and name 'moveit_setup_core_plugins'
[1.004s] Level 1:colcon.colcon_core.package_identification:_identify(src/moveit2/moveit_setup_assistant/moveit_setup_framework) by extensions ['ignore', 'ignore_ament_install']
[1.004s] Level 1:colcon.colcon_core.package_identification:_identify(src/moveit2/moveit_setup_assistant/moveit_setup_framework) by extension 'ignore'
[1.004s] Level 1:colcon.colcon_core.package_identification:_identify(src/moveit2/moveit_setup_assistant/moveit_setup_framework) by extension 'ignore_ament_install'
[1.004s] Level 1:colcon.colcon_core.package_identification:_identify(src/moveit2/moveit_setup_assistant/moveit_setup_framework) by extensions ['colcon_pkg']
[1.004s] Level 1:colcon.colcon_core.package_identification:_identify(src/moveit2/moveit_setup_assistant/moveit_setup_framework) by extension 'colcon_pkg'
[1.004s] Level 1:colcon.colcon_core.package_identification:_identify(src/moveit2/moveit_setup_assistant/moveit_setup_framework) by extensions ['colcon_meta']
[1.004s] Level 1:colcon.colcon_core.package_identification:_identify(src/moveit2/moveit_setup_assistant/moveit_setup_framework) by extension 'colcon_meta'
[1.004s] Level 1:colcon.colcon_core.package_identification:_identify(src/moveit2/moveit_setup_assistant/moveit_setup_framework) by extensions ['ros']
[1.004s] Level 1:colcon.colcon_core.package_identification:_identify(src/moveit2/moveit_setup_assistant/moveit_setup_framework) by extension 'ros'
[1.006s] DEBUG:colcon.colcon_core.package_identification:Package 'src/moveit2/moveit_setup_assistant/moveit_setup_framework' with type 'ros.ament_cmake' and name 'moveit_setup_framework'
[1.006s] Level 1:colcon.colcon_core.package_identification:_identify(src/moveit2/moveit_setup_assistant/moveit_setup_simulation) by extensions ['ignore', 'ignore_ament_install']
[1.006s] Level 1:colcon.colcon_core.package_identification:_identify(src/moveit2/moveit_setup_assistant/moveit_setup_simulation) by extension 'ignore'
[1.007s] Level 1:colcon.colcon_core.package_identification:_identify(src/moveit2/moveit_setup_assistant/moveit_setup_simulation) ignored
[1.007s] Level 1:colcon.colcon_core.package_identification:_identify(src/moveit2/moveit_setup_assistant/moveit_setup_srdf_plugins) by extensions ['ignore', 'ignore_ament_install']
[1.007s] Level 1:colcon.colcon_core.package_identification:_identify(src/moveit2/moveit_setup_assistant/moveit_setup_srdf_plugins) by extension 'ignore'
[1.007s] Level 1:colcon.colcon_core.package_identification:_identify(src/moveit2/moveit_setup_assistant/moveit_setup_srdf_plugins) by extension 'ignore_ament_install'
[1.007s] Level 1:colcon.colcon_core.package_identification:_identify(src/moveit2/moveit_setup_assistant/moveit_setup_srdf_plugins) by extensions ['colcon_pkg']
[1.007s] Level 1:colcon.colcon_core.package_identification:_identify(src/moveit2/moveit_setup_assistant/moveit_setup_srdf_plugins) by extension 'colcon_pkg'
[1.007s] Level 1:colcon.colcon_core.package_identification:_identify(src/moveit2/moveit_setup_assistant/moveit_setup_srdf_plugins) by extensions ['colcon_meta']
[1.007s] Level 1:colcon.colcon_core.package_identification:_identify(src/moveit2/moveit_setup_assistant/moveit_setup_srdf_plugins) by extension 'colcon_meta'
[1.007s] Level 1:colcon.colcon_core.package_identification:_identify(src/moveit2/moveit_setup_assistant/moveit_setup_srdf_plugins) by extensions ['ros']
[1.007s] Level 1:colcon.colcon_core.package_identification:_identify(src/moveit2/moveit_setup_assistant/moveit_setup_srdf_plugins) by extension 'ros'
[1.008s] DEBUG:colcon.colcon_core.package_identification:Package 'src/moveit2/moveit_setup_assistant/moveit_setup_srdf_plugins' with type 'ros.ament_cmake' and name 'moveit_setup_srdf_plugins'
[1.008s] Level 1:colcon.colcon_core.package_identification:_identify(src/moveit2/moveit_setup_assistant/unported_templates) by extensions ['ignore', 'ignore_ament_install']
[1.008s] Level 1:colcon.colcon_core.package_identification:_identify(src/moveit2/moveit_setup_assistant/unported_templates) by extension 'ignore'
[1.008s] Level 1:colcon.colcon_core.package_identification:_identify(src/moveit2/moveit_setup_assistant/unported_templates) by extension 'ignore_ament_install'
[1.008s] Level 1:colcon.colcon_core.package_identification:_identify(src/moveit2/moveit_setup_assistant/unported_templates) by extensions ['colcon_pkg']
[1.009s] Level 1:colcon.colcon_core.package_identification:_identify(src/moveit2/moveit_setup_assistant/unported_templates) by extension 'colcon_pkg'
[1.009s] Level 1:colcon.colcon_core.package_identification:_identify(src/moveit2/moveit_setup_assistant/unported_templates) by extensions ['colcon_meta']
[1.009s] Level 1:colcon.colcon_core.package_identification:_identify(src/moveit2/moveit_setup_assistant/unported_templates) by extension 'colcon_meta'
[1.009s] Level 1:colcon.colcon_core.package_identification:_identify(src/moveit2/moveit_setup_assistant/unported_templates) by extensions ['ros']
[1.009s] Level 1:colcon.colcon_core.package_identification:_identify(src/moveit2/moveit_setup_assistant/unported_templates) by extension 'ros'
[1.009s] Level 1:colcon.colcon_core.package_identification:_identify(src/moveit2/moveit_setup_assistant/unported_templates) by extensions ['cmake', 'python']
[1.009s] Level 1:colcon.colcon_core.package_identification:_identify(src/moveit2/moveit_setup_assistant/unported_templates) by extension 'cmake'
[1.009s] Level 1:colcon.colcon_core.package_identification:_identify(src/moveit2/moveit_setup_assistant/unported_templates) by extension 'python'
[1.009s] Level 1:colcon.colcon_core.package_identification:_identify(src/moveit2/moveit_setup_assistant/unported_templates) by extensions ['python_setup_py']
[1.009s] Level 1:colcon.colcon_core.package_identification:_identify(src/moveit2/moveit_setup_assistant/unported_templates) by extension 'python_setup_py'
[1.009s] Level 1:colcon.colcon_core.package_identification:_identify(src/moveit2_tutorials) by extensions ['ignore', 'ignore_ament_install']
[1.009s] Level 1:colcon.colcon_core.package_identification:_identify(src/moveit2_tutorials) by extension 'ignore'
[1.009s] Level 1:colcon.colcon_core.package_identification:_identify(src/moveit2_tutorials) by extension 'ignore_ament_install'
[1.009s] Level 1:colcon.colcon_core.package_identification:_identify(src/moveit2_tutorials) by extensions ['colcon_pkg']
[1.009s] Level 1:colcon.colcon_core.package_identification:_identify(src/moveit2_tutorials) by extension 'colcon_pkg'
[1.010s] Level 1:colcon.colcon_core.package_identification:_identify(src/moveit2_tutorials) by extensions ['colcon_meta']
[1.010s] Level 1:colcon.colcon_core.package_identification:_identify(src/moveit2_tutorials) by extension 'colcon_meta'
[1.010s] Level 1:colcon.colcon_core.package_identification:_identify(src/moveit2_tutorials) by extensions ['ros']
[1.010s] Level 1:colcon.colcon_core.package_identification:_identify(src/moveit2_tutorials) by extension 'ros'
[1.011s] DEBUG:colcon.colcon_core.package_identification:Package 'src/moveit2_tutorials' with type 'ros.ament_cmake' and name 'moveit2_tutorials'
[1.012s] Level 1:colcon.colcon_core.package_identification:_identify(src/moveit_resources) by extensions ['ignore', 'ignore_ament_install']
[1.012s] Level 1:colcon.colcon_core.package_identification:_identify(src/moveit_resources) by extension 'ignore'
[1.012s] Level 1:colcon.colcon_core.package_identification:_identify(src/moveit_resources) by extension 'ignore_ament_install'
[1.012s] Level 1:colcon.colcon_core.package_identification:_identify(src/moveit_resources) by extensions ['colcon_pkg']
[1.012s] Level 1:colcon.colcon_core.package_identification:_identify(src/moveit_resources) by extension 'colcon_pkg'
[1.012s] Level 1:colcon.colcon_core.package_identification:_identify(src/moveit_resources) by extensions ['colcon_meta']
[1.012s] Level 1:colcon.colcon_core.package_identification:_identify(src/moveit_resources) by extension 'colcon_meta'
[1.012s] Level 1:colcon.colcon_core.package_identification:_identify(src/moveit_resources) by extensions ['ros']
[1.012s] Level 1:colcon.colcon_core.package_identification:_identify(src/moveit_resources) by extension 'ros'
[1.012s] Level 1:colcon.colcon_core.package_identification:_identify(src/moveit_resources) by extensions ['cmake', 'python']
[1.012s] Level 1:colcon.colcon_core.package_identification:_identify(src/moveit_resources) by extension 'cmake'
[1.012s] Level 1:colcon.colcon_core.package_identification:_identify(src/moveit_resources) by extension 'python'
[1.012s] Level 1:colcon.colcon_core.package_identification:_identify(src/moveit_resources) by extensions ['python_setup_py']
[1.012s] Level 1:colcon.colcon_core.package_identification:_identify(src/moveit_resources) by extension 'python_setup_py'
[1.013s] Level 1:colcon.colcon_core.package_identification:_identify(src/moveit_resources/fanuc_description) by extensions ['ignore', 'ignore_ament_install']
[1.013s] Level 1:colcon.colcon_core.package_identification:_identify(src/moveit_resources/fanuc_description) by extension 'ignore'
[1.013s] Level 1:colcon.colcon_core.package_identification:_identify(src/moveit_resources/fanuc_description) by extension 'ignore_ament_install'
[1.013s] Level 1:colcon.colcon_core.package_identification:_identify(src/moveit_resources/fanuc_description) by extensions ['colcon_pkg']
[1.013s] Level 1:colcon.colcon_core.package_identification:_identify(src/moveit_resources/fanuc_description) by extension 'colcon_pkg'
[1.013s] Level 1:colcon.colcon_core.package_identification:_identify(src/moveit_resources/fanuc_description) by extensions ['colcon_meta']
[1.013s] Level 1:colcon.colcon_core.package_identification:_identify(src/moveit_resources/fanuc_description) by extension 'colcon_meta'
[1.013s] Level 1:colcon.colcon_core.package_identification:_identify(src/moveit_resources/fanuc_description) by extensions ['ros']
[1.013s] Level 1:colcon.colcon_core.package_identification:_identify(src/moveit_resources/fanuc_description) by extension 'ros'
[1.014s] DEBUG:colcon.colcon_core.package_identification:Package 'src/moveit_resources/fanuc_description' with type 'ros.ament_cmake' and name 'moveit_resources_fanuc_description'
[1.014s] Level 1:colcon.colcon_core.package_identification:_identify(src/moveit_resources/fanuc_moveit_config) by extensions ['ignore', 'ignore_ament_install']
[1.014s] Level 1:colcon.colcon_core.package_identification:_identify(src/moveit_resources/fanuc_moveit_config) by extension 'ignore'
[1.014s] Level 1:colcon.colcon_core.package_identification:_identify(src/moveit_resources/fanuc_moveit_config) by extension 'ignore_ament_install'
[1.015s] Level 1:colcon.colcon_core.package_identification:_identify(src/moveit_resources/fanuc_moveit_config) by extensions ['colcon_pkg']
[1.015s] Level 1:colcon.colcon_core.package_identification:_identify(src/moveit_resources/fanuc_moveit_config) by extension 'colcon_pkg'
[1.015s] Level 1:colcon.colcon_core.package_identification:_identify(src/moveit_resources/fanuc_moveit_config) by extensions ['colcon_meta']
[1.015s] Level 1:colcon.colcon_core.package_identification:_identify(src/moveit_resources/fanuc_moveit_config) by extension 'colcon_meta'
[1.015s] Level 1:colcon.colcon_core.package_identification:_identify(src/moveit_resources/fanuc_moveit_config) by extensions ['ros']
[1.015s] Level 1:colcon.colcon_core.package_identification:_identify(src/moveit_resources/fanuc_moveit_config) by extension 'ros'
[1.015s] DEBUG:colcon.colcon_core.package_identification:Package 'src/moveit_resources/fanuc_moveit_config' with type 'ros.ament_cmake' and name 'moveit_resources_fanuc_moveit_config'
[1.016s] Level 1:colcon.colcon_core.package_identification:_identify(src/moveit_resources/moveit_resources) by extensions ['ignore', 'ignore_ament_install']
[1.016s] Level 1:colcon.colcon_core.package_identification:_identify(src/moveit_resources/moveit_resources) by extension 'ignore'
[1.016s] Level 1:colcon.colcon_core.package_identification:_identify(src/moveit_resources/moveit_resources) by extension 'ignore_ament_install'
[1.016s] Level 1:colcon.colcon_core.package_identification:_identify(src/moveit_resources/moveit_resources) by extensions ['colcon_pkg']
[1.016s] Level 1:colcon.colcon_core.package_identification:_identify(src/moveit_resources/moveit_resources) by extension 'colcon_pkg'
[1.016s] Level 1:colcon.colcon_core.package_identification:_identify(src/moveit_resources/moveit_resources) by extensions ['colcon_meta']
[1.016s] Level 1:colcon.colcon_core.package_identification:_identify(src/moveit_resources/moveit_resources) by extension 'colcon_meta'
[1.016s] Level 1:colcon.colcon_core.package_identification:_identify(src/moveit_resources/moveit_resources) by extensions ['ros']
[1.016s] Level 1:colcon.colcon_core.package_identification:_identify(src/moveit_resources/moveit_resources) by extension 'ros'
[1.017s] DEBUG:colcon.colcon_core.package_identification:Package 'src/moveit_resources/moveit_resources' with type 'ros.ament_cmake' and name 'moveit_resources'
[1.018s] Level 1:colcon.colcon_core.package_identification:_identify(src/moveit_resources/panda_description) by extensions ['ignore', 'ignore_ament_install']
[1.018s] Level 1:colcon.colcon_core.package_identification:_identify(src/moveit_resources/panda_description) by extension 'ignore'
[1.023s] Level 1:colcon.colcon_core.package_identification:_identify(src/moveit_resources/panda_description) by extension 'ignore_ament_install'
[1.023s] Level 1:colcon.colcon_core.package_identification:_identify(src/moveit_resources/panda_description) by extensions ['colcon_pkg']
[1.023s] Level 1:colcon.colcon_core.package_identification:_identify(src/moveit_resources/panda_description) by extension 'colcon_pkg'
[1.023s] Level 1:colcon.colcon_core.package_identification:_identify(src/moveit_resources/panda_description) by extensions ['colcon_meta']
[1.023s] Level 1:colcon.colcon_core.package_identification:_identify(src/moveit_resources/panda_description) by extension 'colcon_meta'
[1.023s] Level 1:colcon.colcon_core.package_identification:_identify(src/moveit_resources/panda_description) by extensions ['ros']
[1.023s] Level 1:colcon.colcon_core.package_identification:_identify(src/moveit_resources/panda_description) by extension 'ros'
[1.025s] DEBUG:colcon.colcon_core.package_identification:Package 'src/moveit_resources/panda_description' with type 'ros.ament_cmake' and name 'moveit_resources_panda_description'
[1.026s] Level 1:colcon.colcon_core.package_identification:_identify(src/moveit_resources/panda_moveit_config) by extensions ['ignore', 'ignore_ament_install']
[1.026s] Level 1:colcon.colcon_core.package_identification:_identify(src/moveit_resources/panda_moveit_config) by extension 'ignore'
[1.026s] Level 1:colcon.colcon_core.package_identification:_identify(src/moveit_resources/panda_moveit_config) by extension 'ignore_ament_install'
[1.026s] Level 1:colcon.colcon_core.package_identification:_identify(src/moveit_resources/panda_moveit_config) by extensions ['colcon_pkg']
[1.026s] Level 1:colcon.colcon_core.package_identification:_identify(src/moveit_resources/panda_moveit_config) by extension 'colcon_pkg'
[1.026s] Level 1:colcon.colcon_core.package_identification:_identify(src/moveit_resources/panda_moveit_config) by extensions ['colcon_meta']
[1.026s] Level 1:colcon.colcon_core.package_identification:_identify(src/moveit_resources/panda_moveit_config) by extension 'colcon_meta'
[1.026s] Level 1:colcon.colcon_core.package_identification:_identify(src/moveit_resources/panda_moveit_config) by extensions ['ros']
[1.026s] Level 1:colcon.colcon_core.package_identification:_identify(src/moveit_resources/panda_moveit_config) by extension 'ros'
[1.027s] DEBUG:colcon.colcon_core.package_identification:Package 'src/moveit_resources/panda_moveit_config' with type 'ros.ament_cmake' and name 'moveit_resources_panda_moveit_config'
[1.028s] Level 1:colcon.colcon_core.package_identification:_identify(src/moveit_resources/pr2_description) by extensions ['ignore', 'ignore_ament_install']
[1.028s] Level 1:colcon.colcon_core.package_identification:_identify(src/moveit_resources/pr2_description) by extension 'ignore'
[1.028s] Level 1:colcon.colcon_core.package_identification:_identify(src/moveit_resources/pr2_description) by extension 'ignore_ament_install'
[1.028s] Level 1:colcon.colcon_core.package_identification:_identify(src/moveit_resources/pr2_description) by extensions ['colcon_pkg']
[1.028s] Level 1:colcon.colcon_core.package_identification:_identify(src/moveit_resources/pr2_description) by extension 'colcon_pkg'
[1.028s] Level 1:colcon.colcon_core.package_identification:_identify(src/moveit_resources/pr2_description) by extensions ['colcon_meta']
[1.028s] Level 1:colcon.colcon_core.package_identification:_identify(src/moveit_resources/pr2_description) by extension 'colcon_meta'
[1.028s] Level 1:colcon.colcon_core.package_identification:_identify(src/moveit_resources/pr2_description) by extensions ['ros']
[1.028s] Level 1:colcon.colcon_core.package_identification:_identify(src/moveit_resources/pr2_description) by extension 'ros'
[1.030s] DEBUG:colcon.colcon_core.package_identification:Package 'src/moveit_resources/pr2_description' with type 'ros.ament_cmake' and name 'moveit_resources_pr2_description'
[1.030s] Level 1:colcon.colcon_core.package_identification:_identify(src/moveit_task_constructor) by extensions ['ignore', 'ignore_ament_install']
[1.031s] Level 1:colcon.colcon_core.package_identification:_identify(src/moveit_task_constructor) by extension 'ignore'
[1.031s] Level 1:colcon.colcon_core.package_identification:_identify(src/moveit_task_constructor) by extension 'ignore_ament_install'
[1.031s] Level 1:colcon.colcon_core.package_identification:_identify(src/moveit_task_constructor) by extensions ['colcon_pkg']
[1.031s] Level 1:colcon.colcon_core.package_identification:_identify(src/moveit_task_constructor) by extension 'colcon_pkg'
[1.031s] Level 1:colcon.colcon_core.package_identification:_identify(src/moveit_task_constructor) by extensions ['colcon_meta']
[1.031s] Level 1:colcon.colcon_core.package_identification:_identify(src/moveit_task_constructor) by extension 'colcon_meta'
[1.031s] Level 1:colcon.colcon_core.package_identification:_identify(src/moveit_task_constructor) by extensions ['ros']
[1.031s] Level 1:colcon.colcon_core.package_identification:_identify(src/moveit_task_constructor) by extension 'ros'
[1.031s] Level 1:colcon.colcon_core.package_identification:_identify(src/moveit_task_constructor) by extensions ['cmake', 'python']
[1.031s] Level 1:colcon.colcon_core.package_identification:_identify(src/moveit_task_constructor) by extension 'cmake'
[1.031s] Level 1:colcon.colcon_core.package_identification:_identify(src/moveit_task_constructor) by extension 'python'
[1.031s] Level 1:colcon.colcon_core.package_identification:_identify(src/moveit_task_constructor) by extensions ['python_setup_py']
[1.031s] Level 1:colcon.colcon_core.package_identification:_identify(src/moveit_task_constructor) by extension 'python_setup_py'
[1.032s] Level 1:colcon.colcon_core.package_identification:_identify(src/moveit_task_constructor/capabilities) by extensions ['ignore', 'ignore_ament_install']
[1.032s] Level 1:colcon.colcon_core.package_identification:_identify(src/moveit_task_constructor/capabilities) by extension 'ignore'
[1.032s] Level 1:colcon.colcon_core.package_identification:_identify(src/moveit_task_constructor/capabilities) by extension 'ignore_ament_install'
[1.032s] Level 1:colcon.colcon_core.package_identification:_identify(src/moveit_task_constructor/capabilities) by extensions ['colcon_pkg']
[1.032s] Level 1:colcon.colcon_core.package_identification:_identify(src/moveit_task_constructor/capabilities) by extension 'colcon_pkg'
[1.032s] Level 1:colcon.colcon_core.package_identification:_identify(src/moveit_task_constructor/capabilities) by extensions ['colcon_meta']
[1.032s] Level 1:colcon.colcon_core.package_identification:_identify(src/moveit_task_constructor/capabilities) by extension 'colcon_meta'
[1.032s] Level 1:colcon.colcon_core.package_identification:_identify(src/moveit_task_constructor/capabilities) by extensions ['ros']
[1.032s] Level 1:colcon.colcon_core.package_identification:_identify(src/moveit_task_constructor/capabilities) by extension 'ros'
[1.035s] DEBUG:colcon.colcon_core.package_identification:Package 'src/moveit_task_constructor/capabilities' with type 'ros.ament_cmake' and name 'moveit_task_constructor_capabilities'
[1.035s] Level 1:colcon.colcon_core.package_identification:_identify(src/moveit_task_constructor/core) by extensions ['ignore', 'ignore_ament_install']
[1.036s] Level 1:colcon.colcon_core.package_identification:_identify(src/moveit_task_constructor/core) by extension 'ignore'
[1.036s] Level 1:colcon.colcon_core.package_identification:_identify(src/moveit_task_constructor/core) by extension 'ignore_ament_install'
[1.036s] Level 1:colcon.colcon_core.package_identification:_identify(src/moveit_task_constructor/core) by extensions ['colcon_pkg']
[1.036s] Level 1:colcon.colcon_core.package_identification:_identify(src/moveit_task_constructor/core) by extension 'colcon_pkg'
[1.036s] Level 1:colcon.colcon_core.package_identification:_identify(src/moveit_task_constructor/core) by extensions ['colcon_meta']
[1.036s] Level 1:colcon.colcon_core.package_identification:_identify(src/moveit_task_constructor/core) by extension 'colcon_meta'
[1.036s] Level 1:colcon.colcon_core.package_identification:_identify(src/moveit_task_constructor/core) by extensions ['ros']
[1.036s] Level 1:colcon.colcon_core.package_identification:_identify(src/moveit_task_constructor/core) by extension 'ros'
[1.038s] DEBUG:colcon.colcon_core.package_identification:Package 'src/moveit_task_constructor/core' with type 'ros.ament_cmake' and name 'moveit_task_constructor_core'
[1.038s] Level 1:colcon.colcon_core.package_identification:_identify(src/moveit_task_constructor/demo) by extensions ['ignore', 'ignore_ament_install']
[1.038s] Level 1:colcon.colcon_core.package_identification:_identify(src/moveit_task_constructor/demo) by extension 'ignore'
[1.039s] Level 1:colcon.colcon_core.package_identification:_identify(src/moveit_task_constructor/demo) by extension 'ignore_ament_install'
[1.039s] Level 1:colcon.colcon_core.package_identification:_identify(src/moveit_task_constructor/demo) by extensions ['colcon_pkg']
[1.039s] Level 1:colcon.colcon_core.package_identification:_identify(src/moveit_task_constructor/demo) by extension 'colcon_pkg'
[1.039s] Level 1:colcon.colcon_core.package_identification:_identify(src/moveit_task_constructor/demo) by extensions ['colcon_meta']
[1.039s] Level 1:colcon.colcon_core.package_identification:_identify(src/moveit_task_constructor/demo) by extension 'colcon_meta'
[1.039s] Level 1:colcon.colcon_core.package_identification:_identify(src/moveit_task_constructor/demo) by extensions ['ros']
[1.039s] Level 1:colcon.colcon_core.package_identification:_identify(src/moveit_task_constructor/demo) by extension 'ros'
[1.040s] DEBUG:colcon.colcon_core.package_identification:Package 'src/moveit_task_constructor/demo' with type 'ros.ament_cmake' and name 'moveit_task_constructor_demo'
[1.040s] Level 1:colcon.colcon_core.package_identification:_identify(src/moveit_task_constructor/msgs) by extensions ['ignore', 'ignore_ament_install']
[1.041s] Level 1:colcon.colcon_core.package_identification:_identify(src/moveit_task_constructor/msgs) by extension 'ignore'
[1.041s] Level 1:colcon.colcon_core.package_identification:_identify(src/moveit_task_constructor/msgs) by extension 'ignore_ament_install'
[1.041s] Level 1:colcon.colcon_core.package_identification:_identify(src/moveit_task_constructor/msgs) by extensions ['colcon_pkg']
[1.041s] Level 1:colcon.colcon_core.package_identification:_identify(src/moveit_task_constructor/msgs) by extension 'colcon_pkg'
[1.041s] Level 1:colcon.colcon_core.package_identification:_identify(src/moveit_task_constructor/msgs) by extensions ['colcon_meta']
[1.041s] Level 1:colcon.colcon_core.package_identification:_identify(src/moveit_task_constructor/msgs) by extension 'colcon_meta'
[1.041s] Level 1:colcon.colcon_core.package_identification:_identify(src/moveit_task_constructor/msgs) by extensions ['ros']
[1.041s] Level 1:colcon.colcon_core.package_identification:_identify(src/moveit_task_constructor/msgs) by extension 'ros'
[1.042s] DEBUG:colcon.colcon_core.package_identification:Package 'src/moveit_task_constructor/msgs' with type 'ros.ament_cmake' and name 'moveit_task_constructor_msgs'
[1.042s] Level 1:colcon.colcon_core.package_identification:_identify(src/moveit_task_constructor/rviz_marker_tools) by extensions ['ignore', 'ignore_ament_install']
[1.042s] Level 1:colcon.colcon_core.package_identification:_identify(src/moveit_task_constructor/rviz_marker_tools) by extension 'ignore'
[1.042s] Level 1:colcon.colcon_core.package_identification:_identify(src/moveit_task_constructor/rviz_marker_tools) by extension 'ignore_ament_install'
[1.042s] Level 1:colcon.colcon_core.package_identification:_identify(src/moveit_task_constructor/rviz_marker_tools) by extensions ['colcon_pkg']
[1.042s] Level 1:colcon.colcon_core.package_identification:_identify(src/moveit_task_constructor/rviz_marker_tools) by extension 'colcon_pkg'
[1.042s] Level 1:colcon.colcon_core.package_identification:_identify(src/moveit_task_constructor/rviz_marker_tools) by extensions ['colcon_meta']
[1.043s] Level 1:colcon.colcon_core.package_identification:_identify(src/moveit_task_constructor/rviz_marker_tools) by extension 'colcon_meta'
[1.043s] Level 1:colcon.colcon_core.package_identification:_identify(src/moveit_task_constructor/rviz_marker_tools) by extensions ['ros']
[1.043s] Level 1:colcon.colcon_core.package_identification:_identify(src/moveit_task_constructor/rviz_marker_tools) by extension 'ros'
[1.044s] DEBUG:colcon.colcon_core.package_identification:Package 'src/moveit_task_constructor/rviz_marker_tools' with type 'ros.ament_cmake' and name 'rviz_marker_tools'
[1.044s] Level 1:colcon.colcon_core.package_identification:_identify(src/moveit_task_constructor/visualization) by extensions ['ignore', 'ignore_ament_install']
[1.044s] Level 1:colcon.colcon_core.package_identification:_identify(src/moveit_task_constructor/visualization) by extension 'ignore'
[1.044s] Level 1:colcon.colcon_core.package_identification:_identify(src/moveit_task_constructor/visualization) by extension 'ignore_ament_install'
[1.044s] Level 1:colcon.colcon_core.package_identification:_identify(src/moveit_task_constructor/visualization) by extensions ['colcon_pkg']
[1.044s] Level 1:colcon.colcon_core.package_identification:_identify(src/moveit_task_constructor/visualization) by extension 'colcon_pkg'
[1.045s] Level 1:colcon.colcon_core.package_identification:_identify(src/moveit_task_constructor/visualization) by extensions ['colcon_meta']
[1.045s] Level 1:colcon.colcon_core.package_identification:_identify(src/moveit_task_constructor/visualization) by extension 'colcon_meta'
[1.045s] Level 1:colcon.colcon_core.package_identification:_identify(src/moveit_task_constructor/visualization) by extensions ['ros']
[1.045s] Level 1:colcon.colcon_core.package_identification:_identify(src/moveit_task_constructor/visualization) by extension 'ros'
[1.046s] DEBUG:colcon.colcon_core.package_identification:Package 'src/moveit_task_constructor/visualization' with type 'ros.ament_cmake' and name 'moveit_task_constructor_visualization'
[1.046s] Level 1:colcon.colcon_core.package_identification:_identify(src/moveit_visual_tools) by extensions ['ignore', 'ignore_ament_install']
[1.046s] Level 1:colcon.colcon_core.package_identification:_identify(src/moveit_visual_tools) by extension 'ignore'
[1.046s] Level 1:colcon.colcon_core.package_identification:_identify(src/moveit_visual_tools) by extension 'ignore_ament_install'
[1.046s] Level 1:colcon.colcon_core.package_identification:_identify(src/moveit_visual_tools) by extensions ['colcon_pkg']
[1.046s] Level 1:colcon.colcon_core.package_identification:_identify(src/moveit_visual_tools) by extension 'colcon_pkg'
[1.046s] Level 1:colcon.colcon_core.package_identification:_identify(src/moveit_visual_tools) by extensions ['colcon_meta']
[1.046s] Level 1:colcon.colcon_core.package_identification:_identify(src/moveit_visual_tools) by extension 'colcon_meta'
[1.046s] Level 1:colcon.colcon_core.package_identification:_identify(src/moveit_visual_tools) by extensions ['ros']
[1.046s] Level 1:colcon.colcon_core.package_identification:_identify(src/moveit_visual_tools) by extension 'ros'
[1.047s] DEBUG:colcon.colcon_core.package_identification:Package 'src/moveit_visual_tools' with type 'ros.ament_cmake' and name 'moveit_visual_tools'
[1.048s] Level 1:colcon.colcon_core.package_identification:_identify(src/rosparam_shortcuts) by extensions ['ignore', 'ignore_ament_install']
[1.048s] Level 1:colcon.colcon_core.package_identification:_identify(src/rosparam_shortcuts) by extension 'ignore'
[1.048s] Level 1:colcon.colcon_core.package_identification:_identify(src/rosparam_shortcuts) by extension 'ignore_ament_install'
[1.048s] Level 1:colcon.colcon_core.package_identification:_identify(src/rosparam_shortcuts) by extensions ['colcon_pkg']
[1.048s] Level 1:colcon.colcon_core.package_identification:_identify(src/rosparam_shortcuts) by extension 'colcon_pkg'
[1.048s] Level 1:colcon.colcon_core.package_identification:_identify(src/rosparam_shortcuts) by extensions ['colcon_meta']
[1.048s] Level 1:colcon.colcon_core.package_identification:_identify(src/rosparam_shortcuts) by extension 'colcon_meta'
[1.048s] Level 1:colcon.colcon_core.package_identification:_identify(src/rosparam_shortcuts) by extensions ['ros']
[1.048s] Level 1:colcon.colcon_core.package_identification:_identify(src/rosparam_shortcuts) by extension 'ros'
[1.049s] DEBUG:colcon.colcon_core.package_identification:Package 'src/rosparam_shortcuts' with type 'ros.ament_cmake' and name 'rosparam_shortcuts'
[1.050s] Level 1:colcon.colcon_core.package_identification:_identify(src/srdfdom) by extensions ['ignore', 'ignore_ament_install']
[1.050s] Level 1:colcon.colcon_core.package_identification:_identify(src/srdfdom) by extension 'ignore'
[1.050s] Level 1:colcon.colcon_core.package_identification:_identify(src/srdfdom) by extension 'ignore_ament_install'
[1.050s] Level 1:colcon.colcon_core.package_identification:_identify(src/srdfdom) by extensions ['colcon_pkg']
[1.050s] Level 1:colcon.colcon_core.package_identification:_identify(src/srdfdom) by extension 'colcon_pkg'
[1.050s] Level 1:colcon.colcon_core.package_identification:_identify(src/srdfdom) by extensions ['colcon_meta']
[1.050s] Level 1:colcon.colcon_core.package_identification:_identify(src/srdfdom) by extension 'colcon_meta'
[1.050s] Level 1:colcon.colcon_core.package_identification:_identify(src/srdfdom) by extensions ['ros']
[1.050s] Level 1:colcon.colcon_core.package_identification:_identify(src/srdfdom) by extension 'ros'
[1.051s] DEBUG:colcon.colcon_core.package_identification:Package 'src/srdfdom' with type 'ros.ament_cmake' and name 'srdfdom'
[1.051s] Level 1:colcon.colcon_core.package_identification:_identify(src/ur3e_motion) by extensions ['ignore', 'ignore_ament_install']
[1.051s] Level 1:colcon.colcon_core.package_identification:_identify(src/ur3e_motion) by extension 'ignore'
[1.051s] Level 1:colcon.colcon_core.package_identification:_identify(src/ur3e_motion) by extension 'ignore_ament_install'
[1.051s] Level 1:colcon.colcon_core.package_identification:_identify(src/ur3e_motion) by extensions ['colcon_pkg']
[1.051s] Level 1:colcon.colcon_core.package_identification:_identify(src/ur3e_motion) by extension 'colcon_pkg'
[1.051s] Level 1:colcon.colcon_core.package_identification:_identify(src/ur3e_motion) by extensions ['colcon_meta']
[1.051s] Level 1:colcon.colcon_core.package_identification:_identify(src/ur3e_motion) by extension 'colcon_meta'
[1.051s] Level 1:colcon.colcon_core.package_identification:_identify(src/ur3e_motion) by extensions ['ros']
[1.051s] Level 1:colcon.colcon_core.package_identification:_identify(src/ur3e_motion) by extension 'ros'
[1.052s] DEBUG:colcon.colcon_core.package_identification:Package 'src/ur3e_motion' with type 'ros.ament_python' and name 'ur3e_motion'
[1.052s] Level 1:colcon.colcon_core.package_discovery:discover_packages(recursive) using defaults
[1.052s] Level 1:colcon.colcon_core.package_discovery:discover_packages(ignore) discover
[1.052s] Level 1:colcon.colcon_core.package_discovery:discover_packages(ignore) using defaults
[1.052s] Level 1:colcon.colcon_core.package_discovery:discover_packages(path) discover
[1.052s] Level 1:colcon.colcon_core.package_discovery:discover_packages(path) using defaults
[1.132s] INFO:colcon.colcon_core.package_selection:Skipping not selected package 'launch_param_builder' in 'src/launch_param_builder'
[1.133s] INFO:colcon.colcon_core.package_selection:Skipping not selected package 'moveit_common' in 'src/moveit2/moveit_common'
[1.133s] INFO:colcon.colcon_core.package_selection:Skipping not selected package 'moveit_resources_fanuc_description' in 'src/moveit_resources/fanuc_description'
[1.133s] INFO:colcon.colcon_core.package_selection:Skipping not selected package 'moveit_resources_panda_description' in 'src/moveit_resources/panda_description'
[1.133s] INFO:colcon.colcon_core.package_selection:Skipping not selected package 'moveit_resources_pr2_description' in 'src/moveit_resources/pr2_description'
[1.133s] INFO:colcon.colcon_core.package_selection:Skipping not selected package 'moveit_resources_prbt_support' in 'src/moveit2/moveit_planners/test_configs/prbt_support'
[1.133s] INFO:colcon.colcon_core.package_selection:Skipping not selected package 'moveit_task_constructor_msgs' in 'src/moveit_task_constructor/msgs'
[1.133s] INFO:colcon.colcon_core.package_selection:Skipping not selected package 'rosparam_shortcuts' in 'src/rosparam_shortcuts'
[1.133s] INFO:colcon.colcon_core.package_selection:Skipping not selected package 'srdfdom' in 'src/srdfdom'
[1.133s] INFO:colcon.colcon_core.package_selection:Skipping not selected package 'moveit_configs_utils' in 'src/moveit2/moveit_configs_utils'
[1.133s] INFO:colcon.colcon_core.package_selection:Skipping not selected package 'moveit_resources_fanuc_moveit_config' in 'src/moveit_resources/fanuc_moveit_config'
[1.133s] INFO:colcon.colcon_core.package_selection:Skipping not selected package 'moveit_resources_panda_moveit_config' in 'src/moveit_resources/panda_moveit_config'
[1.133s] INFO:colcon.colcon_core.package_selection:Skipping not selected package 'rviz_marker_tools' in 'src/moveit_task_constructor/rviz_marker_tools'
[1.133s] INFO:colcon.colcon_core.package_selection:Skipping not selected package 'moveit_core' in 'src/moveit2/moveit_core'
[1.133s] INFO:colcon.colcon_core.package_selection:Skipping not selected package 'moveit_resources' in 'src/moveit_resources/moveit_resources'
[1.133s] INFO:colcon.colcon_core.package_selection:Skipping not selected package 'chomp_motion_planner' in 'src/moveit2/moveit_planners/chomp/chomp_motion_planner'
[1.133s] INFO:colcon.colcon_core.package_selection:Skipping not selected package 'moveit_resources_prbt_ikfast_manipulator_plugin' in 'src/moveit2/moveit_planners/test_configs/prbt_ikfast_manipulator_plugin'
[1.133s] INFO:colcon.colcon_core.package_selection:Skipping not selected package 'moveit_ros_occupancy_map_monitor' in 'src/moveit2/moveit_ros/occupancy_map_monitor'
[1.133s] INFO:colcon.colcon_core.package_selection:Skipping not selected package 'moveit_simple_controller_manager' in 'src/moveit2/moveit_plugins/moveit_simple_controller_manager'
[1.133s] INFO:colcon.colcon_core.package_selection:Skipping not selected package 'pilz_industrial_motion_planner_testutils' in 'src/moveit2/moveit_planners/pilz_industrial_motion_planner_testutils'
[1.133s] INFO:colcon.colcon_core.package_selection:Skipping not selected package 'moveit_chomp_optimizer_adapter' in 'src/moveit2/moveit_planners/chomp/chomp_optimizer_adapter'
[1.133s] INFO:colcon.colcon_core.package_selection:Skipping not selected package 'moveit_planners_chomp' in 'src/moveit2/moveit_planners/chomp/chomp_interface'
[1.133s] INFO:colcon.colcon_core.package_selection:Skipping not selected package 'moveit_plugins' in 'src/moveit2/moveit_plugins/moveit_plugins'
[1.133s] INFO:colcon.colcon_core.package_selection:Skipping not selected package 'moveit_ros_control_interface' in 'src/moveit2/moveit_plugins/moveit_ros_control_interface'
[1.133s] INFO:colcon.colcon_core.package_selection:Skipping not selected package 'moveit_ros_planning' in 'src/moveit2/moveit_ros/planning'
[1.133s] INFO:colcon.colcon_core.package_selection:Skipping not selected package 'moveit_kinematics' in 'src/moveit2/moveit_kinematics'
[1.133s] INFO:colcon.colcon_core.package_selection:Skipping not selected package 'moveit_planners_ompl' in 'src/moveit2/moveit_planners/ompl'
[1.133s] INFO:colcon.colcon_core.package_selection:Skipping not selected package 'moveit_ros_perception' in 'src/moveit2/moveit_ros/perception'
[1.133s] INFO:colcon.colcon_core.package_selection:Skipping not selected package 'moveit_ros_robot_interaction' in 'src/moveit2/moveit_ros/robot_interaction'
[1.133s] INFO:colcon.colcon_core.package_selection:Skipping not selected package 'moveit_ros_warehouse' in 'src/moveit2/moveit_ros/warehouse'
[1.133s] INFO:colcon.colcon_core.package_selection:Skipping not selected package 'moveit_visual_tools' in 'src/moveit_visual_tools'
[1.133s] INFO:colcon.colcon_core.package_selection:Skipping not selected package 'moveit_ros_benchmarks' in 'src/moveit2/moveit_ros/benchmarks'
[1.133s] INFO:colcon.colcon_core.package_selection:Skipping not selected package 'moveit_ros_move_group' in 'src/moveit2/moveit_ros/move_group'
[1.133s] INFO:colcon.colcon_core.package_selection:Skipping not selected package 'moveit_resources_prbt_moveit_config' in 'src/moveit2/moveit_planners/test_configs/prbt_moveit_config'
[1.133s] INFO:colcon.colcon_core.package_selection:Skipping not selected package 'moveit_ros_planning_interface' in 'src/moveit2/moveit_ros/planning_interface'
[1.133s] INFO:colcon.colcon_core.package_selection:Skipping not selected package 'moveit_hybrid_planning' in 'src/moveit2/moveit_ros/hybrid_planning'
[1.133s] INFO:colcon.colcon_core.package_selection:Skipping not selected package 'moveit_py' in 'src/moveit2/moveit_py'
[1.133s] INFO:colcon.colcon_core.package_selection:Skipping not selected package 'moveit_resources_prbt_pg70_support' in 'src/moveit2/moveit_planners/test_configs/prbt_pg70_support'
[1.133s] INFO:colcon.colcon_core.package_selection:Skipping not selected package 'moveit_ros_visualization' in 'src/moveit2/moveit_ros/visualization'
[1.133s] INFO:colcon.colcon_core.package_selection:Skipping not selected package 'moveit_servo' in 'src/moveit2/moveit_ros/moveit_servo'
[1.133s] INFO:colcon.colcon_core.package_selection:Skipping not selected package 'moveit_ros' in 'src/moveit2/moveit_ros/moveit_ros'
[1.133s] INFO:colcon.colcon_core.package_selection:Skipping not selected package 'moveit_setup_framework' in 'src/moveit2/moveit_setup_assistant/moveit_setup_framework'
[1.133s] INFO:colcon.colcon_core.package_selection:Skipping not selected package 'pilz_industrial_motion_planner' in 'src/moveit2/moveit_planners/pilz_industrial_motion_planner'
[1.134s] INFO:colcon.colcon_core.package_selection:Skipping not selected package 'moveit_planners' in 'src/moveit2/moveit_planners/moveit_planners'
[1.134s] INFO:colcon.colcon_core.package_selection:Skipping not selected package 'moveit_setup_app_plugins' in 'src/moveit2/moveit_setup_assistant/moveit_setup_app_plugins'
[1.134s] INFO:colcon.colcon_core.package_selection:Skipping not selected package 'moveit_setup_controllers' in 'src/moveit2/moveit_setup_assistant/moveit_setup_controllers'
[1.134s] INFO:colcon.colcon_core.package_selection:Skipping not selected package 'moveit_setup_core_plugins' in 'src/moveit2/moveit_setup_assistant/moveit_setup_core_plugins'
[1.134s] INFO:colcon.colcon_core.package_selection:Skipping not selected package 'moveit_setup_srdf_plugins' in 'src/moveit2/moveit_setup_assistant/moveit_setup_srdf_plugins'
[1.134s] INFO:colcon.colcon_core.package_selection:Skipping not selected package 'moveit_runtime' in 'src/moveit2/moveit_runtime'
[1.134s] INFO:colcon.colcon_core.package_selection:Skipping not selected package 'moveit_setup_assistant' in 'src/moveit2/moveit_setup_assistant/moveit_setup_assistant'
[1.134s] INFO:colcon.colcon_core.package_selection:Skipping not selected package 'moveit_task_constructor_core' in 'src/moveit_task_constructor/core'
[1.134s] INFO:colcon.colcon_core.package_selection:Skipping not selected package 'moveit' in 'src/moveit2/moveit'
[1.134s] INFO:colcon.colcon_core.package_selection:Skipping not selected package 'moveit_task_constructor_capabilities' in 'src/moveit_task_constructor/capabilities'
[1.134s] INFO:colcon.colcon_core.package_selection:Skipping not selected package 'moveit_task_constructor_visualization' in 'src/moveit_task_constructor/visualization'
[1.134s] INFO:colcon.colcon_core.package_selection:Skipping not selected package 'moveit2_tutorials' in 'src/moveit2_tutorials'
[1.134s] INFO:colcon.colcon_core.package_selection:Skipping not selected package 'moveit_task_constructor_demo' in 'src/moveit_task_constructor/demo'
[1.136s] Level 1:colcon.colcon_core.package_discovery:discover_packages(prefix_path) check parameters
[1.136s] Level 1:colcon.colcon_core.package_discovery:discover_packages(prefix_path) discover
[1.144s] DEBUG:colcon.colcon_installed_package_information.package_discovery:Found 413 installed packages in /opt/ros/humble
[1.146s] Level 1:colcon.colcon_core.package_discovery:discover_packages(prefix_path) using defaults
[1.187s] Level 5:colcon.colcon_core.verb:set package 'ur3e_motion' build argument 'cmake_args' from command line to 'None'
[1.188s] Level 5:colcon.colcon_core.verb:set package 'ur3e_motion' build argument 'cmake_target' from command line to 'None'
[1.188s] Level 5:colcon.colcon_core.verb:set package 'ur3e_motion' build argument 'cmake_target_skip_unavailable' from command line to 'False'
[1.188s] Level 5:colcon.colcon_core.verb:set package 'ur3e_motion' build argument 'cmake_clean_cache' from command line to 'False'
[1.188s] Level 5:colcon.colcon_core.verb:set package 'ur3e_motion' build argument 'cmake_clean_first' from command line to 'False'
[1.188s] Level 5:colcon.colcon_core.verb:set package 'ur3e_motion' build argument 'cmake_force_configure' from command line to 'False'
[1.188s] Level 5:colcon.colcon_core.verb:set package 'ur3e_motion' build argument 'ament_cmake_args' from command line to 'None'
[1.188s] Level 5:colcon.colcon_core.verb:set package 'ur3e_motion' build argument 'catkin_cmake_args' from command line to 'None'
[1.188s] Level 5:colcon.colcon_core.verb:set package 'ur3e_motion' build argument 'catkin_skip_building_tests' from command line to 'False'
[1.188s] DEBUG:colcon.colcon_core.verb:Building package 'ur3e_motion' with the following arguments: {'ament_cmake_args': None, 'build_base': '/home/b/ws_moveit2/build/ur3e_motion', 'catkin_cmake_args': None, 'catkin_skip_building_tests': False, 'cmake_args': None, 'cmake_clean_cache': False, 'cmake_clean_first': False, 'cmake_force_configure': False, 'cmake_target': None, 'cmake_target_skip_unavailable': False, 'install_base': '/home/b/ws_moveit2/install/ur3e_motion', 'merge_install': False, 'path': '/home/b/ws_moveit2/src/ur3e_motion', 'symlink_install': False, 'test_result_base': None}
[1.188s] INFO:colcon.colcon_core.executor:Executing jobs using 'parallel' executor
[1.189s] DEBUG:colcon.colcon_parallel_executor.executor.parallel:run_until_complete
[1.189s] INFO:colcon.colcon_ros.task.ament_python.build:Building ROS package in '/home/b/ws_moveit2/src/ur3e_motion' with build type 'ament_python'
[1.189s] Level 1:colcon.colcon_core.shell:create_environment_hook('ur3e_motion', 'ament_prefix_path')
[1.196s] INFO:colcon.colcon_core.plugin_system:Skipping extension 'colcon_core.shell.bat': Not used on non-Windows systems
[1.196s] INFO:colcon.colcon_core.shell:Creating environment hook '/home/b/ws_moveit2/install/ur3e_motion/share/ur3e_motion/hook/ament_prefix_path.ps1'
[1.198s] INFO:colcon.colcon_core.shell:Creating environment descriptor '/home/b/ws_moveit2/install/ur3e_motion/share/ur3e_motion/hook/ament_prefix_path.dsv'
[1.198s] INFO:colcon.colcon_core.shell:Creating environment hook '/home/b/ws_moveit2/install/ur3e_motion/share/ur3e_motion/hook/ament_prefix_path.sh'
[1.199s] INFO:colcon.colcon_core.shell:Skip shell extension 'powershell' for command environment: Not usable outside of PowerShell
[1.199s] DEBUG:colcon.colcon_core.shell:Skip shell extension 'dsv' for command environment
[2.923s] INFO:colcon.colcon_core.task.python.build:Building Python package in '/home/b/ws_moveit2/src/ur3e_motion'
[2.923s] INFO:colcon.colcon_core.shell:Skip shell extension 'powershell' for command environment: Not usable outside of PowerShell
[2.923s] DEBUG:colcon.colcon_core.shell:Skip shell extension 'dsv' for command environment
[5.432s] DEBUG:colcon.colcon_core.event_handler.log_command:Invoking command in '/home/b/ws_moveit2/src/ur3e_motion': AMENT_PREFIX_PATH=/home/b/ws_moveit2/install/moveit_py:/home/b/ws_moveit2/install/moveit_ros_planning_interface:/home/b/ws_moveit2/install/moveit_ros_move_group:/home/b/ws_moveit2/install/moveit_ros_warehouse:/home/b/ws_moveit2/install/moveit_planners_ompl:/home/b/ws_moveit2/install/moveit_kinematics:/home/b/ws_moveit2/install/moveit_ros_planning:/home/b/ws_moveit2/install/moveit_simple_controller_manager:/home/b/ws_moveit2/install/moveit_ros_occupancy_map_monitor:/home/b/ws_moveit2/install/moveit_core:/home/b/ws_moveit2/install/moveit_resources_panda_moveit_config:/home/b/ws_moveit2/install/moveit_resources_fanuc_moveit_config:/home/b/ws_moveit2/install/moveit_configs_utils:/home/b/ws_moveit2/install/srdfdom:/home/b/ws_moveit2/install/moveit_resources_pr2_description:/home/b/ws_moveit2/install/moveit_resources_panda_description:/home/b/ws_moveit2/install/moveit_resources_fanuc_description:/home/b/ws_moveit2/install/moveit_common:/home/b/ws_moveit2/install/launch_param_builder:${AMENT_PREFIX_PATH} CMAKE_PREFIX_PATH=/home/b/ws_moveit2/install/moveit_py:/home/b/ws_moveit2/install/moveit_ros_planning_interface:/home/b/ws_moveit2/install/moveit_ros_move_group:/home/b/ws_moveit2/install/moveit_ros_warehouse:/home/b/ws_moveit2/install/moveit_planners_ompl:/home/b/ws_moveit2/install/moveit_kinematics:/home/b/ws_moveit2/install/moveit_ros_planning:/home/b/ws_moveit2/install/moveit_simple_controller_manager:/home/b/ws_moveit2/install/moveit_ros_occupancy_map_monitor:/home/b/ws_moveit2/install/moveit_core:/home/b/ws_moveit2/install/moveit_resources_panda_moveit_config:/home/b/ws_moveit2/install/moveit_resources_fanuc_moveit_config:/home/b/ws_moveit2/install/srdfdom:/home/b/ws_moveit2/install/moveit_resources_pr2_description:/home/b/ws_moveit2/install/moveit_resources_panda_description:/home/b/ws_moveit2/install/moveit_resources_fanuc_description:/home/b/ws_moveit2/install/moveit_common LD_LIBRARY_PATH=/home/b/ws_moveit2/install/moveit_py/lib:/home/b/ws_moveit2/install/moveit_ros_planning_interface/lib:/home/b/ws_moveit2/install/moveit_ros_move_group/lib:/home/b/ws_moveit2/install/moveit_ros_warehouse/lib:/home/b/ws_moveit2/install/moveit_planners_ompl/lib:/home/b/ws_moveit2/install/moveit_kinematics/lib:/home/b/ws_moveit2/install/moveit_ros_planning/lib:/home/b/ws_moveit2/install/moveit_simple_controller_manager/lib:/home/b/ws_moveit2/install/moveit_ros_occupancy_map_monitor/lib:/home/b/ws_moveit2/install/moveit_core/lib:/home/b/ws_moveit2/install/srdfdom/lib:${LD_LIBRARY_PATH} PATH=/home/b/ws_moveit2/install/moveit_core/bin:${PATH} PYTHONPATH=/home/b/ws_moveit2/build/ur3e_motion/prefix_override:/usr/lib/python3/dist-packages/colcon_core/task/python/colcon_distutils_commands:/home/b/ws_moveit2/install/ur3e_motion/lib/python3.10/site-packages:/home/b/ws_moveit2/install/moveit_py/local/lib/python3.10/dist-packages:/home/b/ws_moveit2/install/moveit_configs_utils/lib/python3.10/site-packages:/home/b/ws_moveit2/install/srdfdom/local/lib/python3.10/dist-packages:/home/b/ws_moveit2/install/launch_param_builder/lib/python3.10/site-packages:${PYTHONPATH} /usr/bin/python3 -W ignore:setup.py install is deprecated -W ignore:easy_install command is deprecated setup.py egg_info --egg-base ../../build/ur3e_motion build --build-base /home/b/ws_moveit2/build/ur3e_motion/build install --record /home/b/ws_moveit2/build/ur3e_motion/install.log --single-version-externally-managed install_data
[5.706s] DEBUG:colcon.colcon_core.event_handler.log_command:Invoked command in '/home/b/ws_moveit2/src/ur3e_motion' returned '0': AMENT_PREFIX_PATH=/home/b/ws_moveit2/install/moveit_py:/home/b/ws_moveit2/install/moveit_ros_planning_interface:/home/b/ws_moveit2/install/moveit_ros_move_group:/home/b/ws_moveit2/install/moveit_ros_warehouse:/home/b/ws_moveit2/install/moveit_planners_ompl:/home/b/ws_moveit2/install/moveit_kinematics:/home/b/ws_moveit2/install/moveit_ros_planning:/home/b/ws_moveit2/install/moveit_simple_controller_manager:/home/b/ws_moveit2/install/moveit_ros_occupancy_map_monitor:/home/b/ws_moveit2/install/moveit_core:/home/b/ws_moveit2/install/moveit_resources_panda_moveit_config:/home/b/ws_moveit2/install/moveit_resources_fanuc_moveit_config:/home/b/ws_moveit2/install/moveit_configs_utils:/home/b/ws_moveit2/install/srdfdom:/home/b/ws_moveit2/install/moveit_resources_pr2_description:/home/b/ws_moveit2/install/moveit_resources_panda_description:/home/b/ws_moveit2/install/moveit_resources_fanuc_description:/home/b/ws_moveit2/install/moveit_common:/home/b/ws_moveit2/install/launch_param_builder:${AMENT_PREFIX_PATH} CMAKE_PREFIX_PATH=/home/b/ws_moveit2/install/moveit_py:/home/b/ws_moveit2/install/moveit_ros_planning_interface:/home/b/ws_moveit2/install/moveit_ros_move_group:/home/b/ws_moveit2/install/moveit_ros_warehouse:/home/b/ws_moveit2/install/moveit_planners_ompl:/home/b/ws_moveit2/install/moveit_kinematics:/home/b/ws_moveit2/install/moveit_ros_planning:/home/b/ws_moveit2/install/moveit_simple_controller_manager:/home/b/ws_moveit2/install/moveit_ros_occupancy_map_monitor:/home/b/ws_moveit2/install/moveit_core:/home/b/ws_moveit2/install/moveit_resources_panda_moveit_config:/home/b/ws_moveit2/install/moveit_resources_fanuc_moveit_config:/home/b/ws_moveit2/install/srdfdom:/home/b/ws_moveit2/install/moveit_resources_pr2_description:/home/b/ws_moveit2/install/moveit_resources_panda_description:/home/b/ws_moveit2/install/moveit_resources_fanuc_description:/home/b/ws_moveit2/install/moveit_common LD_LIBRARY_PATH=/home/b/ws_moveit2/install/moveit_py/lib:/home/b/ws_moveit2/install/moveit_ros_planning_interface/lib:/home/b/ws_moveit2/install/moveit_ros_move_group/lib:/home/b/ws_moveit2/install/moveit_ros_warehouse/lib:/home/b/ws_moveit2/install/moveit_planners_ompl/lib:/home/b/ws_moveit2/install/moveit_kinematics/lib:/home/b/ws_moveit2/install/moveit_ros_planning/lib:/home/b/ws_moveit2/install/moveit_simple_controller_manager/lib:/home/b/ws_moveit2/install/moveit_ros_occupancy_map_monitor/lib:/home/b/ws_moveit2/install/moveit_core/lib:/home/b/ws_moveit2/install/srdfdom/lib:${LD_LIBRARY_PATH} PATH=/home/b/ws_moveit2/install/moveit_core/bin:${PATH} PYTHONPATH=/home/b/ws_moveit2/build/ur3e_motion/prefix_override:/usr/lib/python3/dist-packages/colcon_core/task/python/colcon_distutils_commands:/home/b/ws_moveit2/install/ur3e_motion/lib/python3.10/site-packages:/home/b/ws_moveit2/install/moveit_py/local/lib/python3.10/dist-packages:/home/b/ws_moveit2/install/moveit_configs_utils/lib/python3.10/site-packages:/home/b/ws_moveit2/install/srdfdom/local/lib/python3.10/dist-packages:/home/b/ws_moveit2/install/launch_param_builder/lib/python3.10/site-packages:${PYTHONPATH} /usr/bin/python3 -W ignore:setup.py install is deprecated -W ignore:easy_install command is deprecated setup.py egg_info --egg-base ../../build/ur3e_motion build --build-base /home/b/ws_moveit2/build/ur3e_motion/build install --record /home/b/ws_moveit2/build/ur3e_motion/install.log --single-version-externally-managed install_data
[5.720s] Level 1:colcon.colcon_core.environment:checking '/home/b/ws_moveit2/install/ur3e_motion' for CMake module files
[5.720s] Level 1:colcon.colcon_core.environment:checking '/home/b/ws_moveit2/install/ur3e_motion' for CMake config files
[5.721s] Level 1:colcon.colcon_core.environment:checking '/home/b/ws_moveit2/install/ur3e_motion/lib'
[5.721s] Level 1:colcon.colcon_core.environment:checking '/home/b/ws_moveit2/install/ur3e_motion/bin'
[5.721s] Level 1:colcon.colcon_core.environment:checking '/home/b/ws_moveit2/install/ur3e_motion/lib/pkgconfig/ur3e_motion.pc'
[5.721s] Level 1:colcon.colcon_core.environment:checking '/home/b/ws_moveit2/install/ur3e_motion/lib/python3.10/site-packages'
[5.721s] Level 1:colcon.colcon_core.shell:create_environment_hook('ur3e_motion', 'pythonpath')
[5.721s] INFO:colcon.colcon_core.shell:Creating environment hook '/home/b/ws_moveit2/install/ur3e_motion/share/ur3e_motion/hook/pythonpath.ps1'
[5.722s] INFO:colcon.colcon_core.shell:Creating environment descriptor '/home/b/ws_moveit2/install/ur3e_motion/share/ur3e_motion/hook/pythonpath.dsv'
[5.722s] INFO:colcon.colcon_core.shell:Creating environment hook '/home/b/ws_moveit2/install/ur3e_motion/share/ur3e_motion/hook/pythonpath.sh'
[5.723s] Level 1:colcon.colcon_core.environment:checking '/home/b/ws_moveit2/install/ur3e_motion/bin'
[5.723s] Level 1:colcon.colcon_core.environment:create_environment_scripts_only(ur3e_motion)
[5.723s] INFO:colcon.colcon_core.shell:Creating package script '/home/b/ws_moveit2/install/ur3e_motion/share/ur3e_motion/package.ps1'
[5.724s] INFO:colcon.colcon_core.shell:Creating package descriptor '/home/b/ws_moveit2/install/ur3e_motion/share/ur3e_motion/package.dsv'
[5.725s] INFO:colcon.colcon_core.shell:Creating package script '/home/b/ws_moveit2/install/ur3e_motion/share/ur3e_motion/package.sh'
[5.726s] INFO:colcon.colcon_core.shell:Creating package script '/home/b/ws_moveit2/install/ur3e_motion/share/ur3e_motion/package.bash'
[5.728s] INFO:colcon.colcon_core.shell:Creating package script '/home/b/ws_moveit2/install/ur3e_motion/share/ur3e_motion/package.zsh'
[5.729s] Level 1:colcon.colcon_core.environment:create_file_with_runtime_dependencies(/home/b/ws_moveit2/install/ur3e_motion/share/colcon-core/packages/ur3e_motion)
[5.731s] DEBUG:colcon.colcon_parallel_executor.executor.parallel:closing loop
[5.731s] DEBUG:colcon.colcon_parallel_executor.executor.parallel:loop closed
[5.731s] DEBUG:colcon.colcon_parallel_executor.executor.parallel:run_until_complete finished with '0'
[5.731s] DEBUG:colcon.colcon_core.event_reactor:joining thread
[5.809s] INFO:colcon.colcon_core.plugin_system:Skipping extension 'colcon_notification.desktop_notification.notify_send': Could not find 'notify-send'
[5.809s] INFO:colcon.colcon_core.plugin_system:Skipping extension 'colcon_notification.desktop_notification.terminal_notifier': Not used on non-Darwin systems
[5.810s] INFO:colcon.colcon_core.plugin_system:Skipping extension 'colcon_notification.desktop_notification.win32': Not used on non-Windows systems
[5.810s] INFO:colcon.colcon_notification.desktop_notification:Sending desktop notification using 'notify2'
[5.844s] DEBUG:colcon.colcon_notification.desktop_notification.notify2:Failed to initialize notify2: org.freedesktop.DBus.Error.ServiceUnknown: The name org.freedesktop.Notifications was not provided by any .service files
[5.844s] DEBUG:colcon.colcon_core.event_reactor:joined thread
[5.845s] INFO:colcon.colcon_core.shell:Creating prefix script '/home/b/ws_moveit2/install/local_setup.ps1'
[5.847s] INFO:colcon.colcon_core.shell:Creating prefix util module '/home/b/ws_moveit2/install/_local_setup_util_ps1.py'
[5.848s] INFO:colcon.colcon_core.shell:Creating prefix chain script '/home/b/ws_moveit2/install/setup.ps1'
[5.850s] INFO:colcon.colcon_core.shell:Creating prefix script '/home/b/ws_moveit2/install/local_setup.sh'
[5.851s] INFO:colcon.colcon_core.shell:Creating prefix util module '/home/b/ws_moveit2/install/_local_setup_util_sh.py'
[5.851s] INFO:colcon.colcon_core.shell:Creating prefix chain script '/home/b/ws_moveit2/install/setup.sh'
[5.852s] INFO:colcon.colcon_core.shell:Creating prefix script '/home/b/ws_moveit2/install/local_setup.bash'
[5.853s] INFO:colcon.colcon_core.shell:Creating prefix chain script '/home/b/ws_moveit2/install/setup.bash'
[5.855s] INFO:colcon.colcon_core.shell:Creating prefix script '/home/b/ws_moveit2/install/local_setup.zsh'
[5.856s] INFO:colcon.colcon_core.shell:Creating prefix chain script '/home/b/ws_moveit2/install/setup.zsh'
