[1.124s] DEBUG:colcon:Command line arguments: ['/usr/bin/colcon', 'build', '--packages-select', 'ur3e_motion_cpp']
[1.124s] DEBUG:colcon:Parsed command line arguments: Namespace(log_base=None, log_level=None, verb_name='build', build_base='build', install_base='install', merge_install=False, symlink_install=False, test_result_base=None, continue_on_error=False, executor='parallel', parallel_workers=12, event_handlers=None, ignore_user_meta=False, metas=['./colcon.meta'], base_paths=['.'], packages_ignore=None, packages_ignore_regex=None, paths=None, packages_up_to=None, packages_up_to_regex=None, packages_above=None, packages_above_and_dependencies=None, packages_above_depth=None, packages_select_by_dep=None, packages_skip_by_dep=None, packages_skip_up_to=None, packages_select_build_failed=False, packages_skip_build_finished=False, packages_select_test_failures=False, packages_skip_test_passed=False, packages_select=['ur3e_motion_cpp'], packages_skip=None, packages_select_regex=None, packages_skip_regex=None, packages_start=None, packages_end=None, allow_overriding=[], cmake_args=None, cmake_target=None, cmake_target_skip_unavailable=False, cmake_clean_cache=False, cmake_clean_first=False, cmake_force_configure=False, ament_cmake_args=None, catkin_cmake_args=None, catkin_skip_building_tests=False, mixin_files=None, mixin=None, verb_parser=<colcon_mixin.mixin.mixin_argument.MixinArgumentDecorator object at 0x7efa8cb70a00>, verb_extension=<colcon_core.verb.build.BuildVerb object at 0x7efa8cb703a0>, main=<bound method BuildVerb.main of <colcon_core.verb.build.BuildVerb object at 0x7efa8cb703a0>>, mixin_verb=('build',))
[2.051s] Level 1:colcon.colcon_core.package_discovery:discover_packages(colcon_meta) check parameters
[2.051s] Level 1:colcon.colcon_core.package_discovery:discover_packages(recursive) check parameters
[2.051s] Level 1:colcon.colcon_core.package_discovery:discover_packages(ignore) check parameters
[2.051s] Level 1:colcon.colcon_core.package_discovery:discover_packages(path) check parameters
[2.051s] Level 1:colcon.colcon_core.package_discovery:discover_packages(colcon_meta) discover
[2.051s] Level 1:colcon.colcon_core.package_discovery:discover_packages(recursive) discover
[2.051s] INFO:colcon.colcon_core.package_discovery:Crawling recursively for packages in '/home/b/ws_moveit2'
[2.051s] Level 1:colcon.colcon_core.package_identification:_identify(.) by extensions ['ignore', 'ignore_ament_install']
[2.052s] Level 1:colcon.colcon_core.package_identification:_identify(.) by extension 'ignore'
[2.052s] Level 1:colcon.colcon_core.package_identification:_identify(.) by extension 'ignore_ament_install'
[2.052s] Level 1:colcon.colcon_core.package_identification:_identify(.) by extensions ['colcon_pkg']
[2.052s] Level 1:colcon.colcon_core.package_identification:_identify(.) by extension 'colcon_pkg'
[2.052s] Level 1:colcon.colcon_core.package_identification:_identify(.) by extensions ['colcon_meta']
[2.052s] Level 1:colcon.colcon_core.package_identification:_identify(.) by extension 'colcon_meta'
[2.052s] Level 1:colcon.colcon_core.package_identification:_identify(.) by extensions ['ros']
[2.052s] Level 1:colcon.colcon_core.package_identification:_identify(.) by extension 'ros'
[2.094s] Level 1:colcon.colcon_core.package_identification:_identify(.) by extensions ['cmake', 'python']
[2.094s] Level 1:colcon.colcon_core.package_identification:_identify(.) by extension 'cmake'
[2.094s] Level 1:colcon.colcon_core.package_identification:_identify(.) by extension 'python'
[2.095s] Level 1:colcon.colcon_core.package_identification:_identify(.) by extensions ['python_setup_py']
[2.095s] Level 1:colcon.colcon_core.package_identification:_identify(.) by extension 'python_setup_py'
[2.095s] Level 1:colcon.colcon_core.package_identification:_identify(build) by extensions ['ignore', 'ignore_ament_install']
[2.096s] Level 1:colcon.colcon_core.package_identification:_identify(build) by extension 'ignore'
[2.096s] Level 1:colcon.colcon_core.package_identification:_identify(build) ignored
[2.096s] Level 1:colcon.colcon_core.package_identification:_identify(install) by extensions ['ignore', 'ignore_ament_install']
[2.097s] Level 1:colcon.colcon_core.package_identification:_identify(install) by extension 'ignore'
[2.097s] Level 1:colcon.colcon_core.package_identification:_identify(install) ignored
[2.097s] Level 1:colcon.colcon_core.package_identification:_identify(log) by extensions ['ignore', 'ignore_ament_install']
[2.097s] Level 1:colcon.colcon_core.package_identification:_identify(log) by extension 'ignore'
[2.097s] Level 1:colcon.colcon_core.package_identification:_identify(log) ignored
[2.098s] Level 1:colcon.colcon_core.package_identification:_identify(src) by extensions ['ignore', 'ignore_ament_install']
[2.099s] Level 1:colcon.colcon_core.package_identification:_identify(src) by extension 'ignore'
[2.100s] Level 1:colcon.colcon_core.package_identification:_identify(src) by extension 'ignore_ament_install'
[2.100s] Level 1:colcon.colcon_core.package_identification:_identify(src) by extensions ['colcon_pkg']
[2.100s] Level 1:colcon.colcon_core.package_identification:_identify(src) by extension 'colcon_pkg'
[2.100s] Level 1:colcon.colcon_core.package_identification:_identify(src) by extensions ['colcon_meta']
[2.100s] Level 1:colcon.colcon_core.package_identification:_identify(src) by extension 'colcon_meta'
[2.100s] Level 1:colcon.colcon_core.package_identification:_identify(src) by extensions ['ros']
[2.100s] Level 1:colcon.colcon_core.package_identification:_identify(src) by extension 'ros'
[2.100s] Level 1:colcon.colcon_core.package_identification:_identify(src) by extensions ['cmake', 'python']
[2.100s] Level 1:colcon.colcon_core.package_identification:_identify(src) by extension 'cmake'
[2.100s] Level 1:colcon.colcon_core.package_identification:_identify(src) by extension 'python'
[2.100s] Level 1:colcon.colcon_core.package_identification:_identify(src) by extensions ['python_setup_py']
[2.100s] Level 1:colcon.colcon_core.package_identification:_identify(src) by extension 'python_setup_py'
[2.101s] Level 1:colcon.colcon_core.package_identification:_identify(src/launch_param_builder) by extensions ['ignore', 'ignore_ament_install']
[2.101s] Level 1:colcon.colcon_core.package_identification:_identify(src/launch_param_builder) by extension 'ignore'
[2.102s] Level 1:colcon.colcon_core.package_identification:_identify(src/launch_param_builder) by extension 'ignore_ament_install'
[2.102s] Level 1:colcon.colcon_core.package_identification:_identify(src/launch_param_builder) by extensions ['colcon_pkg']
[2.102s] Level 1:colcon.colcon_core.package_identification:_identify(src/launch_param_builder) by extension 'colcon_pkg'
[2.102s] Level 1:colcon.colcon_core.package_identification:_identify(src/launch_param_builder) by extensions ['colcon_meta']
[2.102s] Level 1:colcon.colcon_core.package_identification:_identify(src/launch_param_builder) by extension 'colcon_meta'
[2.102s] Level 1:colcon.colcon_core.package_identification:_identify(src/launch_param_builder) by extensions ['ros']
[2.102s] Level 1:colcon.colcon_core.package_identification:_identify(src/launch_param_builder) by extension 'ros'
[2.111s] DEBUG:colcon.colcon_core.package_identification:Package 'src/launch_param_builder' with type 'ros.ament_python' and name 'launch_param_builder'
[2.112s] Level 1:colcon.colcon_core.package_identification:_identify(src/moveit2) by extensions ['ignore', 'ignore_ament_install']
[2.113s] Level 1:colcon.colcon_core.package_identification:_identify(src/moveit2) by extension 'ignore'
[2.113s] Level 1:colcon.colcon_core.package_identification:_identify(src/moveit2) by extension 'ignore_ament_install'
[2.113s] Level 1:colcon.colcon_core.package_identification:_identify(src/moveit2) by extensions ['colcon_pkg']
[2.113s] Level 1:colcon.colcon_core.package_identification:_identify(src/moveit2) by extension 'colcon_pkg'
[2.113s] Level 1:colcon.colcon_core.package_identification:_identify(src/moveit2) by extensions ['colcon_meta']
[2.114s] Level 1:colcon.colcon_core.package_identification:_identify(src/moveit2) by extension 'colcon_meta'
[2.114s] Level 1:colcon.colcon_core.package_identification:_identify(src/moveit2) by extensions ['ros']
[2.114s] Level 1:colcon.colcon_core.package_identification:_identify(src/moveit2) by extension 'ros'
[2.114s] Level 1:colcon.colcon_core.package_identification:_identify(src/moveit2) by extensions ['cmake', 'python']
[2.114s] Level 1:colcon.colcon_core.package_identification:_identify(src/moveit2) by extension 'cmake'
[2.114s] Level 1:colcon.colcon_core.package_identification:_identify(src/moveit2) by extension 'python'
[2.114s] Level 1:colcon.colcon_core.package_identification:_identify(src/moveit2) by extensions ['python_setup_py']
[2.114s] Level 1:colcon.colcon_core.package_identification:_identify(src/moveit2) by extension 'python_setup_py'
[2.115s] Level 1:colcon.colcon_core.package_identification:_identify(src/moveit2/doc) by extensions ['ignore', 'ignore_ament_install']
[2.115s] Level 1:colcon.colcon_core.package_identification:_identify(src/moveit2/doc) by extension 'ignore'
[2.116s] Level 1:colcon.colcon_core.package_identification:_identify(src/moveit2/doc) by extension 'ignore_ament_install'
[2.116s] Level 1:colcon.colcon_core.package_identification:_identify(src/moveit2/doc) by extensions ['colcon_pkg']
[2.116s] Level 1:colcon.colcon_core.package_identification:_identify(src/moveit2/doc) by extension 'colcon_pkg'
[2.116s] Level 1:colcon.colcon_core.package_identification:_identify(src/moveit2/doc) by extensions ['colcon_meta']
[2.116s] Level 1:colcon.colcon_core.package_identification:_identify(src/moveit2/doc) by extension 'colcon_meta'
[2.116s] Level 1:colcon.colcon_core.package_identification:_identify(src/moveit2/doc) by extensions ['ros']
[2.117s] Level 1:colcon.colcon_core.package_identification:_identify(src/moveit2/doc) by extension 'ros'
[2.117s] Level 1:colcon.colcon_core.package_identification:_identify(src/moveit2/doc) by extensions ['cmake', 'python']
[2.117s] Level 1:colcon.colcon_core.package_identification:_identify(src/moveit2/doc) by extension 'cmake'
[2.117s] Level 1:colcon.colcon_core.package_identification:_identify(src/moveit2/doc) by extension 'python'
[2.117s] Level 1:colcon.colcon_core.package_identification:_identify(src/moveit2/doc) by extensions ['python_setup_py']
[2.117s] Level 1:colcon.colcon_core.package_identification:_identify(src/moveit2/doc) by extension 'python_setup_py'
[2.118s] Level 1:colcon.colcon_core.package_identification:_identify(src/moveit2/moveit) by extensions ['ignore', 'ignore_ament_install']
[2.118s] Level 1:colcon.colcon_core.package_identification:_identify(src/moveit2/moveit) by extension 'ignore'
[2.119s] Level 1:colcon.colcon_core.package_identification:_identify(src/moveit2/moveit) by extension 'ignore_ament_install'
[2.119s] Level 1:colcon.colcon_core.package_identification:_identify(src/moveit2/moveit) by extensions ['colcon_pkg']
[2.119s] Level 1:colcon.colcon_core.package_identification:_identify(src/moveit2/moveit) by extension 'colcon_pkg'
[2.119s] Level 1:colcon.colcon_core.package_identification:_identify(src/moveit2/moveit) by extensions ['colcon_meta']
[2.120s] Level 1:colcon.colcon_core.package_identification:_identify(src/moveit2/moveit) by extension 'colcon_meta'
[2.120s] Level 1:colcon.colcon_core.package_identification:_identify(src/moveit2/moveit) by extensions ['ros']
[2.120s] Level 1:colcon.colcon_core.package_identification:_identify(src/moveit2/moveit) by extension 'ros'
[2.123s] DEBUG:colcon.colcon_core.package_identification:Package 'src/moveit2/moveit' with type 'ros.ament_cmake' and name 'moveit'
[2.124s] Level 1:colcon.colcon_core.package_identification:_identify(src/moveit2/moveit_common) by extensions ['ignore', 'ignore_ament_install']
[2.124s] Level 1:colcon.colcon_core.package_identification:_identify(src/moveit2/moveit_common) by extension 'ignore'
[2.124s] Level 1:colcon.colcon_core.package_identification:_identify(src/moveit2/moveit_common) by extension 'ignore_ament_install'
[2.124s] Level 1:colcon.colcon_core.package_identification:_identify(src/moveit2/moveit_common) by extensions ['colcon_pkg']
[2.124s] Level 1:colcon.colcon_core.package_identification:_identify(src/moveit2/moveit_common) by extension 'colcon_pkg'
[2.125s] Level 1:colcon.colcon_core.package_identification:_identify(src/moveit2/moveit_common) by extensions ['colcon_meta']
[2.125s] Level 1:colcon.colcon_core.package_identification:_identify(src/moveit2/moveit_common) by extension 'colcon_meta'
[2.126s] Level 1:colcon.colcon_core.package_identification:_identify(src/moveit2/moveit_common) by extensions ['ros']
[2.126s] Level 1:colcon.colcon_core.package_identification:_identify(src/moveit2/moveit_common) by extension 'ros'
[2.129s] DEBUG:colcon.colcon_core.package_identification:Package 'src/moveit2/moveit_common' with type 'ros.ament_cmake' and name 'moveit_common'
[2.130s] Level 1:colcon.colcon_core.package_identification:_identify(src/moveit2/moveit_configs_utils) by extensions ['ignore', 'ignore_ament_install']
[2.131s] Level 1:colcon.colcon_core.package_identification:_identify(src/moveit2/moveit_configs_utils) by extension 'ignore'
[2.131s] Level 1:colcon.colcon_core.package_identification:_identify(src/moveit2/moveit_configs_utils) by extension 'ignore_ament_install'
[2.131s] Level 1:colcon.colcon_core.package_identification:_identify(src/moveit2/moveit_configs_utils) by extensions ['colcon_pkg']
[2.131s] Level 1:colcon.colcon_core.package_identification:_identify(src/moveit2/moveit_configs_utils) by extension 'colcon_pkg'
[2.131s] Level 1:colcon.colcon_core.package_identification:_identify(src/moveit2/moveit_configs_utils) by extensions ['colcon_meta']
[2.131s] Level 1:colcon.colcon_core.package_identification:_identify(src/moveit2/moveit_configs_utils) by extension 'colcon_meta'
[2.131s] Level 1:colcon.colcon_core.package_identification:_identify(src/moveit2/moveit_configs_utils) by extensions ['ros']
[2.131s] Level 1:colcon.colcon_core.package_identification:_identify(src/moveit2/moveit_configs_utils) by extension 'ros'
[2.133s] DEBUG:colcon.colcon_core.package_identification:Package 'src/moveit2/moveit_configs_utils' with type 'ros.ament_python' and name 'moveit_configs_utils'
[2.134s] Level 1:colcon.colcon_core.package_identification:_identify(src/moveit2/moveit_core) by extensions ['ignore', 'ignore_ament_install']
[2.135s] Level 1:colcon.colcon_core.package_identification:_identify(src/moveit2/moveit_core) by extension 'ignore'
[2.135s] Level 1:colcon.colcon_core.package_identification:_identify(src/moveit2/moveit_core) by extension 'ignore_ament_install'
[2.135s] Level 1:colcon.colcon_core.package_identification:_identify(src/moveit2/moveit_core) by extensions ['colcon_pkg']
[2.135s] Level 1:colcon.colcon_core.package_identification:_identify(src/moveit2/moveit_core) by extension 'colcon_pkg'
[2.135s] Level 1:colcon.colcon_core.package_identification:_identify(src/moveit2/moveit_core) by extensions ['colcon_meta']
[2.136s] Level 1:colcon.colcon_core.package_identification:_identify(src/moveit2/moveit_core) by extension 'colcon_meta'
[2.136s] Level 1:colcon.colcon_core.package_identification:_identify(src/moveit2/moveit_core) by extensions ['ros']
[2.136s] Level 1:colcon.colcon_core.package_identification:_identify(src/moveit2/moveit_core) by extension 'ros'
[2.144s] DEBUG:colcon.colcon_core.package_identification:Package 'src/moveit2/moveit_core' with type 'ros.ament_cmake' and name 'moveit_core'
[2.146s] Level 1:colcon.colcon_core.package_identification:_identify(src/moveit2/moveit_experimental) by extensions ['ignore', 'ignore_ament_install']
[2.147s] Level 1:colcon.colcon_core.package_identification:_identify(src/moveit2/moveit_experimental) by extension 'ignore'
[2.147s] Level 1:colcon.colcon_core.package_identification:_identify(src/moveit2/moveit_experimental) ignored
[2.148s] Level 1:colcon.colcon_core.package_identification:_identify(src/moveit2/moveit_kinematics) by extensions ['ignore', 'ignore_ament_install']
[2.148s] Level 1:colcon.colcon_core.package_identification:_identify(src/moveit2/moveit_kinematics) by extension 'ignore'
[2.149s] Level 1:colcon.colcon_core.package_identification:_identify(src/moveit2/moveit_kinematics) by extension 'ignore_ament_install'
[2.149s] Level 1:colcon.colcon_core.package_identification:_identify(src/moveit2/moveit_kinematics) by extensions ['colcon_pkg']
[2.149s] Level 1:colcon.colcon_core.package_identification:_identify(src/moveit2/moveit_kinematics) by extension 'colcon_pkg'
[2.149s] Level 1:colcon.colcon_core.package_identification:_identify(src/moveit2/moveit_kinematics) by extensions ['colcon_meta']
[2.149s] Level 1:colcon.colcon_core.package_identification:_identify(src/moveit2/moveit_kinematics) by extension 'colcon_meta'
[2.149s] Level 1:colcon.colcon_core.package_identification:_identify(src/moveit2/moveit_kinematics) by extensions ['ros']
[2.149s] Level 1:colcon.colcon_core.package_identification:_identify(src/moveit2/moveit_kinematics) by extension 'ros'
[2.153s] DEBUG:colcon.colcon_core.package_identification:Package 'src/moveit2/moveit_kinematics' with type 'ros.ament_cmake' and name 'moveit_kinematics'
[2.154s] Level 1:colcon.colcon_core.package_identification:_identify(src/moveit2/moveit_planners) by extensions ['ignore', 'ignore_ament_install']
[2.154s] Level 1:colcon.colcon_core.package_identification:_identify(src/moveit2/moveit_planners) by extension 'ignore'
[2.155s] Level 1:colcon.colcon_core.package_identification:_identify(src/moveit2/moveit_planners) by extension 'ignore_ament_install'
[2.155s] Level 1:colcon.colcon_core.package_identification:_identify(src/moveit2/moveit_planners) by extensions ['colcon_pkg']
[2.155s] Level 1:colcon.colcon_core.package_identification:_identify(src/moveit2/moveit_planners) by extension 'colcon_pkg'
[2.155s] Level 1:colcon.colcon_core.package_identification:_identify(src/moveit2/moveit_planners) by extensions ['colcon_meta']
[2.155s] Level 1:colcon.colcon_core.package_identification:_identify(src/moveit2/moveit_planners) by extension 'colcon_meta'
[2.155s] Level 1:colcon.colcon_core.package_identification:_identify(src/moveit2/moveit_planners) by extensions ['ros']
[2.155s] Level 1:colcon.colcon_core.package_identification:_identify(src/moveit2/moveit_planners) by extension 'ros'
[2.155s] Level 1:colcon.colcon_core.package_identification:_identify(src/moveit2/moveit_planners) by extensions ['cmake', 'python']
[2.155s] Level 1:colcon.colcon_core.package_identification:_identify(src/moveit2/moveit_planners) by extension 'cmake'
[2.155s] Level 1:colcon.colcon_core.package_identification:_identify(src/moveit2/moveit_planners) by extension 'python'
[2.155s] Level 1:colcon.colcon_core.package_identification:_identify(src/moveit2/moveit_planners) by extensions ['python_setup_py']
[2.155s] Level 1:colcon.colcon_core.package_identification:_identify(src/moveit2/moveit_planners) by extension 'python_setup_py'
[2.157s] Level 1:colcon.colcon_core.package_identification:_identify(src/moveit2/moveit_planners/chomp) by extensions ['ignore', 'ignore_ament_install']
[2.157s] Level 1:colcon.colcon_core.package_identification:_identify(src/moveit2/moveit_planners/chomp) by extension 'ignore'
[2.157s] Level 1:colcon.colcon_core.package_identification:_identify(src/moveit2/moveit_planners/chomp) by extension 'ignore_ament_install'
[2.157s] Level 1:colcon.colcon_core.package_identification:_identify(src/moveit2/moveit_planners/chomp) by extensions ['colcon_pkg']
[2.157s] Level 1:colcon.colcon_core.package_identification:_identify(src/moveit2/moveit_planners/chomp) by extension 'colcon_pkg'
[2.158s] Level 1:colcon.colcon_core.package_identification:_identify(src/moveit2/moveit_planners/chomp) by extensions ['colcon_meta']
[2.158s] Level 1:colcon.colcon_core.package_identification:_identify(src/moveit2/moveit_planners/chomp) by extension 'colcon_meta'
[2.158s] Level 1:colcon.colcon_core.package_identification:_identify(src/moveit2/moveit_planners/chomp) by extensions ['ros']
[2.158s] Level 1:colcon.colcon_core.package_identification:_identify(src/moveit2/moveit_planners/chomp) by extension 'ros'
[2.158s] Level 1:colcon.colcon_core.package_identification:_identify(src/moveit2/moveit_planners/chomp) by extensions ['cmake', 'python']
[2.158s] Level 1:colcon.colcon_core.package_identification:_identify(src/moveit2/moveit_planners/chomp) by extension 'cmake'
[2.158s] Level 1:colcon.colcon_core.package_identification:_identify(src/moveit2/moveit_planners/chomp) by extension 'python'
[2.158s] Level 1:colcon.colcon_core.package_identification:_identify(src/moveit2/moveit_planners/chomp) by extensions ['python_setup_py']
[2.158s] Level 1:colcon.colcon_core.package_identification:_identify(src/moveit2/moveit_planners/chomp) by extension 'python_setup_py'
[2.160s] Level 1:colcon.colcon_core.package_identification:_identify(src/moveit2/moveit_planners/chomp/chomp_interface) by extensions ['ignore', 'ignore_ament_install']
[2.160s] Level 1:colcon.colcon_core.package_identification:_identify(src/moveit2/moveit_planners/chomp/chomp_interface) by extension 'ignore'
[2.160s] Level 1:colcon.colcon_core.package_identification:_identify(src/moveit2/moveit_planners/chomp/chomp_interface) by extension 'ignore_ament_install'
[2.160s] Level 1:colcon.colcon_core.package_identification:_identify(src/moveit2/moveit_planners/chomp/chomp_interface) by extensions ['colcon_pkg']
[2.160s] Level 1:colcon.colcon_core.package_identification:_identify(src/moveit2/moveit_planners/chomp/chomp_interface) by extension 'colcon_pkg'
[2.160s] Level 1:colcon.colcon_core.package_identification:_identify(src/moveit2/moveit_planners/chomp/chomp_interface) by extensions ['colcon_meta']
[2.160s] Level 1:colcon.colcon_core.package_identification:_identify(src/moveit2/moveit_planners/chomp/chomp_interface) by extension 'colcon_meta'
[2.160s] Level 1:colcon.colcon_core.package_identification:_identify(src/moveit2/moveit_planners/chomp/chomp_interface) by extensions ['ros']
[2.160s] Level 1:colcon.colcon_core.package_identification:_identify(src/moveit2/moveit_planners/chomp/chomp_interface) by extension 'ros'
[2.162s] DEBUG:colcon.colcon_core.package_identification:Package 'src/moveit2/moveit_planners/chomp/chomp_interface' with type 'ros.ament_cmake' and name 'moveit_planners_chomp'
[2.163s] Level 1:colcon.colcon_core.package_identification:_identify(src/moveit2/moveit_planners/chomp/chomp_motion_planner) by extensions ['ignore', 'ignore_ament_install']
[2.164s] Level 1:colcon.colcon_core.package_identification:_identify(src/moveit2/moveit_planners/chomp/chomp_motion_planner) by extension 'ignore'
[2.164s] Level 1:colcon.colcon_core.package_identification:_identify(src/moveit2/moveit_planners/chomp/chomp_motion_planner) by extension 'ignore_ament_install'
[2.164s] Level 1:colcon.colcon_core.package_identification:_identify(src/moveit2/moveit_planners/chomp/chomp_motion_planner) by extensions ['colcon_pkg']
[2.164s] Level 1:colcon.colcon_core.package_identification:_identify(src/moveit2/moveit_planners/chomp/chomp_motion_planner) by extension 'colcon_pkg'
[2.164s] Level 1:colcon.colcon_core.package_identification:_identify(src/moveit2/moveit_planners/chomp/chomp_motion_planner) by extensions ['colcon_meta']
[2.164s] Level 1:colcon.colcon_core.package_identification:_identify(src/moveit2/moveit_planners/chomp/chomp_motion_planner) by extension 'colcon_meta'
[2.164s] Level 1:colcon.colcon_core.package_identification:_identify(src/moveit2/moveit_planners/chomp/chomp_motion_planner) by extensions ['ros']
[2.164s] Level 1:colcon.colcon_core.package_identification:_identify(src/moveit2/moveit_planners/chomp/chomp_motion_planner) by extension 'ros'
[2.170s] DEBUG:colcon.colcon_core.package_identification:Package 'src/moveit2/moveit_planners/chomp/chomp_motion_planner' with type 'ros.ament_cmake' and name 'chomp_motion_planner'
[2.171s] Level 1:colcon.colcon_core.package_identification:_identify(src/moveit2/moveit_planners/chomp/chomp_optimizer_adapter) by extensions ['ignore', 'ignore_ament_install']
[2.171s] Level 1:colcon.colcon_core.package_identification:_identify(src/moveit2/moveit_planners/chomp/chomp_optimizer_adapter) by extension 'ignore'
[2.172s] Level 1:colcon.colcon_core.package_identification:_identify(src/moveit2/moveit_planners/chomp/chomp_optimizer_adapter) by extension 'ignore_ament_install'
[2.172s] Level 1:colcon.colcon_core.package_identification:_identify(src/moveit2/moveit_planners/chomp/chomp_optimizer_adapter) by extensions ['colcon_pkg']
[2.172s] Level 1:colcon.colcon_core.package_identification:_identify(src/moveit2/moveit_planners/chomp/chomp_optimizer_adapter) by extension 'colcon_pkg'
[2.172s] Level 1:colcon.colcon_core.package_identification:_identify(src/moveit2/moveit_planners/chomp/chomp_optimizer_adapter) by extensions ['colcon_meta']
[2.172s] Level 1:colcon.colcon_core.package_identification:_identify(src/moveit2/moveit_planners/chomp/chomp_optimizer_adapter) by extension 'colcon_meta'
[2.172s] Level 1:colcon.colcon_core.package_identification:_identify(src/moveit2/moveit_planners/chomp/chomp_optimizer_adapter) by extensions ['ros']
[2.172s] Level 1:colcon.colcon_core.package_identification:_identify(src/moveit2/moveit_planners/chomp/chomp_optimizer_adapter) by extension 'ros'
[2.179s] DEBUG:colcon.colcon_core.package_identification:Package 'src/moveit2/moveit_planners/chomp/chomp_optimizer_adapter' with type 'ros.ament_cmake' and name 'moveit_chomp_optimizer_adapter'
[2.181s] Level 1:colcon.colcon_core.package_identification:_identify(src/moveit2/moveit_planners/moveit_planners) by extensions ['ignore', 'ignore_ament_install']
[2.181s] Level 1:colcon.colcon_core.package_identification:_identify(src/moveit2/moveit_planners/moveit_planners) by extension 'ignore'
[2.181s] Level 1:colcon.colcon_core.package_identification:_identify(src/moveit2/moveit_planners/moveit_planners) by extension 'ignore_ament_install'
[2.181s] Level 1:colcon.colcon_core.package_identification:_identify(src/moveit2/moveit_planners/moveit_planners) by extensions ['colcon_pkg']
[2.181s] Level 1:colcon.colcon_core.package_identification:_identify(src/moveit2/moveit_planners/moveit_planners) by extension 'colcon_pkg'
[2.182s] Level 1:colcon.colcon_core.package_identification:_identify(src/moveit2/moveit_planners/moveit_planners) by extensions ['colcon_meta']
[2.182s] Level 1:colcon.colcon_core.package_identification:_identify(src/moveit2/moveit_planners/moveit_planners) by extension 'colcon_meta'
[2.182s] Level 1:colcon.colcon_core.package_identification:_identify(src/moveit2/moveit_planners/moveit_planners) by extensions ['ros']
[2.182s] Level 1:colcon.colcon_core.package_identification:_identify(src/moveit2/moveit_planners/moveit_planners) by extension 'ros'
[2.184s] DEBUG:colcon.colcon_core.package_identification:Package 'src/moveit2/moveit_planners/moveit_planners' with type 'ros.ament_cmake' and name 'moveit_planners'
[2.185s] Level 1:colcon.colcon_core.package_identification:_identify(src/moveit2/moveit_planners/ompl) by extensions ['ignore', 'ignore_ament_install']
[2.185s] Level 1:colcon.colcon_core.package_identification:_identify(src/moveit2/moveit_planners/ompl) by extension 'ignore'
[2.186s] Level 1:colcon.colcon_core.package_identification:_identify(src/moveit2/moveit_planners/ompl) by extension 'ignore_ament_install'
[2.186s] Level 1:colcon.colcon_core.package_identification:_identify(src/moveit2/moveit_planners/ompl) by extensions ['colcon_pkg']
[2.186s] Level 1:colcon.colcon_core.package_identification:_identify(src/moveit2/moveit_planners/ompl) by extension 'colcon_pkg'
[2.186s] Level 1:colcon.colcon_core.package_identification:_identify(src/moveit2/moveit_planners/ompl) by extensions ['colcon_meta']
[2.186s] Level 1:colcon.colcon_core.package_identification:_identify(src/moveit2/moveit_planners/ompl) by extension 'colcon_meta'
[2.187s] Level 1:colcon.colcon_core.package_identification:_identify(src/moveit2/moveit_planners/ompl) by extensions ['ros']
[2.187s] Level 1:colcon.colcon_core.package_identification:_identify(src/moveit2/moveit_planners/ompl) by extension 'ros'
[2.190s] DEBUG:colcon.colcon_core.package_identification:Package 'src/moveit2/moveit_planners/ompl' with type 'ros.ament_cmake' and name 'moveit_planners_ompl'
[2.191s] Level 1:colcon.colcon_core.package_identification:_identify(src/moveit2/moveit_planners/pilz_industrial_motion_planner) by extensions ['ignore', 'ignore_ament_install']
[2.191s] Level 1:colcon.colcon_core.package_identification:_identify(src/moveit2/moveit_planners/pilz_industrial_motion_planner) by extension 'ignore'
[2.191s] Level 1:colcon.colcon_core.package_identification:_identify(src/moveit2/moveit_planners/pilz_industrial_motion_planner) by extension 'ignore_ament_install'
[2.191s] Level 1:colcon.colcon_core.package_identification:_identify(src/moveit2/moveit_planners/pilz_industrial_motion_planner) by extensions ['colcon_pkg']
[2.191s] Level 1:colcon.colcon_core.package_identification:_identify(src/moveit2/moveit_planners/pilz_industrial_motion_planner) by extension 'colcon_pkg'
[2.191s] Level 1:colcon.colcon_core.package_identification:_identify(src/moveit2/moveit_planners/pilz_industrial_motion_planner) by extensions ['colcon_meta']
[2.191s] Level 1:colcon.colcon_core.package_identification:_identify(src/moveit2/moveit_planners/pilz_industrial_motion_planner) by extension 'colcon_meta'
[2.191s] Level 1:colcon.colcon_core.package_identification:_identify(src/moveit2/moveit_planners/pilz_industrial_motion_planner) by extensions ['ros']
[2.191s] Level 1:colcon.colcon_core.package_identification:_identify(src/moveit2/moveit_planners/pilz_industrial_motion_planner) by extension 'ros'
[2.219s] DEBUG:colcon.colcon_core.package_identification:Package 'src/moveit2/moveit_planners/pilz_industrial_motion_planner' with type 'ros.ament_cmake' and name 'pilz_industrial_motion_planner'
[2.221s] Level 1:colcon.colcon_core.package_identification:_identify(src/moveit2/moveit_planners/pilz_industrial_motion_planner_testutils) by extensions ['ignore', 'ignore_ament_install']
[2.221s] Level 1:colcon.colcon_core.package_identification:_identify(src/moveit2/moveit_planners/pilz_industrial_motion_planner_testutils) by extension 'ignore'
[2.221s] Level 1:colcon.colcon_core.package_identification:_identify(src/moveit2/moveit_planners/pilz_industrial_motion_planner_testutils) by extension 'ignore_ament_install'
[2.222s] Level 1:colcon.colcon_core.package_identification:_identify(src/moveit2/moveit_planners/pilz_industrial_motion_planner_testutils) by extensions ['colcon_pkg']
[2.222s] Level 1:colcon.colcon_core.package_identification:_identify(src/moveit2/moveit_planners/pilz_industrial_motion_planner_testutils) by extension 'colcon_pkg'
[2.222s] Level 1:colcon.colcon_core.package_identification:_identify(src/moveit2/moveit_planners/pilz_industrial_motion_planner_testutils) by extensions ['colcon_meta']
[2.222s] Level 1:colcon.colcon_core.package_identification:_identify(src/moveit2/moveit_planners/pilz_industrial_motion_planner_testutils) by extension 'colcon_meta'
[2.222s] Level 1:colcon.colcon_core.package_identification:_identify(src/moveit2/moveit_planners/pilz_industrial_motion_planner_testutils) by extensions ['ros']
[2.222s] Level 1:colcon.colcon_core.package_identification:_identify(src/moveit2/moveit_planners/pilz_industrial_motion_planner_testutils) by extension 'ros'
[2.225s] DEBUG:colcon.colcon_core.package_identification:Package 'src/moveit2/moveit_planners/pilz_industrial_motion_planner_testutils' with type 'ros.ament_cmake' and name 'pilz_industrial_motion_planner_testutils'
[2.226s] Level 1:colcon.colcon_core.package_identification:_identify(src/moveit2/moveit_planners/test_configs) by extensions ['ignore', 'ignore_ament_install']
[2.227s] Level 1:colcon.colcon_core.package_identification:_identify(src/moveit2/moveit_planners/test_configs) by extension 'ignore'
[2.229s] Level 1:colcon.colcon_core.package_identification:_identify(src/moveit2/moveit_planners/test_configs) by extension 'ignore_ament_install'
[2.229s] Level 1:colcon.colcon_core.package_identification:_identify(src/moveit2/moveit_planners/test_configs) by extensions ['colcon_pkg']
[2.229s] Level 1:colcon.colcon_core.package_identification:_identify(src/moveit2/moveit_planners/test_configs) by extension 'colcon_pkg'
[2.229s] Level 1:colcon.colcon_core.package_identification:_identify(src/moveit2/moveit_planners/test_configs) by extensions ['colcon_meta']
[2.229s] Level 1:colcon.colcon_core.package_identification:_identify(src/moveit2/moveit_planners/test_configs) by extension 'colcon_meta'
[2.230s] Level 1:colcon.colcon_core.package_identification:_identify(src/moveit2/moveit_planners/test_configs) by extensions ['ros']
[2.230s] Level 1:colcon.colcon_core.package_identification:_identify(src/moveit2/moveit_planners/test_configs) by extension 'ros'
[2.231s] Level 1:colcon.colcon_core.package_identification:_identify(src/moveit2/moveit_planners/test_configs) by extensions ['cmake', 'python']
[2.231s] Level 1:colcon.colcon_core.package_identification:_identify(src/moveit2/moveit_planners/test_configs) by extension 'cmake'
[2.232s] Level 1:colcon.colcon_core.package_identification:_identify(src/moveit2/moveit_planners/test_configs) by extension 'python'
[2.232s] Level 1:colcon.colcon_core.package_identification:_identify(src/moveit2/moveit_planners/test_configs) by extensions ['python_setup_py']
[2.232s] Level 1:colcon.colcon_core.package_identification:_identify(src/moveit2/moveit_planners/test_configs) by extension 'python_setup_py'
[2.233s] Level 1:colcon.colcon_core.package_identification:_identify(src/moveit2/moveit_planners/test_configs/prbt_ikfast_manipulator_plugin) by extensions ['ignore', 'ignore_ament_install']
[2.234s] Level 1:colcon.colcon_core.package_identification:_identify(src/moveit2/moveit_planners/test_configs/prbt_ikfast_manipulator_plugin) by extension 'ignore'
[2.235s] Level 1:colcon.colcon_core.package_identification:_identify(src/moveit2/moveit_planners/test_configs/prbt_ikfast_manipulator_plugin) by extension 'ignore_ament_install'
[2.235s] Level 1:colcon.colcon_core.package_identification:_identify(src/moveit2/moveit_planners/test_configs/prbt_ikfast_manipulator_plugin) by extensions ['colcon_pkg']
[2.235s] Level 1:colcon.colcon_core.package_identification:_identify(src/moveit2/moveit_planners/test_configs/prbt_ikfast_manipulator_plugin) by extension 'colcon_pkg'
[2.235s] Level 1:colcon.colcon_core.package_identification:_identify(src/moveit2/moveit_planners/test_configs/prbt_ikfast_manipulator_plugin) by extensions ['colcon_meta']
[2.235s] Level 1:colcon.colcon_core.package_identification:_identify(src/moveit2/moveit_planners/test_configs/prbt_ikfast_manipulator_plugin) by extension 'colcon_meta'
[2.235s] Level 1:colcon.colcon_core.package_identification:_identify(src/moveit2/moveit_planners/test_configs/prbt_ikfast_manipulator_plugin) by extensions ['ros']
[2.235s] Level 1:colcon.colcon_core.package_identification:_identify(src/moveit2/moveit_planners/test_configs/prbt_ikfast_manipulator_plugin) by extension 'ros'
[2.239s] DEBUG:colcon.colcon_core.package_identification:Package 'src/moveit2/moveit_planners/test_configs/prbt_ikfast_manipulator_plugin' with type 'ros.ament_cmake' and name 'moveit_resources_prbt_ikfast_manipulator_plugin'
[2.240s] Level 1:colcon.colcon_core.package_identification:_identify(src/moveit2/moveit_planners/test_configs/prbt_moveit_config) by extensions ['ignore', 'ignore_ament_install']
[2.240s] Level 1:colcon.colcon_core.package_identification:_identify(src/moveit2/moveit_planners/test_configs/prbt_moveit_config) by extension 'ignore'
[2.240s] Level 1:colcon.colcon_core.package_identification:_identify(src/moveit2/moveit_planners/test_configs/prbt_moveit_config) by extension 'ignore_ament_install'
[2.240s] Level 1:colcon.colcon_core.package_identification:_identify(src/moveit2/moveit_planners/test_configs/prbt_moveit_config) by extensions ['colcon_pkg']
[2.241s] Level 1:colcon.colcon_core.package_identification:_identify(src/moveit2/moveit_planners/test_configs/prbt_moveit_config) by extension 'colcon_pkg'
[2.241s] Level 1:colcon.colcon_core.package_identification:_identify(src/moveit2/moveit_planners/test_configs/prbt_moveit_config) by extensions ['colcon_meta']
[2.241s] Level 1:colcon.colcon_core.package_identification:_identify(src/moveit2/moveit_planners/test_configs/prbt_moveit_config) by extension 'colcon_meta'
[2.241s] Level 1:colcon.colcon_core.package_identification:_identify(src/moveit2/moveit_planners/test_configs/prbt_moveit_config) by extensions ['ros']
[2.241s] Level 1:colcon.colcon_core.package_identification:_identify(src/moveit2/moveit_planners/test_configs/prbt_moveit_config) by extension 'ros'
[2.244s] DEBUG:colcon.colcon_core.package_identification:Package 'src/moveit2/moveit_planners/test_configs/prbt_moveit_config' with type 'ros.ament_cmake' and name 'moveit_resources_prbt_moveit_config'
[2.245s] Level 1:colcon.colcon_core.package_identification:_identify(src/moveit2/moveit_planners/test_configs/prbt_pg70_support) by extensions ['ignore', 'ignore_ament_install']
[2.245s] Level 1:colcon.colcon_core.package_identification:_identify(src/moveit2/moveit_planners/test_configs/prbt_pg70_support) by extension 'ignore'
[2.245s] Level 1:colcon.colcon_core.package_identification:_identify(src/moveit2/moveit_planners/test_configs/prbt_pg70_support) by extension 'ignore_ament_install'
[2.245s] Level 1:colcon.colcon_core.package_identification:_identify(src/moveit2/moveit_planners/test_configs/prbt_pg70_support) by extensions ['colcon_pkg']
[2.246s] Level 1:colcon.colcon_core.package_identification:_identify(src/moveit2/moveit_planners/test_configs/prbt_pg70_support) by extension 'colcon_pkg'
[2.246s] Level 1:colcon.colcon_core.package_identification:_identify(src/moveit2/moveit_planners/test_configs/prbt_pg70_support) by extensions ['colcon_meta']
[2.246s] Level 1:colcon.colcon_core.package_identification:_identify(src/moveit2/moveit_planners/test_configs/prbt_pg70_support) by extension 'colcon_meta'
[2.246s] Level 1:colcon.colcon_core.package_identification:_identify(src/moveit2/moveit_planners/test_configs/prbt_pg70_support) by extensions ['ros']
[2.246s] Level 1:colcon.colcon_core.package_identification:_identify(src/moveit2/moveit_planners/test_configs/prbt_pg70_support) by extension 'ros'
[2.248s] DEBUG:colcon.colcon_core.package_identification:Package 'src/moveit2/moveit_planners/test_configs/prbt_pg70_support' with type 'ros.ament_cmake' and name 'moveit_resources_prbt_pg70_support'
[2.249s] Level 1:colcon.colcon_core.package_identification:_identify(src/moveit2/moveit_planners/test_configs/prbt_support) by extensions ['ignore', 'ignore_ament_install']
[2.249s] Level 1:colcon.colcon_core.package_identification:_identify(src/moveit2/moveit_planners/test_configs/prbt_support) by extension 'ignore'
[2.250s] Level 1:colcon.colcon_core.package_identification:_identify(src/moveit2/moveit_planners/test_configs/prbt_support) by extension 'ignore_ament_install'
[2.250s] Level 1:colcon.colcon_core.package_identification:_identify(src/moveit2/moveit_planners/test_configs/prbt_support) by extensions ['colcon_pkg']
[2.250s] Level 1:colcon.colcon_core.package_identification:_identify(src/moveit2/moveit_planners/test_configs/prbt_support) by extension 'colcon_pkg'
[2.250s] Level 1:colcon.colcon_core.package_identification:_identify(src/moveit2/moveit_planners/test_configs/prbt_support) by extensions ['colcon_meta']
[2.250s] Level 1:colcon.colcon_core.package_identification:_identify(src/moveit2/moveit_planners/test_configs/prbt_support) by extension 'colcon_meta'
[2.250s] Level 1:colcon.colcon_core.package_identification:_identify(src/moveit2/moveit_planners/test_configs/prbt_support) by extensions ['ros']
[2.250s] Level 1:colcon.colcon_core.package_identification:_identify(src/moveit2/moveit_planners/test_configs/prbt_support) by extension 'ros'
[2.253s] DEBUG:colcon.colcon_core.package_identification:Package 'src/moveit2/moveit_planners/test_configs/prbt_support' with type 'ros.ament_cmake' and name 'moveit_resources_prbt_support'
[2.257s] Level 1:colcon.colcon_core.package_identification:_identify(src/moveit2/moveit_planners/trajopt) by extensions ['ignore', 'ignore_ament_install']
[2.258s] Level 1:colcon.colcon_core.package_identification:_identify(src/moveit2/moveit_planners/trajopt) by extension 'ignore'
[2.259s] Level 1:colcon.colcon_core.package_identification:_identify(src/moveit2/moveit_planners/trajopt) ignored
[2.261s] Level 1:colcon.colcon_core.package_identification:_identify(src/moveit2/moveit_plugins) by extensions ['ignore', 'ignore_ament_install']
[2.261s] Level 1:colcon.colcon_core.package_identification:_identify(src/moveit2/moveit_plugins) by extension 'ignore'
[2.261s] Level 1:colcon.colcon_core.package_identification:_identify(src/moveit2/moveit_plugins) by extension 'ignore_ament_install'
[2.262s] Level 1:colcon.colcon_core.package_identification:_identify(src/moveit2/moveit_plugins) by extensions ['colcon_pkg']
[2.262s] Level 1:colcon.colcon_core.package_identification:_identify(src/moveit2/moveit_plugins) by extension 'colcon_pkg'
[2.262s] Level 1:colcon.colcon_core.package_identification:_identify(src/moveit2/moveit_plugins) by extensions ['colcon_meta']
[2.262s] Level 1:colcon.colcon_core.package_identification:_identify(src/moveit2/moveit_plugins) by extension 'colcon_meta'
[2.262s] Level 1:colcon.colcon_core.package_identification:_identify(src/moveit2/moveit_plugins) by extensions ['ros']
[2.262s] Level 1:colcon.colcon_core.package_identification:_identify(src/moveit2/moveit_plugins) by extension 'ros'
[2.262s] Level 1:colcon.colcon_core.package_identification:_identify(src/moveit2/moveit_plugins) by extensions ['cmake', 'python']
[2.262s] Level 1:colcon.colcon_core.package_identification:_identify(src/moveit2/moveit_plugins) by extension 'cmake'
[2.263s] Level 1:colcon.colcon_core.package_identification:_identify(src/moveit2/moveit_plugins) by extension 'python'
[2.263s] Level 1:colcon.colcon_core.package_identification:_identify(src/moveit2/moveit_plugins) by extensions ['python_setup_py']
[2.263s] Level 1:colcon.colcon_core.package_identification:_identify(src/moveit2/moveit_plugins) by extension 'python_setup_py'
[2.264s] Level 1:colcon.colcon_core.package_identification:_identify(src/moveit2/moveit_plugins/moveit_plugins) by extensions ['ignore', 'ignore_ament_install']
[2.264s] Level 1:colcon.colcon_core.package_identification:_identify(src/moveit2/moveit_plugins/moveit_plugins) by extension 'ignore'
[2.264s] Level 1:colcon.colcon_core.package_identification:_identify(src/moveit2/moveit_plugins/moveit_plugins) by extension 'ignore_ament_install'
[2.265s] Level 1:colcon.colcon_core.package_identification:_identify(src/moveit2/moveit_plugins/moveit_plugins) by extensions ['colcon_pkg']
[2.265s] Level 1:colcon.colcon_core.package_identification:_identify(src/moveit2/moveit_plugins/moveit_plugins) by extension 'colcon_pkg'
[2.265s] Level 1:colcon.colcon_core.package_identification:_identify(src/moveit2/moveit_plugins/moveit_plugins) by extensions ['colcon_meta']
[2.265s] Level 1:colcon.colcon_core.package_identification:_identify(src/moveit2/moveit_plugins/moveit_plugins) by extension 'colcon_meta'
[2.265s] Level 1:colcon.colcon_core.package_identification:_identify(src/moveit2/moveit_plugins/moveit_plugins) by extensions ['ros']
[2.265s] Level 1:colcon.colcon_core.package_identification:_identify(src/moveit2/moveit_plugins/moveit_plugins) by extension 'ros'
[2.268s] DEBUG:colcon.colcon_core.package_identification:Package 'src/moveit2/moveit_plugins/moveit_plugins' with type 'ros.ament_cmake' and name 'moveit_plugins'
[2.269s] Level 1:colcon.colcon_core.package_identification:_identify(src/moveit2/moveit_plugins/moveit_ros_control_interface) by extensions ['ignore', 'ignore_ament_install']
[2.269s] Level 1:colcon.colcon_core.package_identification:_identify(src/moveit2/moveit_plugins/moveit_ros_control_interface) by extension 'ignore'
[2.270s] Level 1:colcon.colcon_core.package_identification:_identify(src/moveit2/moveit_plugins/moveit_ros_control_interface) by extension 'ignore_ament_install'
[2.270s] Level 1:colcon.colcon_core.package_identification:_identify(src/moveit2/moveit_plugins/moveit_ros_control_interface) by extensions ['colcon_pkg']
[2.270s] Level 1:colcon.colcon_core.package_identification:_identify(src/moveit2/moveit_plugins/moveit_ros_control_interface) by extension 'colcon_pkg'
[2.270s] Level 1:colcon.colcon_core.package_identification:_identify(src/moveit2/moveit_plugins/moveit_ros_control_interface) by extensions ['colcon_meta']
[2.271s] Level 1:colcon.colcon_core.package_identification:_identify(src/moveit2/moveit_plugins/moveit_ros_control_interface) by extension 'colcon_meta'
[2.271s] Level 1:colcon.colcon_core.package_identification:_identify(src/moveit2/moveit_plugins/moveit_ros_control_interface) by extensions ['ros']
[2.271s] Level 1:colcon.colcon_core.package_identification:_identify(src/moveit2/moveit_plugins/moveit_ros_control_interface) by extension 'ros'
[2.275s] DEBUG:colcon.colcon_core.package_identification:Package 'src/moveit2/moveit_plugins/moveit_ros_control_interface' with type 'ros.ament_cmake' and name 'moveit_ros_control_interface'
[2.276s] Level 1:colcon.colcon_core.package_identification:_identify(src/moveit2/moveit_plugins/moveit_simple_controller_manager) by extensions ['ignore', 'ignore_ament_install']
[2.276s] Level 1:colcon.colcon_core.package_identification:_identify(src/moveit2/moveit_plugins/moveit_simple_controller_manager) by extension 'ignore'
[2.276s] Level 1:colcon.colcon_core.package_identification:_identify(src/moveit2/moveit_plugins/moveit_simple_controller_manager) by extension 'ignore_ament_install'
[2.276s] Level 1:colcon.colcon_core.package_identification:_identify(src/moveit2/moveit_plugins/moveit_simple_controller_manager) by extensions ['colcon_pkg']
[2.276s] Level 1:colcon.colcon_core.package_identification:_identify(src/moveit2/moveit_plugins/moveit_simple_controller_manager) by extension 'colcon_pkg'
[2.276s] Level 1:colcon.colcon_core.package_identification:_identify(src/moveit2/moveit_plugins/moveit_simple_controller_manager) by extensions ['colcon_meta']
[2.276s] Level 1:colcon.colcon_core.package_identification:_identify(src/moveit2/moveit_plugins/moveit_simple_controller_manager) by extension 'colcon_meta'
[2.277s] Level 1:colcon.colcon_core.package_identification:_identify(src/moveit2/moveit_plugins/moveit_simple_controller_manager) by extensions ['ros']
[2.277s] Level 1:colcon.colcon_core.package_identification:_identify(src/moveit2/moveit_plugins/moveit_simple_controller_manager) by extension 'ros'
[2.279s] DEBUG:colcon.colcon_core.package_identification:Package 'src/moveit2/moveit_plugins/moveit_simple_controller_manager' with type 'ros.ament_cmake' and name 'moveit_simple_controller_manager'
[2.280s] Level 1:colcon.colcon_core.package_identification:_identify(src/moveit2/moveit_py) by extensions ['ignore', 'ignore_ament_install']
[2.280s] Level 1:colcon.colcon_core.package_identification:_identify(src/moveit2/moveit_py) by extension 'ignore'
[2.280s] Level 1:colcon.colcon_core.package_identification:_identify(src/moveit2/moveit_py) by extension 'ignore_ament_install'
[2.280s] Level 1:colcon.colcon_core.package_identification:_identify(src/moveit2/moveit_py) by extensions ['colcon_pkg']
[2.280s] Level 1:colcon.colcon_core.package_identification:_identify(src/moveit2/moveit_py) by extension 'colcon_pkg'
[2.280s] Level 1:colcon.colcon_core.package_identification:_identify(src/moveit2/moveit_py) by extensions ['colcon_meta']
[2.280s] Level 1:colcon.colcon_core.package_identification:_identify(src/moveit2/moveit_py) by extension 'colcon_meta'
[2.280s] Level 1:colcon.colcon_core.package_identification:_identify(src/moveit2/moveit_py) by extensions ['ros']
[2.280s] Level 1:colcon.colcon_core.package_identification:_identify(src/moveit2/moveit_py) by extension 'ros'
[2.282s] DEBUG:colcon.colcon_core.package_identification:Package 'src/moveit2/moveit_py' with type 'ros.ament_cmake' and name 'moveit_py'
[2.284s] Level 1:colcon.colcon_core.package_identification:_identify(src/moveit2/moveit_ros) by extensions ['ignore', 'ignore_ament_install']
[2.284s] Level 1:colcon.colcon_core.package_identification:_identify(src/moveit2/moveit_ros) by extension 'ignore'
[2.284s] Level 1:colcon.colcon_core.package_identification:_identify(src/moveit2/moveit_ros) by extension 'ignore_ament_install'
[2.284s] Level 1:colcon.colcon_core.package_identification:_identify(src/moveit2/moveit_ros) by extensions ['colcon_pkg']
[2.284s] Level 1:colcon.colcon_core.package_identification:_identify(src/moveit2/moveit_ros) by extension 'colcon_pkg'
[2.284s] Level 1:colcon.colcon_core.package_identification:_identify(src/moveit2/moveit_ros) by extensions ['colcon_meta']
[2.284s] Level 1:colcon.colcon_core.package_identification:_identify(src/moveit2/moveit_ros) by extension 'colcon_meta'
[2.285s] Level 1:colcon.colcon_core.package_identification:_identify(src/moveit2/moveit_ros) by extensions ['ros']
[2.285s] Level 1:colcon.colcon_core.package_identification:_identify(src/moveit2/moveit_ros) by extension 'ros'
[2.285s] Level 1:colcon.colcon_core.package_identification:_identify(src/moveit2/moveit_ros) by extensions ['cmake', 'python']
[2.286s] Level 1:colcon.colcon_core.package_identification:_identify(src/moveit2/moveit_ros) by extension 'cmake'
[2.286s] Level 1:colcon.colcon_core.package_identification:_identify(src/moveit2/moveit_ros) by extension 'python'
[2.286s] Level 1:colcon.colcon_core.package_identification:_identify(src/moveit2/moveit_ros) by extensions ['python_setup_py']
[2.286s] Level 1:colcon.colcon_core.package_identification:_identify(src/moveit2/moveit_ros) by extension 'python_setup_py'
[2.287s] Level 1:colcon.colcon_core.package_identification:_identify(src/moveit2/moveit_ros/benchmarks) by extensions ['ignore', 'ignore_ament_install']
[2.287s] Level 1:colcon.colcon_core.package_identification:_identify(src/moveit2/moveit_ros/benchmarks) by extension 'ignore'
[2.287s] Level 1:colcon.colcon_core.package_identification:_identify(src/moveit2/moveit_ros/benchmarks) by extension 'ignore_ament_install'
[2.287s] Level 1:colcon.colcon_core.package_identification:_identify(src/moveit2/moveit_ros/benchmarks) by extensions ['colcon_pkg']
[2.287s] Level 1:colcon.colcon_core.package_identification:_identify(src/moveit2/moveit_ros/benchmarks) by extension 'colcon_pkg'
[2.288s] Level 1:colcon.colcon_core.package_identification:_identify(src/moveit2/moveit_ros/benchmarks) by extensions ['colcon_meta']
[2.288s] Level 1:colcon.colcon_core.package_identification:_identify(src/moveit2/moveit_ros/benchmarks) by extension 'colcon_meta'
[2.288s] Level 1:colcon.colcon_core.package_identification:_identify(src/moveit2/moveit_ros/benchmarks) by extensions ['ros']
[2.288s] Level 1:colcon.colcon_core.package_identification:_identify(src/moveit2/moveit_ros/benchmarks) by extension 'ros'
[2.290s] DEBUG:colcon.colcon_core.package_identification:Package 'src/moveit2/moveit_ros/benchmarks' with type 'ros.ament_cmake' and name 'moveit_ros_benchmarks'
[2.291s] Level 1:colcon.colcon_core.package_identification:_identify(src/moveit2/moveit_ros/hybrid_planning) by extensions ['ignore', 'ignore_ament_install']
[2.291s] Level 1:colcon.colcon_core.package_identification:_identify(src/moveit2/moveit_ros/hybrid_planning) by extension 'ignore'
[2.291s] Level 1:colcon.colcon_core.package_identification:_identify(src/moveit2/moveit_ros/hybrid_planning) by extension 'ignore_ament_install'
[2.292s] Level 1:colcon.colcon_core.package_identification:_identify(src/moveit2/moveit_ros/hybrid_planning) by extensions ['colcon_pkg']
[2.292s] Level 1:colcon.colcon_core.package_identification:_identify(src/moveit2/moveit_ros/hybrid_planning) by extension 'colcon_pkg'
[2.292s] Level 1:colcon.colcon_core.package_identification:_identify(src/moveit2/moveit_ros/hybrid_planning) by extensions ['colcon_meta']
[2.292s] Level 1:colcon.colcon_core.package_identification:_identify(src/moveit2/moveit_ros/hybrid_planning) by extension 'colcon_meta'
[2.292s] Level 1:colcon.colcon_core.package_identification:_identify(src/moveit2/moveit_ros/hybrid_planning) by extensions ['ros']
[2.292s] Level 1:colcon.colcon_core.package_identification:_identify(src/moveit2/moveit_ros/hybrid_planning) by extension 'ros'
[2.295s] DEBUG:colcon.colcon_core.package_identification:Package 'src/moveit2/moveit_ros/hybrid_planning' with type 'ros.ament_cmake' and name 'moveit_hybrid_planning'
[2.296s] Level 1:colcon.colcon_core.package_identification:_identify(src/moveit2/moveit_ros/move_group) by extensions ['ignore', 'ignore_ament_install']
[2.297s] Level 1:colcon.colcon_core.package_identification:_identify(src/moveit2/moveit_ros/move_group) by extension 'ignore'
[2.297s] Level 1:colcon.colcon_core.package_identification:_identify(src/moveit2/moveit_ros/move_group) by extension 'ignore_ament_install'
[2.297s] Level 1:colcon.colcon_core.package_identification:_identify(src/moveit2/moveit_ros/move_group) by extensions ['colcon_pkg']
[2.297s] Level 1:colcon.colcon_core.package_identification:_identify(src/moveit2/moveit_ros/move_group) by extension 'colcon_pkg'
[2.297s] Level 1:colcon.colcon_core.package_identification:_identify(src/moveit2/moveit_ros/move_group) by extensions ['colcon_meta']
[2.297s] Level 1:colcon.colcon_core.package_identification:_identify(src/moveit2/moveit_ros/move_group) by extension 'colcon_meta'
[2.297s] Level 1:colcon.colcon_core.package_identification:_identify(src/moveit2/moveit_ros/move_group) by extensions ['ros']
[2.297s] Level 1:colcon.colcon_core.package_identification:_identify(src/moveit2/moveit_ros/move_group) by extension 'ros'
[2.302s] DEBUG:colcon.colcon_core.package_identification:Package 'src/moveit2/moveit_ros/move_group' with type 'ros.ament_cmake' and name 'moveit_ros_move_group'
[2.303s] Level 1:colcon.colcon_core.package_identification:_identify(src/moveit2/moveit_ros/moveit_ros) by extensions ['ignore', 'ignore_ament_install']
[2.304s] Level 1:colcon.colcon_core.package_identification:_identify(src/moveit2/moveit_ros/moveit_ros) by extension 'ignore'
[2.304s] Level 1:colcon.colcon_core.package_identification:_identify(src/moveit2/moveit_ros/moveit_ros) by extension 'ignore_ament_install'
[2.304s] Level 1:colcon.colcon_core.package_identification:_identify(src/moveit2/moveit_ros/moveit_ros) by extensions ['colcon_pkg']
[2.304s] Level 1:colcon.colcon_core.package_identification:_identify(src/moveit2/moveit_ros/moveit_ros) by extension 'colcon_pkg'
[2.304s] Level 1:colcon.colcon_core.package_identification:_identify(src/moveit2/moveit_ros/moveit_ros) by extensions ['colcon_meta']
[2.304s] Level 1:colcon.colcon_core.package_identification:_identify(src/moveit2/moveit_ros/moveit_ros) by extension 'colcon_meta'
[2.304s] Level 1:colcon.colcon_core.package_identification:_identify(src/moveit2/moveit_ros/moveit_ros) by extensions ['ros']
[2.305s] Level 1:colcon.colcon_core.package_identification:_identify(src/moveit2/moveit_ros/moveit_ros) by extension 'ros'
[2.307s] DEBUG:colcon.colcon_core.package_identification:Package 'src/moveit2/moveit_ros/moveit_ros' with type 'ros.ament_cmake' and name 'moveit_ros'
[2.308s] Level 1:colcon.colcon_core.package_identification:_identify(src/moveit2/moveit_ros/moveit_servo) by extensions ['ignore', 'ignore_ament_install']
[2.309s] Level 1:colcon.colcon_core.package_identification:_identify(src/moveit2/moveit_ros/moveit_servo) by extension 'ignore'
[2.309s] Level 1:colcon.colcon_core.package_identification:_identify(src/moveit2/moveit_ros/moveit_servo) by extension 'ignore_ament_install'
[2.309s] Level 1:colcon.colcon_core.package_identification:_identify(src/moveit2/moveit_ros/moveit_servo) by extensions ['colcon_pkg']
[2.309s] Level 1:colcon.colcon_core.package_identification:_identify(src/moveit2/moveit_ros/moveit_servo) by extension 'colcon_pkg'
[2.309s] Level 1:colcon.colcon_core.package_identification:_identify(src/moveit2/moveit_ros/moveit_servo) by extensions ['colcon_meta']
[2.309s] Level 1:colcon.colcon_core.package_identification:_identify(src/moveit2/moveit_ros/moveit_servo) by extension 'colcon_meta'
[2.309s] Level 1:colcon.colcon_core.package_identification:_identify(src/moveit2/moveit_ros/moveit_servo) by extensions ['ros']
[2.309s] Level 1:colcon.colcon_core.package_identification:_identify(src/moveit2/moveit_ros/moveit_servo) by extension 'ros'
[2.315s] DEBUG:colcon.colcon_core.package_identification:Package 'src/moveit2/moveit_ros/moveit_servo' with type 'ros.ament_cmake' and name 'moveit_servo'
[2.317s] Level 1:colcon.colcon_core.package_identification:_identify(src/moveit2/moveit_ros/occupancy_map_monitor) by extensions ['ignore', 'ignore_ament_install']
[2.317s] Level 1:colcon.colcon_core.package_identification:_identify(src/moveit2/moveit_ros/occupancy_map_monitor) by extension 'ignore'
[2.317s] Level 1:colcon.colcon_core.package_identification:_identify(src/moveit2/moveit_ros/occupancy_map_monitor) by extension 'ignore_ament_install'
[2.317s] Level 1:colcon.colcon_core.package_identification:_identify(src/moveit2/moveit_ros/occupancy_map_monitor) by extensions ['colcon_pkg']
[2.317s] Level 1:colcon.colcon_core.package_identification:_identify(src/moveit2/moveit_ros/occupancy_map_monitor) by extension 'colcon_pkg'
[2.317s] Level 1:colcon.colcon_core.package_identification:_identify(src/moveit2/moveit_ros/occupancy_map_monitor) by extensions ['colcon_meta']
[2.317s] Level 1:colcon.colcon_core.package_identification:_identify(src/moveit2/moveit_ros/occupancy_map_monitor) by extension 'colcon_meta'
[2.318s] Level 1:colcon.colcon_core.package_identification:_identify(src/moveit2/moveit_ros/occupancy_map_monitor) by extensions ['ros']
[2.318s] Level 1:colcon.colcon_core.package_identification:_identify(src/moveit2/moveit_ros/occupancy_map_monitor) by extension 'ros'
[2.323s] DEBUG:colcon.colcon_core.package_identification:Package 'src/moveit2/moveit_ros/occupancy_map_monitor' with type 'ros.ament_cmake' and name 'moveit_ros_occupancy_map_monitor'
[2.324s] Level 1:colcon.colcon_core.package_identification:_identify(src/moveit2/moveit_ros/perception) by extensions ['ignore', 'ignore_ament_install']
[2.325s] Level 1:colcon.colcon_core.package_identification:_identify(src/moveit2/moveit_ros/perception) by extension 'ignore'
[2.325s] Level 1:colcon.colcon_core.package_identification:_identify(src/moveit2/moveit_ros/perception) by extension 'ignore_ament_install'
[2.325s] Level 1:colcon.colcon_core.package_identification:_identify(src/moveit2/moveit_ros/perception) by extensions ['colcon_pkg']
[2.326s] Level 1:colcon.colcon_core.package_identification:_identify(src/moveit2/moveit_ros/perception) by extension 'colcon_pkg'
[2.326s] Level 1:colcon.colcon_core.package_identification:_identify(src/moveit2/moveit_ros/perception) by extensions ['colcon_meta']
[2.326s] Level 1:colcon.colcon_core.package_identification:_identify(src/moveit2/moveit_ros/perception) by extension 'colcon_meta'
[2.326s] Level 1:colcon.colcon_core.package_identification:_identify(src/moveit2/moveit_ros/perception) by extensions ['ros']
[2.326s] Level 1:colcon.colcon_core.package_identification:_identify(src/moveit2/moveit_ros/perception) by extension 'ros'
[2.334s] DEBUG:colcon.colcon_core.package_identification:Package 'src/moveit2/moveit_ros/perception' with type 'ros.ament_cmake' and name 'moveit_ros_perception'
[2.336s] Level 1:colcon.colcon_core.package_identification:_identify(src/moveit2/moveit_ros/planning) by extensions ['ignore', 'ignore_ament_install']
[2.336s] Level 1:colcon.colcon_core.package_identification:_identify(src/moveit2/moveit_ros/planning) by extension 'ignore'
[2.336s] Level 1:colcon.colcon_core.package_identification:_identify(src/moveit2/moveit_ros/planning) by extension 'ignore_ament_install'
[2.336s] Level 1:colcon.colcon_core.package_identification:_identify(src/moveit2/moveit_ros/planning) by extensions ['colcon_pkg']
[2.336s] Level 1:colcon.colcon_core.package_identification:_identify(src/moveit2/moveit_ros/planning) by extension 'colcon_pkg'
[2.336s] Level 1:colcon.colcon_core.package_identification:_identify(src/moveit2/moveit_ros/planning) by extensions ['colcon_meta']
[2.336s] Level 1:colcon.colcon_core.package_identification:_identify(src/moveit2/moveit_ros/planning) by extension 'colcon_meta'
[2.336s] Level 1:colcon.colcon_core.package_identification:_identify(src/moveit2/moveit_ros/planning) by extensions ['ros']
[2.336s] Level 1:colcon.colcon_core.package_identification:_identify(src/moveit2/moveit_ros/planning) by extension 'ros'
[2.341s] DEBUG:colcon.colcon_core.package_identification:Package 'src/moveit2/moveit_ros/planning' with type 'ros.ament_cmake' and name 'moveit_ros_planning'
[2.342s] Level 1:colcon.colcon_core.package_identification:_identify(src/moveit2/moveit_ros/planning_interface) by extensions ['ignore', 'ignore_ament_install']
[2.343s] Level 1:colcon.colcon_core.package_identification:_identify(src/moveit2/moveit_ros/planning_interface) by extension 'ignore'
[2.343s] Level 1:colcon.colcon_core.package_identification:_identify(src/moveit2/moveit_ros/planning_interface) by extension 'ignore_ament_install'
[2.343s] Level 1:colcon.colcon_core.package_identification:_identify(src/moveit2/moveit_ros/planning_interface) by extensions ['colcon_pkg']
[2.343s] Level 1:colcon.colcon_core.package_identification:_identify(src/moveit2/moveit_ros/planning_interface) by extension 'colcon_pkg'
[2.343s] Level 1:colcon.colcon_core.package_identification:_identify(src/moveit2/moveit_ros/planning_interface) by extensions ['colcon_meta']
[2.343s] Level 1:colcon.colcon_core.package_identification:_identify(src/moveit2/moveit_ros/planning_interface) by extension 'colcon_meta'
[2.344s] Level 1:colcon.colcon_core.package_identification:_identify(src/moveit2/moveit_ros/planning_interface) by extensions ['ros']
[2.344s] Level 1:colcon.colcon_core.package_identification:_identify(src/moveit2/moveit_ros/planning_interface) by extension 'ros'
[2.349s] DEBUG:colcon.colcon_core.package_identification:Package 'src/moveit2/moveit_ros/planning_interface' with type 'ros.ament_cmake' and name 'moveit_ros_planning_interface'
[2.349s] Level 1:colcon.colcon_core.package_identification:_identify(src/moveit2/moveit_ros/robot_interaction) by extensions ['ignore', 'ignore_ament_install']
[2.350s] Level 1:colcon.colcon_core.package_identification:_identify(src/moveit2/moveit_ros/robot_interaction) by extension 'ignore'
[2.350s] Level 1:colcon.colcon_core.package_identification:_identify(src/moveit2/moveit_ros/robot_interaction) by extension 'ignore_ament_install'
[2.350s] Level 1:colcon.colcon_core.package_identification:_identify(src/moveit2/moveit_ros/robot_interaction) by extensions ['colcon_pkg']
[2.350s] Level 1:colcon.colcon_core.package_identification:_identify(src/moveit2/moveit_ros/robot_interaction) by extension 'colcon_pkg'
[2.350s] Level 1:colcon.colcon_core.package_identification:_identify(src/moveit2/moveit_ros/robot_interaction) by extensions ['colcon_meta']
[2.350s] Level 1:colcon.colcon_core.package_identification:_identify(src/moveit2/moveit_ros/robot_interaction) by extension 'colcon_meta'
[2.350s] Level 1:colcon.colcon_core.package_identification:_identify(src/moveit2/moveit_ros/robot_interaction) by extensions ['ros']
[2.350s] Level 1:colcon.colcon_core.package_identification:_identify(src/moveit2/moveit_ros/robot_interaction) by extension 'ros'
[2.355s] DEBUG:colcon.colcon_core.package_identification:Package 'src/moveit2/moveit_ros/robot_interaction' with type 'ros.ament_cmake' and name 'moveit_ros_robot_interaction'
[2.356s] Level 1:colcon.colcon_core.package_identification:_identify(src/moveit2/moveit_ros/visualization) by extensions ['ignore', 'ignore_ament_install']
[2.356s] Level 1:colcon.colcon_core.package_identification:_identify(src/moveit2/moveit_ros/visualization) by extension 'ignore'
[2.357s] Level 1:colcon.colcon_core.package_identification:_identify(src/moveit2/moveit_ros/visualization) by extension 'ignore_ament_install'
[2.357s] Level 1:colcon.colcon_core.package_identification:_identify(src/moveit2/moveit_ros/visualization) by extensions ['colcon_pkg']
[2.357s] Level 1:colcon.colcon_core.package_identification:_identify(src/moveit2/moveit_ros/visualization) by extension 'colcon_pkg'
[2.357s] Level 1:colcon.colcon_core.package_identification:_identify(src/moveit2/moveit_ros/visualization) by extensions ['colcon_meta']
[2.357s] Level 1:colcon.colcon_core.package_identification:_identify(src/moveit2/moveit_ros/visualization) by extension 'colcon_meta'
[2.357s] Level 1:colcon.colcon_core.package_identification:_identify(src/moveit2/moveit_ros/visualization) by extensions ['ros']
[2.357s] Level 1:colcon.colcon_core.package_identification:_identify(src/moveit2/moveit_ros/visualization) by extension 'ros'
[2.361s] DEBUG:colcon.colcon_core.package_identification:Package 'src/moveit2/moveit_ros/visualization' with type 'ros.ament_cmake' and name 'moveit_ros_visualization'
[2.362s] Level 1:colcon.colcon_core.package_identification:_identify(src/moveit2/moveit_ros/warehouse) by extensions ['ignore', 'ignore_ament_install']
[2.362s] Level 1:colcon.colcon_core.package_identification:_identify(src/moveit2/moveit_ros/warehouse) by extension 'ignore'
[2.362s] Level 1:colcon.colcon_core.package_identification:_identify(src/moveit2/moveit_ros/warehouse) by extension 'ignore_ament_install'
[2.362s] Level 1:colcon.colcon_core.package_identification:_identify(src/moveit2/moveit_ros/warehouse) by extensions ['colcon_pkg']
[2.362s] Level 1:colcon.colcon_core.package_identification:_identify(src/moveit2/moveit_ros/warehouse) by extension 'colcon_pkg'
[2.362s] Level 1:colcon.colcon_core.package_identification:_identify(src/moveit2/moveit_ros/warehouse) by extensions ['colcon_meta']
[2.362s] Level 1:colcon.colcon_core.package_identification:_identify(src/moveit2/moveit_ros/warehouse) by extension 'colcon_meta'
[2.363s] Level 1:colcon.colcon_core.package_identification:_identify(src/moveit2/moveit_ros/warehouse) by extensions ['ros']
[2.363s] Level 1:colcon.colcon_core.package_identification:_identify(src/moveit2/moveit_ros/warehouse) by extension 'ros'
[2.366s] DEBUG:colcon.colcon_core.package_identification:Package 'src/moveit2/moveit_ros/warehouse' with type 'ros.ament_cmake' and name 'moveit_ros_warehouse'
[2.367s] Level 1:colcon.colcon_core.package_identification:_identify(src/moveit2/moveit_runtime) by extensions ['ignore', 'ignore_ament_install']
[2.367s] Level 1:colcon.colcon_core.package_identification:_identify(src/moveit2/moveit_runtime) by extension 'ignore'
[2.368s] Level 1:colcon.colcon_core.package_identification:_identify(src/moveit2/moveit_runtime) by extension 'ignore_ament_install'
[2.368s] Level 1:colcon.colcon_core.package_identification:_identify(src/moveit2/moveit_runtime) by extensions ['colcon_pkg']
[2.368s] Level 1:colcon.colcon_core.package_identification:_identify(src/moveit2/moveit_runtime) by extension 'colcon_pkg'
[2.368s] Level 1:colcon.colcon_core.package_identification:_identify(src/moveit2/moveit_runtime) by extensions ['colcon_meta']
[2.368s] Level 1:colcon.colcon_core.package_identification:_identify(src/moveit2/moveit_runtime) by extension 'colcon_meta'
[2.369s] Level 1:colcon.colcon_core.package_identification:_identify(src/moveit2/moveit_runtime) by extensions ['ros']
[2.369s] Level 1:colcon.colcon_core.package_identification:_identify(src/moveit2/moveit_runtime) by extension 'ros'
[2.371s] DEBUG:colcon.colcon_core.package_identification:Package 'src/moveit2/moveit_runtime' with type 'ros.ament_cmake' and name 'moveit_runtime'
[2.372s] Level 1:colcon.colcon_core.package_identification:_identify(src/moveit2/moveit_setup_assistant) by extensions ['ignore', 'ignore_ament_install']
[2.373s] Level 1:colcon.colcon_core.package_identification:_identify(src/moveit2/moveit_setup_assistant) by extension 'ignore'
[2.373s] Level 1:colcon.colcon_core.package_identification:_identify(src/moveit2/moveit_setup_assistant) by extension 'ignore_ament_install'
[2.373s] Level 1:colcon.colcon_core.package_identification:_identify(src/moveit2/moveit_setup_assistant) by extensions ['colcon_pkg']
[2.373s] Level 1:colcon.colcon_core.package_identification:_identify(src/moveit2/moveit_setup_assistant) by extension 'colcon_pkg'
[2.373s] Level 1:colcon.colcon_core.package_identification:_identify(src/moveit2/moveit_setup_assistant) by extensions ['colcon_meta']
[2.373s] Level 1:colcon.colcon_core.package_identification:_identify(src/moveit2/moveit_setup_assistant) by extension 'colcon_meta'
[2.373s] Level 1:colcon.colcon_core.package_identification:_identify(src/moveit2/moveit_setup_assistant) by extensions ['ros']
[2.373s] Level 1:colcon.colcon_core.package_identification:_identify(src/moveit2/moveit_setup_assistant) by extension 'ros'
[2.373s] Level 1:colcon.colcon_core.package_identification:_identify(src/moveit2/moveit_setup_assistant) by extensions ['cmake', 'python']
[2.374s] Level 1:colcon.colcon_core.package_identification:_identify(src/moveit2/moveit_setup_assistant) by extension 'cmake'
[2.374s] Level 1:colcon.colcon_core.package_identification:_identify(src/moveit2/moveit_setup_assistant) by extension 'python'
[2.374s] Level 1:colcon.colcon_core.package_identification:_identify(src/moveit2/moveit_setup_assistant) by extensions ['python_setup_py']
[2.374s] Level 1:colcon.colcon_core.package_identification:_identify(src/moveit2/moveit_setup_assistant) by extension 'python_setup_py'
[2.374s] Level 1:colcon.colcon_core.package_identification:_identify(src/moveit2/moveit_setup_assistant/graphics) by extensions ['ignore', 'ignore_ament_install']
[2.375s] Level 1:colcon.colcon_core.package_identification:_identify(src/moveit2/moveit_setup_assistant/graphics) by extension 'ignore'
[2.375s] Level 1:colcon.colcon_core.package_identification:_identify(src/moveit2/moveit_setup_assistant/graphics) by extension 'ignore_ament_install'
[2.375s] Level 1:colcon.colcon_core.package_identification:_identify(src/moveit2/moveit_setup_assistant/graphics) by extensions ['colcon_pkg']
[2.375s] Level 1:colcon.colcon_core.package_identification:_identify(src/moveit2/moveit_setup_assistant/graphics) by extension 'colcon_pkg'
[2.375s] Level 1:colcon.colcon_core.package_identification:_identify(src/moveit2/moveit_setup_assistant/graphics) by extensions ['colcon_meta']
[2.375s] Level 1:colcon.colcon_core.package_identification:_identify(src/moveit2/moveit_setup_assistant/graphics) by extension 'colcon_meta'
[2.376s] Level 1:colcon.colcon_core.package_identification:_identify(src/moveit2/moveit_setup_assistant/graphics) by extensions ['ros']
[2.376s] Level 1:colcon.colcon_core.package_identification:_identify(src/moveit2/moveit_setup_assistant/graphics) by extension 'ros'
[2.376s] Level 1:colcon.colcon_core.package_identification:_identify(src/moveit2/moveit_setup_assistant/graphics) by extensions ['cmake', 'python']
[2.376s] Level 1:colcon.colcon_core.package_identification:_identify(src/moveit2/moveit_setup_assistant/graphics) by extension 'cmake'
[2.376s] Level 1:colcon.colcon_core.package_identification:_identify(src/moveit2/moveit_setup_assistant/graphics) by extension 'python'
[2.376s] Level 1:colcon.colcon_core.package_identification:_identify(src/moveit2/moveit_setup_assistant/graphics) by extensions ['python_setup_py']
[2.376s] Level 1:colcon.colcon_core.package_identification:_identify(src/moveit2/moveit_setup_assistant/graphics) by extension 'python_setup_py'
[2.378s] Level 1:colcon.colcon_core.package_identification:_identify(src/moveit2/moveit_setup_assistant/graphics/source) by extensions ['ignore', 'ignore_ament_install']
[2.378s] Level 1:colcon.colcon_core.package_identification:_identify(src/moveit2/moveit_setup_assistant/graphics/source) by extension 'ignore'
[2.379s] Level 1:colcon.colcon_core.package_identification:_identify(src/moveit2/moveit_setup_assistant/graphics/source) by extension 'ignore_ament_install'
[2.379s] Level 1:colcon.colcon_core.package_identification:_identify(src/moveit2/moveit_setup_assistant/graphics/source) by extensions ['colcon_pkg']
[2.379s] Level 1:colcon.colcon_core.package_identification:_identify(src/moveit2/moveit_setup_assistant/graphics/source) by extension 'colcon_pkg'
[2.379s] Level 1:colcon.colcon_core.package_identification:_identify(src/moveit2/moveit_setup_assistant/graphics/source) by extensions ['colcon_meta']
[2.379s] Level 1:colcon.colcon_core.package_identification:_identify(src/moveit2/moveit_setup_assistant/graphics/source) by extension 'colcon_meta'
[2.379s] Level 1:colcon.colcon_core.package_identification:_identify(src/moveit2/moveit_setup_assistant/graphics/source) by extensions ['ros']
[2.380s] Level 1:colcon.colcon_core.package_identification:_identify(src/moveit2/moveit_setup_assistant/graphics/source) by extension 'ros'
[2.380s] Level 1:colcon.colcon_core.package_identification:_identify(src/moveit2/moveit_setup_assistant/graphics/source) by extensions ['cmake', 'python']
[2.380s] Level 1:colcon.colcon_core.package_identification:_identify(src/moveit2/moveit_setup_assistant/graphics/source) by extension 'cmake'
[2.380s] Level 1:colcon.colcon_core.package_identification:_identify(src/moveit2/moveit_setup_assistant/graphics/source) by extension 'python'
[2.380s] Level 1:colcon.colcon_core.package_identification:_identify(src/moveit2/moveit_setup_assistant/graphics/source) by extensions ['python_setup_py']
[2.380s] Level 1:colcon.colcon_core.package_identification:_identify(src/moveit2/moveit_setup_assistant/graphics/source) by extension 'python_setup_py'
[2.381s] Level 1:colcon.colcon_core.package_identification:_identify(src/moveit2/moveit_setup_assistant/moveit_setup_app_plugins) by extensions ['ignore', 'ignore_ament_install']
[2.382s] Level 1:colcon.colcon_core.package_identification:_identify(src/moveit2/moveit_setup_assistant/moveit_setup_app_plugins) by extension 'ignore'
[2.382s] Level 1:colcon.colcon_core.package_identification:_identify(src/moveit2/moveit_setup_assistant/moveit_setup_app_plugins) by extension 'ignore_ament_install'
[2.382s] Level 1:colcon.colcon_core.package_identification:_identify(src/moveit2/moveit_setup_assistant/moveit_setup_app_plugins) by extensions ['colcon_pkg']
[2.382s] Level 1:colcon.colcon_core.package_identification:_identify(src/moveit2/moveit_setup_assistant/moveit_setup_app_plugins) by extension 'colcon_pkg'
[2.382s] Level 1:colcon.colcon_core.package_identification:_identify(src/moveit2/moveit_setup_assistant/moveit_setup_app_plugins) by extensions ['colcon_meta']
[2.382s] Level 1:colcon.colcon_core.package_identification:_identify(src/moveit2/moveit_setup_assistant/moveit_setup_app_plugins) by extension 'colcon_meta'
[2.382s] Level 1:colcon.colcon_core.package_identification:_identify(src/moveit2/moveit_setup_assistant/moveit_setup_app_plugins) by extensions ['ros']
[2.382s] Level 1:colcon.colcon_core.package_identification:_identify(src/moveit2/moveit_setup_assistant/moveit_setup_app_plugins) by extension 'ros'
[2.385s] DEBUG:colcon.colcon_core.package_identification:Package 'src/moveit2/moveit_setup_assistant/moveit_setup_app_plugins' with type 'ros.ament_cmake' and name 'moveit_setup_app_plugins'
[2.386s] Level 1:colcon.colcon_core.package_identification:_identify(src/moveit2/moveit_setup_assistant/moveit_setup_assistant) by extensions ['ignore', 'ignore_ament_install']
[2.386s] Level 1:colcon.colcon_core.package_identification:_identify(src/moveit2/moveit_setup_assistant/moveit_setup_assistant) by extension 'ignore'
[2.386s] Level 1:colcon.colcon_core.package_identification:_identify(src/moveit2/moveit_setup_assistant/moveit_setup_assistant) by extension 'ignore_ament_install'
[2.386s] Level 1:colcon.colcon_core.package_identification:_identify(src/moveit2/moveit_setup_assistant/moveit_setup_assistant) by extensions ['colcon_pkg']
[2.386s] Level 1:colcon.colcon_core.package_identification:_identify(src/moveit2/moveit_setup_assistant/moveit_setup_assistant) by extension 'colcon_pkg'
[2.386s] Level 1:colcon.colcon_core.package_identification:_identify(src/moveit2/moveit_setup_assistant/moveit_setup_assistant) by extensions ['colcon_meta']
[2.386s] Level 1:colcon.colcon_core.package_identification:_identify(src/moveit2/moveit_setup_assistant/moveit_setup_assistant) by extension 'colcon_meta'
[2.387s] Level 1:colcon.colcon_core.package_identification:_identify(src/moveit2/moveit_setup_assistant/moveit_setup_assistant) by extensions ['ros']
[2.387s] Level 1:colcon.colcon_core.package_identification:_identify(src/moveit2/moveit_setup_assistant/moveit_setup_assistant) by extension 'ros'
[2.389s] DEBUG:colcon.colcon_core.package_identification:Package 'src/moveit2/moveit_setup_assistant/moveit_setup_assistant' with type 'ros.ament_cmake' and name 'moveit_setup_assistant'
[2.390s] Level 1:colcon.colcon_core.package_identification:_identify(src/moveit2/moveit_setup_assistant/moveit_setup_controllers) by extensions ['ignore', 'ignore_ament_install']
[2.390s] Level 1:colcon.colcon_core.package_identification:_identify(src/moveit2/moveit_setup_assistant/moveit_setup_controllers) by extension 'ignore'
[2.390s] Level 1:colcon.colcon_core.package_identification:_identify(src/moveit2/moveit_setup_assistant/moveit_setup_controllers) by extension 'ignore_ament_install'
[2.390s] Level 1:colcon.colcon_core.package_identification:_identify(src/moveit2/moveit_setup_assistant/moveit_setup_controllers) by extensions ['colcon_pkg']
[2.390s] Level 1:colcon.colcon_core.package_identification:_identify(src/moveit2/moveit_setup_assistant/moveit_setup_controllers) by extension 'colcon_pkg'
[2.391s] Level 1:colcon.colcon_core.package_identification:_identify(src/moveit2/moveit_setup_assistant/moveit_setup_controllers) by extensions ['colcon_meta']
[2.391s] Level 1:colcon.colcon_core.package_identification:_identify(src/moveit2/moveit_setup_assistant/moveit_setup_controllers) by extension 'colcon_meta'
[2.391s] Level 1:colcon.colcon_core.package_identification:_identify(src/moveit2/moveit_setup_assistant/moveit_setup_controllers) by extensions ['ros']
[2.391s] Level 1:colcon.colcon_core.package_identification:_identify(src/moveit2/moveit_setup_assistant/moveit_setup_controllers) by extension 'ros'
[2.396s] DEBUG:colcon.colcon_core.package_identification:Package 'src/moveit2/moveit_setup_assistant/moveit_setup_controllers' with type 'ros.ament_cmake' and name 'moveit_setup_controllers'
[2.397s] Level 1:colcon.colcon_core.package_identification:_identify(src/moveit2/moveit_setup_assistant/moveit_setup_core_plugins) by extensions ['ignore', 'ignore_ament_install']
[2.397s] Level 1:colcon.colcon_core.package_identification:_identify(src/moveit2/moveit_setup_assistant/moveit_setup_core_plugins) by extension 'ignore'
[2.398s] Level 1:colcon.colcon_core.package_identification:_identify(src/moveit2/moveit_setup_assistant/moveit_setup_core_plugins) by extension 'ignore_ament_install'
[2.398s] Level 1:colcon.colcon_core.package_identification:_identify(src/moveit2/moveit_setup_assistant/moveit_setup_core_plugins) by extensions ['colcon_pkg']
[2.399s] Level 1:colcon.colcon_core.package_identification:_identify(src/moveit2/moveit_setup_assistant/moveit_setup_core_plugins) by extension 'colcon_pkg'
[2.399s] Level 1:colcon.colcon_core.package_identification:_identify(src/moveit2/moveit_setup_assistant/moveit_setup_core_plugins) by extensions ['colcon_meta']
[2.399s] Level 1:colcon.colcon_core.package_identification:_identify(src/moveit2/moveit_setup_assistant/moveit_setup_core_plugins) by extension 'colcon_meta'
[2.399s] Level 1:colcon.colcon_core.package_identification:_identify(src/moveit2/moveit_setup_assistant/moveit_setup_core_plugins) by extensions ['ros']
[2.399s] Level 1:colcon.colcon_core.package_identification:_identify(src/moveit2/moveit_setup_assistant/moveit_setup_core_plugins) by extension 'ros'
[2.403s] DEBUG:colcon.colcon_core.package_identification:Package 'src/moveit2/moveit_setup_assistant/moveit_setup_core_plugins' with type 'ros.ament_cmake' and name 'moveit_setup_core_plugins'
[2.405s] Level 1:colcon.colcon_core.package_identification:_identify(src/moveit2/moveit_setup_assistant/moveit_setup_framework) by extensions ['ignore', 'ignore_ament_install']
[2.405s] Level 1:colcon.colcon_core.package_identification:_identify(src/moveit2/moveit_setup_assistant/moveit_setup_framework) by extension 'ignore'
[2.405s] Level 1:colcon.colcon_core.package_identification:_identify(src/moveit2/moveit_setup_assistant/moveit_setup_framework) by extension 'ignore_ament_install'
[2.405s] Level 1:colcon.colcon_core.package_identification:_identify(src/moveit2/moveit_setup_assistant/moveit_setup_framework) by extensions ['colcon_pkg']
[2.405s] Level 1:colcon.colcon_core.package_identification:_identify(src/moveit2/moveit_setup_assistant/moveit_setup_framework) by extension 'colcon_pkg'
[2.405s] Level 1:colcon.colcon_core.package_identification:_identify(src/moveit2/moveit_setup_assistant/moveit_setup_framework) by extensions ['colcon_meta']
[2.405s] Level 1:colcon.colcon_core.package_identification:_identify(src/moveit2/moveit_setup_assistant/moveit_setup_framework) by extension 'colcon_meta'
[2.405s] Level 1:colcon.colcon_core.package_identification:_identify(src/moveit2/moveit_setup_assistant/moveit_setup_framework) by extensions ['ros']
[2.405s] Level 1:colcon.colcon_core.package_identification:_identify(src/moveit2/moveit_setup_assistant/moveit_setup_framework) by extension 'ros'
[2.409s] DEBUG:colcon.colcon_core.package_identification:Package 'src/moveit2/moveit_setup_assistant/moveit_setup_framework' with type 'ros.ament_cmake' and name 'moveit_setup_framework'
[2.411s] Level 1:colcon.colcon_core.package_identification:_identify(src/moveit2/moveit_setup_assistant/moveit_setup_simulation) by extensions ['ignore', 'ignore_ament_install']
[2.411s] Level 1:colcon.colcon_core.package_identification:_identify(src/moveit2/moveit_setup_assistant/moveit_setup_simulation) by extension 'ignore'
[2.411s] Level 1:colcon.colcon_core.package_identification:_identify(src/moveit2/moveit_setup_assistant/moveit_setup_simulation) ignored
[2.412s] Level 1:colcon.colcon_core.package_identification:_identify(src/moveit2/moveit_setup_assistant/moveit_setup_srdf_plugins) by extensions ['ignore', 'ignore_ament_install']
[2.412s] Level 1:colcon.colcon_core.package_identification:_identify(src/moveit2/moveit_setup_assistant/moveit_setup_srdf_plugins) by extension 'ignore'
[2.413s] Level 1:colcon.colcon_core.package_identification:_identify(src/moveit2/moveit_setup_assistant/moveit_setup_srdf_plugins) by extension 'ignore_ament_install'
[2.413s] Level 1:colcon.colcon_core.package_identification:_identify(src/moveit2/moveit_setup_assistant/moveit_setup_srdf_plugins) by extensions ['colcon_pkg']
[2.413s] Level 1:colcon.colcon_core.package_identification:_identify(src/moveit2/moveit_setup_assistant/moveit_setup_srdf_plugins) by extension 'colcon_pkg'
[2.413s] Level 1:colcon.colcon_core.package_identification:_identify(src/moveit2/moveit_setup_assistant/moveit_setup_srdf_plugins) by extensions ['colcon_meta']
[2.413s] Level 1:colcon.colcon_core.package_identification:_identify(src/moveit2/moveit_setup_assistant/moveit_setup_srdf_plugins) by extension 'colcon_meta'
[2.413s] Level 1:colcon.colcon_core.package_identification:_identify(src/moveit2/moveit_setup_assistant/moveit_setup_srdf_plugins) by extensions ['ros']
[2.413s] Level 1:colcon.colcon_core.package_identification:_identify(src/moveit2/moveit_setup_assistant/moveit_setup_srdf_plugins) by extension 'ros'
[2.416s] DEBUG:colcon.colcon_core.package_identification:Package 'src/moveit2/moveit_setup_assistant/moveit_setup_srdf_plugins' with type 'ros.ament_cmake' and name 'moveit_setup_srdf_plugins'
[2.417s] Level 1:colcon.colcon_core.package_identification:_identify(src/moveit2/moveit_setup_assistant/unported_templates) by extensions ['ignore', 'ignore_ament_install']
[2.418s] Level 1:colcon.colcon_core.package_identification:_identify(src/moveit2/moveit_setup_assistant/unported_templates) by extension 'ignore'
[2.418s] Level 1:colcon.colcon_core.package_identification:_identify(src/moveit2/moveit_setup_assistant/unported_templates) by extension 'ignore_ament_install'
[2.418s] Level 1:colcon.colcon_core.package_identification:_identify(src/moveit2/moveit_setup_assistant/unported_templates) by extensions ['colcon_pkg']
[2.418s] Level 1:colcon.colcon_core.package_identification:_identify(src/moveit2/moveit_setup_assistant/unported_templates) by extension 'colcon_pkg'
[2.418s] Level 1:colcon.colcon_core.package_identification:_identify(src/moveit2/moveit_setup_assistant/unported_templates) by extensions ['colcon_meta']
[2.418s] Level 1:colcon.colcon_core.package_identification:_identify(src/moveit2/moveit_setup_assistant/unported_templates) by extension 'colcon_meta'
[2.418s] Level 1:colcon.colcon_core.package_identification:_identify(src/moveit2/moveit_setup_assistant/unported_templates) by extensions ['ros']
[2.418s] Level 1:colcon.colcon_core.package_identification:_identify(src/moveit2/moveit_setup_assistant/unported_templates) by extension 'ros'
[2.418s] Level 1:colcon.colcon_core.package_identification:_identify(src/moveit2/moveit_setup_assistant/unported_templates) by extensions ['cmake', 'python']
[2.418s] Level 1:colcon.colcon_core.package_identification:_identify(src/moveit2/moveit_setup_assistant/unported_templates) by extension 'cmake'
[2.418s] Level 1:colcon.colcon_core.package_identification:_identify(src/moveit2/moveit_setup_assistant/unported_templates) by extension 'python'
[2.419s] Level 1:colcon.colcon_core.package_identification:_identify(src/moveit2/moveit_setup_assistant/unported_templates) by extensions ['python_setup_py']
[2.419s] Level 1:colcon.colcon_core.package_identification:_identify(src/moveit2/moveit_setup_assistant/unported_templates) by extension 'python_setup_py'
[2.419s] Level 1:colcon.colcon_core.package_identification:_identify(src/moveit2_tutorials) by extensions ['ignore', 'ignore_ament_install']
[2.420s] Level 1:colcon.colcon_core.package_identification:_identify(src/moveit2_tutorials) by extension 'ignore'
[2.420s] Level 1:colcon.colcon_core.package_identification:_identify(src/moveit2_tutorials) by extension 'ignore_ament_install'
[2.420s] Level 1:colcon.colcon_core.package_identification:_identify(src/moveit2_tutorials) by extensions ['colcon_pkg']
[2.420s] Level 1:colcon.colcon_core.package_identification:_identify(src/moveit2_tutorials) by extension 'colcon_pkg'
[2.420s] Level 1:colcon.colcon_core.package_identification:_identify(src/moveit2_tutorials) by extensions ['colcon_meta']
[2.420s] Level 1:colcon.colcon_core.package_identification:_identify(src/moveit2_tutorials) by extension 'colcon_meta'
[2.420s] Level 1:colcon.colcon_core.package_identification:_identify(src/moveit2_tutorials) by extensions ['ros']
[2.420s] Level 1:colcon.colcon_core.package_identification:_identify(src/moveit2_tutorials) by extension 'ros'
[2.425s] DEBUG:colcon.colcon_core.package_identification:Package 'src/moveit2_tutorials' with type 'ros.ament_cmake' and name 'moveit2_tutorials'
[2.426s] Level 1:colcon.colcon_core.package_identification:_identify(src/moveit_resources) by extensions ['ignore', 'ignore_ament_install']
[2.426s] Level 1:colcon.colcon_core.package_identification:_identify(src/moveit_resources) by extension 'ignore'
[2.426s] Level 1:colcon.colcon_core.package_identification:_identify(src/moveit_resources) by extension 'ignore_ament_install'
[2.427s] Level 1:colcon.colcon_core.package_identification:_identify(src/moveit_resources) by extensions ['colcon_pkg']
[2.427s] Level 1:colcon.colcon_core.package_identification:_identify(src/moveit_resources) by extension 'colcon_pkg'
[2.427s] Level 1:colcon.colcon_core.package_identification:_identify(src/moveit_resources) by extensions ['colcon_meta']
[2.427s] Level 1:colcon.colcon_core.package_identification:_identify(src/moveit_resources) by extension 'colcon_meta'
[2.427s] Level 1:colcon.colcon_core.package_identification:_identify(src/moveit_resources) by extensions ['ros']
[2.427s] Level 1:colcon.colcon_core.package_identification:_identify(src/moveit_resources) by extension 'ros'
[2.428s] Level 1:colcon.colcon_core.package_identification:_identify(src/moveit_resources) by extensions ['cmake', 'python']
[2.428s] Level 1:colcon.colcon_core.package_identification:_identify(src/moveit_resources) by extension 'cmake'
[2.428s] Level 1:colcon.colcon_core.package_identification:_identify(src/moveit_resources) by extension 'python'
[2.428s] Level 1:colcon.colcon_core.package_identification:_identify(src/moveit_resources) by extensions ['python_setup_py']
[2.428s] Level 1:colcon.colcon_core.package_identification:_identify(src/moveit_resources) by extension 'python_setup_py'
[2.429s] Level 1:colcon.colcon_core.package_identification:_identify(src/moveit_resources/fanuc_description) by extensions ['ignore', 'ignore_ament_install']
[2.430s] Level 1:colcon.colcon_core.package_identification:_identify(src/moveit_resources/fanuc_description) by extension 'ignore'
[2.430s] Level 1:colcon.colcon_core.package_identification:_identify(src/moveit_resources/fanuc_description) by extension 'ignore_ament_install'
[2.430s] Level 1:colcon.colcon_core.package_identification:_identify(src/moveit_resources/fanuc_description) by extensions ['colcon_pkg']
[2.430s] Level 1:colcon.colcon_core.package_identification:_identify(src/moveit_resources/fanuc_description) by extension 'colcon_pkg'
[2.430s] Level 1:colcon.colcon_core.package_identification:_identify(src/moveit_resources/fanuc_description) by extensions ['colcon_meta']
[2.430s] Level 1:colcon.colcon_core.package_identification:_identify(src/moveit_resources/fanuc_description) by extension 'colcon_meta'
[2.431s] Level 1:colcon.colcon_core.package_identification:_identify(src/moveit_resources/fanuc_description) by extensions ['ros']
[2.431s] Level 1:colcon.colcon_core.package_identification:_identify(src/moveit_resources/fanuc_description) by extension 'ros'
[2.433s] DEBUG:colcon.colcon_core.package_identification:Package 'src/moveit_resources/fanuc_description' with type 'ros.ament_cmake' and name 'moveit_resources_fanuc_description'
[2.434s] Level 1:colcon.colcon_core.package_identification:_identify(src/moveit_resources/fanuc_moveit_config) by extensions ['ignore', 'ignore_ament_install']
[2.434s] Level 1:colcon.colcon_core.package_identification:_identify(src/moveit_resources/fanuc_moveit_config) by extension 'ignore'
[2.434s] Level 1:colcon.colcon_core.package_identification:_identify(src/moveit_resources/fanuc_moveit_config) by extension 'ignore_ament_install'
[2.434s] Level 1:colcon.colcon_core.package_identification:_identify(src/moveit_resources/fanuc_moveit_config) by extensions ['colcon_pkg']
[2.434s] Level 1:colcon.colcon_core.package_identification:_identify(src/moveit_resources/fanuc_moveit_config) by extension 'colcon_pkg'
[2.434s] Level 1:colcon.colcon_core.package_identification:_identify(src/moveit_resources/fanuc_moveit_config) by extensions ['colcon_meta']
[2.434s] Level 1:colcon.colcon_core.package_identification:_identify(src/moveit_resources/fanuc_moveit_config) by extension 'colcon_meta'
[2.434s] Level 1:colcon.colcon_core.package_identification:_identify(src/moveit_resources/fanuc_moveit_config) by extensions ['ros']
[2.434s] Level 1:colcon.colcon_core.package_identification:_identify(src/moveit_resources/fanuc_moveit_config) by extension 'ros'
[2.437s] DEBUG:colcon.colcon_core.package_identification:Package 'src/moveit_resources/fanuc_moveit_config' with type 'ros.ament_cmake' and name 'moveit_resources_fanuc_moveit_config'
[2.438s] Level 1:colcon.colcon_core.package_identification:_identify(src/moveit_resources/moveit_resources) by extensions ['ignore', 'ignore_ament_install']
[2.438s] Level 1:colcon.colcon_core.package_identification:_identify(src/moveit_resources/moveit_resources) by extension 'ignore'
[2.439s] Level 1:colcon.colcon_core.package_identification:_identify(src/moveit_resources/moveit_resources) by extension 'ignore_ament_install'
[2.439s] Level 1:colcon.colcon_core.package_identification:_identify(src/moveit_resources/moveit_resources) by extensions ['colcon_pkg']
[2.439s] Level 1:colcon.colcon_core.package_identification:_identify(src/moveit_resources/moveit_resources) by extension 'colcon_pkg'
[2.439s] Level 1:colcon.colcon_core.package_identification:_identify(src/moveit_resources/moveit_resources) by extensions ['colcon_meta']
[2.439s] Level 1:colcon.colcon_core.package_identification:_identify(src/moveit_resources/moveit_resources) by extension 'colcon_meta'
[2.439s] Level 1:colcon.colcon_core.package_identification:_identify(src/moveit_resources/moveit_resources) by extensions ['ros']
[2.440s] Level 1:colcon.colcon_core.package_identification:_identify(src/moveit_resources/moveit_resources) by extension 'ros'
[2.442s] DEBUG:colcon.colcon_core.package_identification:Package 'src/moveit_resources/moveit_resources' with type 'ros.ament_cmake' and name 'moveit_resources'
[2.443s] Level 1:colcon.colcon_core.package_identification:_identify(src/moveit_resources/panda_description) by extensions ['ignore', 'ignore_ament_install']
[2.444s] Level 1:colcon.colcon_core.package_identification:_identify(src/moveit_resources/panda_description) by extension 'ignore'
[2.444s] Level 1:colcon.colcon_core.package_identification:_identify(src/moveit_resources/panda_description) by extension 'ignore_ament_install'
[2.444s] Level 1:colcon.colcon_core.package_identification:_identify(src/moveit_resources/panda_description) by extensions ['colcon_pkg']
[2.444s] Level 1:colcon.colcon_core.package_identification:_identify(src/moveit_resources/panda_description) by extension 'colcon_pkg'
[2.445s] Level 1:colcon.colcon_core.package_identification:_identify(src/moveit_resources/panda_description) by extensions ['colcon_meta']
[2.445s] Level 1:colcon.colcon_core.package_identification:_identify(src/moveit_resources/panda_description) by extension 'colcon_meta'
[2.445s] Level 1:colcon.colcon_core.package_identification:_identify(src/moveit_resources/panda_description) by extensions ['ros']
[2.445s] Level 1:colcon.colcon_core.package_identification:_identify(src/moveit_resources/panda_description) by extension 'ros'
[2.449s] DEBUG:colcon.colcon_core.package_identification:Package 'src/moveit_resources/panda_description' with type 'ros.ament_cmake' and name 'moveit_resources_panda_description'
[2.450s] Level 1:colcon.colcon_core.package_identification:_identify(src/moveit_resources/panda_moveit_config) by extensions ['ignore', 'ignore_ament_install']
[2.450s] Level 1:colcon.colcon_core.package_identification:_identify(src/moveit_resources/panda_moveit_config) by extension 'ignore'
[2.451s] Level 1:colcon.colcon_core.package_identification:_identify(src/moveit_resources/panda_moveit_config) by extension 'ignore_ament_install'
[2.451s] Level 1:colcon.colcon_core.package_identification:_identify(src/moveit_resources/panda_moveit_config) by extensions ['colcon_pkg']
[2.451s] Level 1:colcon.colcon_core.package_identification:_identify(src/moveit_resources/panda_moveit_config) by extension 'colcon_pkg'
[2.451s] Level 1:colcon.colcon_core.package_identification:_identify(src/moveit_resources/panda_moveit_config) by extensions ['colcon_meta']
[2.452s] Level 1:colcon.colcon_core.package_identification:_identify(src/moveit_resources/panda_moveit_config) by extension 'colcon_meta'
[2.452s] Level 1:colcon.colcon_core.package_identification:_identify(src/moveit_resources/panda_moveit_config) by extensions ['ros']
[2.452s] Level 1:colcon.colcon_core.package_identification:_identify(src/moveit_resources/panda_moveit_config) by extension 'ros'
[2.453s] DEBUG:colcon.colcon_core.package_identification:Package 'src/moveit_resources/panda_moveit_config' with type 'ros.ament_cmake' and name 'moveit_resources_panda_moveit_config'
[2.454s] Level 1:colcon.colcon_core.package_identification:_identify(src/moveit_resources/pr2_description) by extensions ['ignore', 'ignore_ament_install']
[2.454s] Level 1:colcon.colcon_core.package_identification:_identify(src/moveit_resources/pr2_description) by extension 'ignore'
[2.454s] Level 1:colcon.colcon_core.package_identification:_identify(src/moveit_resources/pr2_description) by extension 'ignore_ament_install'
[2.455s] Level 1:colcon.colcon_core.package_identification:_identify(src/moveit_resources/pr2_description) by extensions ['colcon_pkg']
[2.455s] Level 1:colcon.colcon_core.package_identification:_identify(src/moveit_resources/pr2_description) by extension 'colcon_pkg'
[2.455s] Level 1:colcon.colcon_core.package_identification:_identify(src/moveit_resources/pr2_description) by extensions ['colcon_meta']
[2.455s] Level 1:colcon.colcon_core.package_identification:_identify(src/moveit_resources/pr2_description) by extension 'colcon_meta'
[2.455s] Level 1:colcon.colcon_core.package_identification:_identify(src/moveit_resources/pr2_description) by extensions ['ros']
[2.455s] Level 1:colcon.colcon_core.package_identification:_identify(src/moveit_resources/pr2_description) by extension 'ros'
[2.458s] DEBUG:colcon.colcon_core.package_identification:Package 'src/moveit_resources/pr2_description' with type 'ros.ament_cmake' and name 'moveit_resources_pr2_description'
[2.462s] Level 1:colcon.colcon_core.package_identification:_identify(src/moveit_task_constructor) by extensions ['ignore', 'ignore_ament_install']
[2.463s] Level 1:colcon.colcon_core.package_identification:_identify(src/moveit_task_constructor) by extension 'ignore'
[2.463s] Level 1:colcon.colcon_core.package_identification:_identify(src/moveit_task_constructor) by extension 'ignore_ament_install'
[2.463s] Level 1:colcon.colcon_core.package_identification:_identify(src/moveit_task_constructor) by extensions ['colcon_pkg']
[2.463s] Level 1:colcon.colcon_core.package_identification:_identify(src/moveit_task_constructor) by extension 'colcon_pkg'
[2.463s] Level 1:colcon.colcon_core.package_identification:_identify(src/moveit_task_constructor) by extensions ['colcon_meta']
[2.464s] Level 1:colcon.colcon_core.package_identification:_identify(src/moveit_task_constructor) by extension 'colcon_meta'
[2.464s] Level 1:colcon.colcon_core.package_identification:_identify(src/moveit_task_constructor) by extensions ['ros']
[2.464s] Level 1:colcon.colcon_core.package_identification:_identify(src/moveit_task_constructor) by extension 'ros'
[2.464s] Level 1:colcon.colcon_core.package_identification:_identify(src/moveit_task_constructor) by extensions ['cmake', 'python']
[2.464s] Level 1:colcon.colcon_core.package_identification:_identify(src/moveit_task_constructor) by extension 'cmake'
[2.465s] Level 1:colcon.colcon_core.package_identification:_identify(src/moveit_task_constructor) by extension 'python'
[2.465s] Level 1:colcon.colcon_core.package_identification:_identify(src/moveit_task_constructor) by extensions ['python_setup_py']
[2.465s] Level 1:colcon.colcon_core.package_identification:_identify(src/moveit_task_constructor) by extension 'python_setup_py'
[2.466s] Level 1:colcon.colcon_core.package_identification:_identify(src/moveit_task_constructor/capabilities) by extensions ['ignore', 'ignore_ament_install']
[2.467s] Level 1:colcon.colcon_core.package_identification:_identify(src/moveit_task_constructor/capabilities) by extension 'ignore'
[2.467s] Level 1:colcon.colcon_core.package_identification:_identify(src/moveit_task_constructor/capabilities) by extension 'ignore_ament_install'
[2.467s] Level 1:colcon.colcon_core.package_identification:_identify(src/moveit_task_constructor/capabilities) by extensions ['colcon_pkg']
[2.467s] Level 1:colcon.colcon_core.package_identification:_identify(src/moveit_task_constructor/capabilities) by extension 'colcon_pkg'
[2.467s] Level 1:colcon.colcon_core.package_identification:_identify(src/moveit_task_constructor/capabilities) by extensions ['colcon_meta']
[2.467s] Level 1:colcon.colcon_core.package_identification:_identify(src/moveit_task_constructor/capabilities) by extension 'colcon_meta'
[2.467s] Level 1:colcon.colcon_core.package_identification:_identify(src/moveit_task_constructor/capabilities) by extensions ['ros']
[2.468s] Level 1:colcon.colcon_core.package_identification:_identify(src/moveit_task_constructor/capabilities) by extension 'ros'
[2.474s] DEBUG:colcon.colcon_core.package_identification:Package 'src/moveit_task_constructor/capabilities' with type 'ros.ament_cmake' and name 'moveit_task_constructor_capabilities'
[2.475s] Level 1:colcon.colcon_core.package_identification:_identify(src/moveit_task_constructor/core) by extensions ['ignore', 'ignore_ament_install']
[2.475s] Level 1:colcon.colcon_core.package_identification:_identify(src/moveit_task_constructor/core) by extension 'ignore'
[2.476s] Level 1:colcon.colcon_core.package_identification:_identify(src/moveit_task_constructor/core) by extension 'ignore_ament_install'
[2.476s] Level 1:colcon.colcon_core.package_identification:_identify(src/moveit_task_constructor/core) by extensions ['colcon_pkg']
[2.476s] Level 1:colcon.colcon_core.package_identification:_identify(src/moveit_task_constructor/core) by extension 'colcon_pkg'
[2.476s] Level 1:colcon.colcon_core.package_identification:_identify(src/moveit_task_constructor/core) by extensions ['colcon_meta']
[2.476s] Level 1:colcon.colcon_core.package_identification:_identify(src/moveit_task_constructor/core) by extension 'colcon_meta'
[2.476s] Level 1:colcon.colcon_core.package_identification:_identify(src/moveit_task_constructor/core) by extensions ['ros']
[2.476s] Level 1:colcon.colcon_core.package_identification:_identify(src/moveit_task_constructor/core) by extension 'ros'
[2.479s] DEBUG:colcon.colcon_core.package_identification:Package 'src/moveit_task_constructor/core' with type 'ros.ament_cmake' and name 'moveit_task_constructor_core'
[2.481s] Level 1:colcon.colcon_core.package_identification:_identify(src/moveit_task_constructor/demo) by extensions ['ignore', 'ignore_ament_install']
[2.481s] Level 1:colcon.colcon_core.package_identification:_identify(src/moveit_task_constructor/demo) by extension 'ignore'
[2.481s] Level 1:colcon.colcon_core.package_identification:_identify(src/moveit_task_constructor/demo) by extension 'ignore_ament_install'
[2.482s] Level 1:colcon.colcon_core.package_identification:_identify(src/moveit_task_constructor/demo) by extensions ['colcon_pkg']
[2.482s] Level 1:colcon.colcon_core.package_identification:_identify(src/moveit_task_constructor/demo) by extension 'colcon_pkg'
[2.482s] Level 1:colcon.colcon_core.package_identification:_identify(src/moveit_task_constructor/demo) by extensions ['colcon_meta']
[2.483s] Level 1:colcon.colcon_core.package_identification:_identify(src/moveit_task_constructor/demo) by extension 'colcon_meta'
[2.483s] Level 1:colcon.colcon_core.package_identification:_identify(src/moveit_task_constructor/demo) by extensions ['ros']
[2.483s] Level 1:colcon.colcon_core.package_identification:_identify(src/moveit_task_constructor/demo) by extension 'ros'
[2.487s] DEBUG:colcon.colcon_core.package_identification:Package 'src/moveit_task_constructor/demo' with type 'ros.ament_cmake' and name 'moveit_task_constructor_demo'
[2.488s] Level 1:colcon.colcon_core.package_identification:_identify(src/moveit_task_constructor/msgs) by extensions ['ignore', 'ignore_ament_install']
[2.488s] Level 1:colcon.colcon_core.package_identification:_identify(src/moveit_task_constructor/msgs) by extension 'ignore'
[2.488s] Level 1:colcon.colcon_core.package_identification:_identify(src/moveit_task_constructor/msgs) by extension 'ignore_ament_install'
[2.489s] Level 1:colcon.colcon_core.package_identification:_identify(src/moveit_task_constructor/msgs) by extensions ['colcon_pkg']
[2.489s] Level 1:colcon.colcon_core.package_identification:_identify(src/moveit_task_constructor/msgs) by extension 'colcon_pkg'
[2.489s] Level 1:colcon.colcon_core.package_identification:_identify(src/moveit_task_constructor/msgs) by extensions ['colcon_meta']
[2.489s] Level 1:colcon.colcon_core.package_identification:_identify(src/moveit_task_constructor/msgs) by extension 'colcon_meta'
[2.489s] Level 1:colcon.colcon_core.package_identification:_identify(src/moveit_task_constructor/msgs) by extensions ['ros']
[2.489s] Level 1:colcon.colcon_core.package_identification:_identify(src/moveit_task_constructor/msgs) by extension 'ros'
[2.493s] DEBUG:colcon.colcon_core.package_identification:Package 'src/moveit_task_constructor/msgs' with type 'ros.ament_cmake' and name 'moveit_task_constructor_msgs'
[2.494s] Level 1:colcon.colcon_core.package_identification:_identify(src/moveit_task_constructor/rviz_marker_tools) by extensions ['ignore', 'ignore_ament_install']
[2.494s] Level 1:colcon.colcon_core.package_identification:_identify(src/moveit_task_constructor/rviz_marker_tools) by extension 'ignore'
[2.494s] Level 1:colcon.colcon_core.package_identification:_identify(src/moveit_task_constructor/rviz_marker_tools) by extension 'ignore_ament_install'
[2.494s] Level 1:colcon.colcon_core.package_identification:_identify(src/moveit_task_constructor/rviz_marker_tools) by extensions ['colcon_pkg']
[2.494s] Level 1:colcon.colcon_core.package_identification:_identify(src/moveit_task_constructor/rviz_marker_tools) by extension 'colcon_pkg'
[2.495s] Level 1:colcon.colcon_core.package_identification:_identify(src/moveit_task_constructor/rviz_marker_tools) by extensions ['colcon_meta']
[2.495s] Level 1:colcon.colcon_core.package_identification:_identify(src/moveit_task_constructor/rviz_marker_tools) by extension 'colcon_meta'
[2.495s] Level 1:colcon.colcon_core.package_identification:_identify(src/moveit_task_constructor/rviz_marker_tools) by extensions ['ros']
[2.495s] Level 1:colcon.colcon_core.package_identification:_identify(src/moveit_task_constructor/rviz_marker_tools) by extension 'ros'
[2.497s] DEBUG:colcon.colcon_core.package_identification:Package 'src/moveit_task_constructor/rviz_marker_tools' with type 'ros.ament_cmake' and name 'rviz_marker_tools'
[2.498s] Level 1:colcon.colcon_core.package_identification:_identify(src/moveit_task_constructor/visualization) by extensions ['ignore', 'ignore_ament_install']
[2.498s] Level 1:colcon.colcon_core.package_identification:_identify(src/moveit_task_constructor/visualization) by extension 'ignore'
[2.499s] Level 1:colcon.colcon_core.package_identification:_identify(src/moveit_task_constructor/visualization) by extension 'ignore_ament_install'
[2.499s] Level 1:colcon.colcon_core.package_identification:_identify(src/moveit_task_constructor/visualization) by extensions ['colcon_pkg']
[2.499s] Level 1:colcon.colcon_core.package_identification:_identify(src/moveit_task_constructor/visualization) by extension 'colcon_pkg'
[2.499s] Level 1:colcon.colcon_core.package_identification:_identify(src/moveit_task_constructor/visualization) by extensions ['colcon_meta']
[2.499s] Level 1:colcon.colcon_core.package_identification:_identify(src/moveit_task_constructor/visualization) by extension 'colcon_meta'
[2.499s] Level 1:colcon.colcon_core.package_identification:_identify(src/moveit_task_constructor/visualization) by extensions ['ros']
[2.499s] Level 1:colcon.colcon_core.package_identification:_identify(src/moveit_task_constructor/visualization) by extension 'ros'
[2.502s] DEBUG:colcon.colcon_core.package_identification:Package 'src/moveit_task_constructor/visualization' with type 'ros.ament_cmake' and name 'moveit_task_constructor_visualization'
[2.503s] Level 1:colcon.colcon_core.package_identification:_identify(src/moveit_visual_tools) by extensions ['ignore', 'ignore_ament_install']
[2.503s] Level 1:colcon.colcon_core.package_identification:_identify(src/moveit_visual_tools) by extension 'ignore'
[2.504s] Level 1:colcon.colcon_core.package_identification:_identify(src/moveit_visual_tools) by extension 'ignore_ament_install'
[2.504s] Level 1:colcon.colcon_core.package_identification:_identify(src/moveit_visual_tools) by extensions ['colcon_pkg']
[2.504s] Level 1:colcon.colcon_core.package_identification:_identify(src/moveit_visual_tools) by extension 'colcon_pkg'
[2.504s] Level 1:colcon.colcon_core.package_identification:_identify(src/moveit_visual_tools) by extensions ['colcon_meta']
[2.504s] Level 1:colcon.colcon_core.package_identification:_identify(src/moveit_visual_tools) by extension 'colcon_meta'
[2.504s] Level 1:colcon.colcon_core.package_identification:_identify(src/moveit_visual_tools) by extensions ['ros']
[2.504s] Level 1:colcon.colcon_core.package_identification:_identify(src/moveit_visual_tools) by extension 'ros'
[2.509s] DEBUG:colcon.colcon_core.package_identification:Package 'src/moveit_visual_tools' with type 'ros.ament_cmake' and name 'moveit_visual_tools'
[2.509s] Level 1:colcon.colcon_core.package_identification:_identify(src/rosparam_shortcuts) by extensions ['ignore', 'ignore_ament_install']
[2.510s] Level 1:colcon.colcon_core.package_identification:_identify(src/rosparam_shortcuts) by extension 'ignore'
[2.510s] Level 1:colcon.colcon_core.package_identification:_identify(src/rosparam_shortcuts) by extension 'ignore_ament_install'
[2.511s] Level 1:colcon.colcon_core.package_identification:_identify(src/rosparam_shortcuts) by extensions ['colcon_pkg']
[2.511s] Level 1:colcon.colcon_core.package_identification:_identify(src/rosparam_shortcuts) by extension 'colcon_pkg'
[2.511s] Level 1:colcon.colcon_core.package_identification:_identify(src/rosparam_shortcuts) by extensions ['colcon_meta']
[2.512s] Level 1:colcon.colcon_core.package_identification:_identify(src/rosparam_shortcuts) by extension 'colcon_meta'
[2.512s] Level 1:colcon.colcon_core.package_identification:_identify(src/rosparam_shortcuts) by extensions ['ros']
[2.513s] Level 1:colcon.colcon_core.package_identification:_identify(src/rosparam_shortcuts) by extension 'ros'
[2.517s] DEBUG:colcon.colcon_core.package_identification:Package 'src/rosparam_shortcuts' with type 'ros.ament_cmake' and name 'rosparam_shortcuts'
[2.518s] Level 1:colcon.colcon_core.package_identification:_identify(src/srdfdom) by extensions ['ignore', 'ignore_ament_install']
[2.518s] Level 1:colcon.colcon_core.package_identification:_identify(src/srdfdom) by extension 'ignore'
[2.519s] Level 1:colcon.colcon_core.package_identification:_identify(src/srdfdom) by extension 'ignore_ament_install'
[2.519s] Level 1:colcon.colcon_core.package_identification:_identify(src/srdfdom) by extensions ['colcon_pkg']
[2.519s] Level 1:colcon.colcon_core.package_identification:_identify(src/srdfdom) by extension 'colcon_pkg'
[2.519s] Level 1:colcon.colcon_core.package_identification:_identify(src/srdfdom) by extensions ['colcon_meta']
[2.519s] Level 1:colcon.colcon_core.package_identification:_identify(src/srdfdom) by extension 'colcon_meta'
[2.519s] Level 1:colcon.colcon_core.package_identification:_identify(src/srdfdom) by extensions ['ros']
[2.519s] Level 1:colcon.colcon_core.package_identification:_identify(src/srdfdom) by extension 'ros'
[2.523s] DEBUG:colcon.colcon_core.package_identification:Package 'src/srdfdom' with type 'ros.ament_cmake' and name 'srdfdom'
[2.524s] Level 1:colcon.colcon_core.package_identification:_identify(src/ur3e_motion) by extensions ['ignore', 'ignore_ament_install']
[2.525s] Level 1:colcon.colcon_core.package_identification:_identify(src/ur3e_motion) by extension 'ignore'
[2.525s] Level 1:colcon.colcon_core.package_identification:_identify(src/ur3e_motion) by extension 'ignore_ament_install'
[2.526s] Level 1:colcon.colcon_core.package_identification:_identify(src/ur3e_motion) by extensions ['colcon_pkg']
[2.527s] Level 1:colcon.colcon_core.package_identification:_identify(src/ur3e_motion) by extension 'colcon_pkg'
[2.527s] Level 1:colcon.colcon_core.package_identification:_identify(src/ur3e_motion) by extensions ['colcon_meta']
[2.527s] Level 1:colcon.colcon_core.package_identification:_identify(src/ur3e_motion) by extension 'colcon_meta'
[2.527s] Level 1:colcon.colcon_core.package_identification:_identify(src/ur3e_motion) by extensions ['ros']
[2.527s] Level 1:colcon.colcon_core.package_identification:_identify(src/ur3e_motion) by extension 'ros'
[2.531s] DEBUG:colcon.colcon_core.package_identification:Package 'src/ur3e_motion' with type 'ros.ament_python' and name 'ur3e_motion'
[2.532s] Level 1:colcon.colcon_core.package_identification:_identify(src/ur3e_motion_cpp) by extensions ['ignore', 'ignore_ament_install']
[2.533s] Level 1:colcon.colcon_core.package_identification:_identify(src/ur3e_motion_cpp) by extension 'ignore'
[2.533s] Level 1:colcon.colcon_core.package_identification:_identify(src/ur3e_motion_cpp) by extension 'ignore_ament_install'
[2.533s] Level 1:colcon.colcon_core.package_identification:_identify(src/ur3e_motion_cpp) by extensions ['colcon_pkg']
[2.533s] Level 1:colcon.colcon_core.package_identification:_identify(src/ur3e_motion_cpp) by extension 'colcon_pkg'
[2.533s] Level 1:colcon.colcon_core.package_identification:_identify(src/ur3e_motion_cpp) by extensions ['colcon_meta']
[2.533s] Level 1:colcon.colcon_core.package_identification:_identify(src/ur3e_motion_cpp) by extension 'colcon_meta'
[2.533s] Level 1:colcon.colcon_core.package_identification:_identify(src/ur3e_motion_cpp) by extensions ['ros']
[2.533s] Level 1:colcon.colcon_core.package_identification:_identify(src/ur3e_motion_cpp) by extension 'ros'
[2.535s] DEBUG:colcon.colcon_core.package_identification:Package 'src/ur3e_motion_cpp' with type 'ros.ament_cmake' and name 'ur3e_motion_cpp'
[2.536s] Level 1:colcon.colcon_core.package_discovery:discover_packages(recursive) using defaults
[2.536s] Level 1:colcon.colcon_core.package_discovery:discover_packages(ignore) discover
[2.536s] Level 1:colcon.colcon_core.package_discovery:discover_packages(ignore) using defaults
[2.536s] Level 1:colcon.colcon_core.package_discovery:discover_packages(path) discover
[2.536s] Level 1:colcon.colcon_core.package_discovery:discover_packages(path) using defaults
[2.783s] INFO:colcon.colcon_core.package_selection:Skipping not selected package 'launch_param_builder' in 'src/launch_param_builder'
[2.783s] INFO:colcon.colcon_core.package_selection:Skipping not selected package 'moveit_common' in 'src/moveit2/moveit_common'
[2.783s] INFO:colcon.colcon_core.package_selection:Skipping not selected package 'moveit_resources_fanuc_description' in 'src/moveit_resources/fanuc_description'
[2.784s] INFO:colcon.colcon_core.package_selection:Skipping not selected package 'moveit_resources_panda_description' in 'src/moveit_resources/panda_description'
[2.784s] INFO:colcon.colcon_core.package_selection:Skipping not selected package 'moveit_resources_pr2_description' in 'src/moveit_resources/pr2_description'
[2.784s] INFO:colcon.colcon_core.package_selection:Skipping not selected package 'moveit_resources_prbt_support' in 'src/moveit2/moveit_planners/test_configs/prbt_support'
[2.784s] INFO:colcon.colcon_core.package_selection:Skipping not selected package 'moveit_task_constructor_msgs' in 'src/moveit_task_constructor/msgs'
[2.784s] INFO:colcon.colcon_core.package_selection:Skipping not selected package 'rosparam_shortcuts' in 'src/rosparam_shortcuts'
[2.784s] INFO:colcon.colcon_core.package_selection:Skipping not selected package 'srdfdom' in 'src/srdfdom'
[2.784s] INFO:colcon.colcon_core.package_selection:Skipping not selected package 'moveit_configs_utils' in 'src/moveit2/moveit_configs_utils'
[2.784s] INFO:colcon.colcon_core.package_selection:Skipping not selected package 'moveit_resources_fanuc_moveit_config' in 'src/moveit_resources/fanuc_moveit_config'
[2.784s] INFO:colcon.colcon_core.package_selection:Skipping not selected package 'moveit_resources_panda_moveit_config' in 'src/moveit_resources/panda_moveit_config'
[2.784s] INFO:colcon.colcon_core.package_selection:Skipping not selected package 'rviz_marker_tools' in 'src/moveit_task_constructor/rviz_marker_tools'
[2.785s] INFO:colcon.colcon_core.package_selection:Skipping not selected package 'moveit_core' in 'src/moveit2/moveit_core'
[2.785s] INFO:colcon.colcon_core.package_selection:Skipping not selected package 'moveit_resources' in 'src/moveit_resources/moveit_resources'
[2.785s] INFO:colcon.colcon_core.package_selection:Skipping not selected package 'chomp_motion_planner' in 'src/moveit2/moveit_planners/chomp/chomp_motion_planner'
[2.785s] INFO:colcon.colcon_core.package_selection:Skipping not selected package 'moveit_resources_prbt_ikfast_manipulator_plugin' in 'src/moveit2/moveit_planners/test_configs/prbt_ikfast_manipulator_plugin'
[2.785s] INFO:colcon.colcon_core.package_selection:Skipping not selected package 'moveit_ros_occupancy_map_monitor' in 'src/moveit2/moveit_ros/occupancy_map_monitor'
[2.785s] INFO:colcon.colcon_core.package_selection:Skipping not selected package 'moveit_simple_controller_manager' in 'src/moveit2/moveit_plugins/moveit_simple_controller_manager'
[2.785s] INFO:colcon.colcon_core.package_selection:Skipping not selected package 'pilz_industrial_motion_planner_testutils' in 'src/moveit2/moveit_planners/pilz_industrial_motion_planner_testutils'
[2.785s] INFO:colcon.colcon_core.package_selection:Skipping not selected package 'moveit_chomp_optimizer_adapter' in 'src/moveit2/moveit_planners/chomp/chomp_optimizer_adapter'
[2.785s] INFO:colcon.colcon_core.package_selection:Skipping not selected package 'moveit_planners_chomp' in 'src/moveit2/moveit_planners/chomp/chomp_interface'
[2.785s] INFO:colcon.colcon_core.package_selection:Skipping not selected package 'moveit_plugins' in 'src/moveit2/moveit_plugins/moveit_plugins'
[2.785s] INFO:colcon.colcon_core.package_selection:Skipping not selected package 'moveit_ros_control_interface' in 'src/moveit2/moveit_plugins/moveit_ros_control_interface'
[2.785s] INFO:colcon.colcon_core.package_selection:Skipping not selected package 'moveit_ros_planning' in 'src/moveit2/moveit_ros/planning'
[2.785s] INFO:colcon.colcon_core.package_selection:Skipping not selected package 'moveit_kinematics' in 'src/moveit2/moveit_kinematics'
[2.785s] INFO:colcon.colcon_core.package_selection:Skipping not selected package 'moveit_planners_ompl' in 'src/moveit2/moveit_planners/ompl'
[2.785s] INFO:colcon.colcon_core.package_selection:Skipping not selected package 'moveit_ros_perception' in 'src/moveit2/moveit_ros/perception'
[2.785s] INFO:colcon.colcon_core.package_selection:Skipping not selected package 'moveit_ros_robot_interaction' in 'src/moveit2/moveit_ros/robot_interaction'
[2.786s] INFO:colcon.colcon_core.package_selection:Skipping not selected package 'moveit_ros_warehouse' in 'src/moveit2/moveit_ros/warehouse'
[2.787s] INFO:colcon.colcon_core.package_selection:Skipping not selected package 'moveit_visual_tools' in 'src/moveit_visual_tools'
[2.787s] INFO:colcon.colcon_core.package_selection:Skipping not selected package 'moveit_ros_benchmarks' in 'src/moveit2/moveit_ros/benchmarks'
[2.787s] INFO:colcon.colcon_core.package_selection:Skipping not selected package 'moveit_ros_move_group' in 'src/moveit2/moveit_ros/move_group'
[2.787s] INFO:colcon.colcon_core.package_selection:Skipping not selected package 'moveit_resources_prbt_moveit_config' in 'src/moveit2/moveit_planners/test_configs/prbt_moveit_config'
[2.787s] INFO:colcon.colcon_core.package_selection:Skipping not selected package 'moveit_ros_planning_interface' in 'src/moveit2/moveit_ros/planning_interface'
[2.787s] INFO:colcon.colcon_core.package_selection:Skipping not selected package 'moveit_hybrid_planning' in 'src/moveit2/moveit_ros/hybrid_planning'
[2.787s] INFO:colcon.colcon_core.package_selection:Skipping not selected package 'moveit_py' in 'src/moveit2/moveit_py'
[2.787s] INFO:colcon.colcon_core.package_selection:Skipping not selected package 'moveit_resources_prbt_pg70_support' in 'src/moveit2/moveit_planners/test_configs/prbt_pg70_support'
[2.787s] INFO:colcon.colcon_core.package_selection:Skipping not selected package 'moveit_ros_visualization' in 'src/moveit2/moveit_ros/visualization'
[2.787s] INFO:colcon.colcon_core.package_selection:Skipping not selected package 'moveit_servo' in 'src/moveit2/moveit_ros/moveit_servo'
[2.787s] INFO:colcon.colcon_core.package_selection:Skipping not selected package 'moveit_ros' in 'src/moveit2/moveit_ros/moveit_ros'
[2.788s] INFO:colcon.colcon_core.package_selection:Skipping not selected package 'moveit_setup_framework' in 'src/moveit2/moveit_setup_assistant/moveit_setup_framework'
[2.788s] INFO:colcon.colcon_core.package_selection:Skipping not selected package 'pilz_industrial_motion_planner' in 'src/moveit2/moveit_planners/pilz_industrial_motion_planner'
[2.788s] INFO:colcon.colcon_core.package_selection:Skipping not selected package 'ur3e_motion' in 'src/ur3e_motion'
[2.788s] INFO:colcon.colcon_core.package_selection:Skipping not selected package 'moveit_planners' in 'src/moveit2/moveit_planners/moveit_planners'
[2.788s] INFO:colcon.colcon_core.package_selection:Skipping not selected package 'moveit_setup_app_plugins' in 'src/moveit2/moveit_setup_assistant/moveit_setup_app_plugins'
[2.788s] INFO:colcon.colcon_core.package_selection:Skipping not selected package 'moveit_setup_controllers' in 'src/moveit2/moveit_setup_assistant/moveit_setup_controllers'
[2.788s] INFO:colcon.colcon_core.package_selection:Skipping not selected package 'moveit_setup_core_plugins' in 'src/moveit2/moveit_setup_assistant/moveit_setup_core_plugins'
[2.788s] INFO:colcon.colcon_core.package_selection:Skipping not selected package 'moveit_setup_srdf_plugins' in 'src/moveit2/moveit_setup_assistant/moveit_setup_srdf_plugins'
[2.788s] INFO:colcon.colcon_core.package_selection:Skipping not selected package 'moveit_runtime' in 'src/moveit2/moveit_runtime'
[2.788s] INFO:colcon.colcon_core.package_selection:Skipping not selected package 'moveit_setup_assistant' in 'src/moveit2/moveit_setup_assistant/moveit_setup_assistant'
[2.788s] INFO:colcon.colcon_core.package_selection:Skipping not selected package 'moveit_task_constructor_core' in 'src/moveit_task_constructor/core'
[2.788s] INFO:colcon.colcon_core.package_selection:Skipping not selected package 'moveit' in 'src/moveit2/moveit'
[2.788s] INFO:colcon.colcon_core.package_selection:Skipping not selected package 'moveit_task_constructor_capabilities' in 'src/moveit_task_constructor/capabilities'
[2.788s] INFO:colcon.colcon_core.package_selection:Skipping not selected package 'moveit_task_constructor_visualization' in 'src/moveit_task_constructor/visualization'
[2.788s] INFO:colcon.colcon_core.package_selection:Skipping not selected package 'moveit2_tutorials' in 'src/moveit2_tutorials'
[2.788s] INFO:colcon.colcon_core.package_selection:Skipping not selected package 'moveit_task_constructor_demo' in 'src/moveit_task_constructor/demo'
[2.790s] Level 1:colcon.colcon_core.package_discovery:discover_packages(prefix_path) check parameters
[2.790s] Level 1:colcon.colcon_core.package_discovery:discover_packages(prefix_path) discover
[2.808s] DEBUG:colcon.colcon_installed_package_information.package_discovery:Found 413 installed packages in /opt/ros/humble
[2.813s] Level 1:colcon.colcon_core.package_discovery:discover_packages(prefix_path) using defaults
[2.930s] Level 5:colcon.colcon_core.verb:set package 'ur3e_motion_cpp' build argument 'cmake_args' from command line to 'None'
[2.930s] Level 5:colcon.colcon_core.verb:set package 'ur3e_motion_cpp' build argument 'cmake_target' from command line to 'None'
[2.930s] Level 5:colcon.colcon_core.verb:set package 'ur3e_motion_cpp' build argument 'cmake_target_skip_unavailable' from command line to 'False'
[2.930s] Level 5:colcon.colcon_core.verb:set package 'ur3e_motion_cpp' build argument 'cmake_clean_cache' from command line to 'False'
[2.930s] Level 5:colcon.colcon_core.verb:set package 'ur3e_motion_cpp' build argument 'cmake_clean_first' from command line to 'False'
[2.930s] Level 5:colcon.colcon_core.verb:set package 'ur3e_motion_cpp' build argument 'cmake_force_configure' from command line to 'False'
[2.930s] Level 5:colcon.colcon_core.verb:set package 'ur3e_motion_cpp' build argument 'ament_cmake_args' from command line to 'None'
[2.930s] Level 5:colcon.colcon_core.verb:set package 'ur3e_motion_cpp' build argument 'catkin_cmake_args' from command line to 'None'
[2.930s] Level 5:colcon.colcon_core.verb:set package 'ur3e_motion_cpp' build argument 'catkin_skip_building_tests' from command line to 'False'
[2.931s] DEBUG:colcon.colcon_core.verb:Building package 'ur3e_motion_cpp' with the following arguments: {'ament_cmake_args': None, 'build_base': '/home/b/ws_moveit2/build/ur3e_motion_cpp', 'catkin_cmake_args': None, 'catkin_skip_building_tests': False, 'cmake_args': None, 'cmake_clean_cache': False, 'cmake_clean_first': False, 'cmake_force_configure': False, 'cmake_target': None, 'cmake_target_skip_unavailable': False, 'install_base': '/home/b/ws_moveit2/install/ur3e_motion_cpp', 'merge_install': False, 'path': '/home/b/ws_moveit2/src/ur3e_motion_cpp', 'symlink_install': False, 'test_result_base': None}
[2.931s] INFO:colcon.colcon_core.executor:Executing jobs using 'parallel' executor
[2.934s] DEBUG:colcon.colcon_parallel_executor.executor.parallel:run_until_complete
[2.934s] INFO:colcon.colcon_ros.task.ament_cmake.build:Building ROS package in '/home/b/ws_moveit2/src/ur3e_motion_cpp' with build type 'ament_cmake'
[2.935s] INFO:colcon.colcon_cmake.task.cmake.build:Building CMake package in '/home/b/ws_moveit2/src/ur3e_motion_cpp'
[2.959s] INFO:colcon.colcon_core.plugin_system:Skipping extension 'colcon_core.shell.bat': Not used on non-Windows systems
[2.960s] INFO:colcon.colcon_core.shell:Skip shell extension 'powershell' for command environment: Not usable outside of PowerShell
[2.960s] DEBUG:colcon.colcon_core.shell:Skip shell extension 'dsv' for command environment
[10.148s] DEBUG:colcon.colcon_core.event_handler.log_command:Invoking command in '/home/b/ws_moveit2/build/ur3e_motion_cpp': AMENT_PREFIX_PATH=/home/b/ws_moveit2/install/moveit_ros_planning_interface:/home/b/ws_moveit2/install/moveit_ros_move_group:/home/b/ws_moveit2/install/moveit_ros_warehouse:/home/b/ws_moveit2/install/moveit_planners_ompl:/home/b/ws_moveit2/install/moveit_kinematics:/home/b/ws_moveit2/install/moveit_ros_planning:/home/b/ws_moveit2/install/moveit_simple_controller_manager:/home/b/ws_moveit2/install/moveit_ros_occupancy_map_monitor:/home/b/ws_moveit2/install/moveit_core:/home/b/ws_moveit2/install/moveit_resources_panda_moveit_config:/home/b/ws_moveit2/install/moveit_resources_fanuc_moveit_config:/home/b/ws_moveit2/install/moveit_configs_utils:/home/b/ws_moveit2/install/srdfdom:/home/b/ws_moveit2/install/moveit_resources_pr2_description:/home/b/ws_moveit2/install/moveit_resources_panda_description:/home/b/ws_moveit2/install/moveit_resources_fanuc_description:/home/b/ws_moveit2/install/moveit_common:/home/b/ws_moveit2/install/launch_param_builder:${AMENT_PREFIX_PATH} CMAKE_PREFIX_PATH=/home/b/ws_moveit2/install/moveit_ros_planning_interface:/home/b/ws_moveit2/install/moveit_ros_move_group:/home/b/ws_moveit2/install/moveit_ros_warehouse:/home/b/ws_moveit2/install/moveit_planners_ompl:/home/b/ws_moveit2/install/moveit_kinematics:/home/b/ws_moveit2/install/moveit_ros_planning:/home/b/ws_moveit2/install/moveit_simple_controller_manager:/home/b/ws_moveit2/install/moveit_ros_occupancy_map_monitor:/home/b/ws_moveit2/install/moveit_core:/home/b/ws_moveit2/install/moveit_resources_panda_moveit_config:/home/b/ws_moveit2/install/moveit_resources_fanuc_moveit_config:/home/b/ws_moveit2/install/srdfdom:/home/b/ws_moveit2/install/moveit_resources_pr2_description:/home/b/ws_moveit2/install/moveit_resources_panda_description:/home/b/ws_moveit2/install/moveit_resources_fanuc_description:/home/b/ws_moveit2/install/moveit_common:/opt/ros/humble LD_LIBRARY_PATH=/home/b/ws_moveit2/install/moveit_ros_planning_interface/lib:/home/b/ws_moveit2/install/moveit_ros_move_group/lib:/home/b/ws_moveit2/install/moveit_ros_warehouse/lib:/home/b/ws_moveit2/install/moveit_planners_ompl/lib:/home/b/ws_moveit2/install/moveit_kinematics/lib:/home/b/ws_moveit2/install/moveit_ros_planning/lib:/home/b/ws_moveit2/install/moveit_simple_controller_manager/lib:/home/b/ws_moveit2/install/moveit_ros_occupancy_map_monitor/lib:/home/b/ws_moveit2/install/moveit_core/lib:/home/b/ws_moveit2/install/srdfdom/lib:${LD_LIBRARY_PATH} PATH=/home/b/ws_moveit2/install/moveit_core/bin:${PATH} PYTHONPATH=/home/b/ws_moveit2/install/moveit_configs_utils/lib/python3.10/site-packages:/home/b/ws_moveit2/install/srdfdom/local/lib/python3.10/dist-packages:/home/b/ws_moveit2/install/launch_param_builder/lib/python3.10/site-packages:${PYTHONPATH} /usr/bin/cmake --build /home/b/ws_moveit2/build/ur3e_motion_cpp -- -j12 -l12
[10.752s] DEBUG:colcon.colcon_core.event_handler.log_command:Invoked command in '/home/b/ws_moveit2/build/ur3e_motion_cpp' returned '0': AMENT_PREFIX_PATH=/home/b/ws_moveit2/install/moveit_ros_planning_interface:/home/b/ws_moveit2/install/moveit_ros_move_group:/home/b/ws_moveit2/install/moveit_ros_warehouse:/home/b/ws_moveit2/install/moveit_planners_ompl:/home/b/ws_moveit2/install/moveit_kinematics:/home/b/ws_moveit2/install/moveit_ros_planning:/home/b/ws_moveit2/install/moveit_simple_controller_manager:/home/b/ws_moveit2/install/moveit_ros_occupancy_map_monitor:/home/b/ws_moveit2/install/moveit_core:/home/b/ws_moveit2/install/moveit_resources_panda_moveit_config:/home/b/ws_moveit2/install/moveit_resources_fanuc_moveit_config:/home/b/ws_moveit2/install/moveit_configs_utils:/home/b/ws_moveit2/install/srdfdom:/home/b/ws_moveit2/install/moveit_resources_pr2_description:/home/b/ws_moveit2/install/moveit_resources_panda_description:/home/b/ws_moveit2/install/moveit_resources_fanuc_description:/home/b/ws_moveit2/install/moveit_common:/home/b/ws_moveit2/install/launch_param_builder:${AMENT_PREFIX_PATH} CMAKE_PREFIX_PATH=/home/b/ws_moveit2/install/moveit_ros_planning_interface:/home/b/ws_moveit2/install/moveit_ros_move_group:/home/b/ws_moveit2/install/moveit_ros_warehouse:/home/b/ws_moveit2/install/moveit_planners_ompl:/home/b/ws_moveit2/install/moveit_kinematics:/home/b/ws_moveit2/install/moveit_ros_planning:/home/b/ws_moveit2/install/moveit_simple_controller_manager:/home/b/ws_moveit2/install/moveit_ros_occupancy_map_monitor:/home/b/ws_moveit2/install/moveit_core:/home/b/ws_moveit2/install/moveit_resources_panda_moveit_config:/home/b/ws_moveit2/install/moveit_resources_fanuc_moveit_config:/home/b/ws_moveit2/install/srdfdom:/home/b/ws_moveit2/install/moveit_resources_pr2_description:/home/b/ws_moveit2/install/moveit_resources_panda_description:/home/b/ws_moveit2/install/moveit_resources_fanuc_description:/home/b/ws_moveit2/install/moveit_common:/opt/ros/humble LD_LIBRARY_PATH=/home/b/ws_moveit2/install/moveit_ros_planning_interface/lib:/home/b/ws_moveit2/install/moveit_ros_move_group/lib:/home/b/ws_moveit2/install/moveit_ros_warehouse/lib:/home/b/ws_moveit2/install/moveit_planners_ompl/lib:/home/b/ws_moveit2/install/moveit_kinematics/lib:/home/b/ws_moveit2/install/moveit_ros_planning/lib:/home/b/ws_moveit2/install/moveit_simple_controller_manager/lib:/home/b/ws_moveit2/install/moveit_ros_occupancy_map_monitor/lib:/home/b/ws_moveit2/install/moveit_core/lib:/home/b/ws_moveit2/install/srdfdom/lib:${LD_LIBRARY_PATH} PATH=/home/b/ws_moveit2/install/moveit_core/bin:${PATH} PYTHONPATH=/home/b/ws_moveit2/install/moveit_configs_utils/lib/python3.10/site-packages:/home/b/ws_moveit2/install/srdfdom/local/lib/python3.10/dist-packages:/home/b/ws_moveit2/install/launch_param_builder/lib/python3.10/site-packages:${PYTHONPATH} /usr/bin/cmake --build /home/b/ws_moveit2/build/ur3e_motion_cpp -- -j12 -l12
[10.776s] DEBUG:colcon.colcon_core.event_handler.log_command:Invoking command in '/home/b/ws_moveit2/build/ur3e_motion_cpp': AMENT_PREFIX_PATH=/home/b/ws_moveit2/install/moveit_ros_planning_interface:/home/b/ws_moveit2/install/moveit_ros_move_group:/home/b/ws_moveit2/install/moveit_ros_warehouse:/home/b/ws_moveit2/install/moveit_planners_ompl:/home/b/ws_moveit2/install/moveit_kinematics:/home/b/ws_moveit2/install/moveit_ros_planning:/home/b/ws_moveit2/install/moveit_simple_controller_manager:/home/b/ws_moveit2/install/moveit_ros_occupancy_map_monitor:/home/b/ws_moveit2/install/moveit_core:/home/b/ws_moveit2/install/moveit_resources_panda_moveit_config:/home/b/ws_moveit2/install/moveit_resources_fanuc_moveit_config:/home/b/ws_moveit2/install/moveit_configs_utils:/home/b/ws_moveit2/install/srdfdom:/home/b/ws_moveit2/install/moveit_resources_pr2_description:/home/b/ws_moveit2/install/moveit_resources_panda_description:/home/b/ws_moveit2/install/moveit_resources_fanuc_description:/home/b/ws_moveit2/install/moveit_common:/home/b/ws_moveit2/install/launch_param_builder:${AMENT_PREFIX_PATH} CMAKE_PREFIX_PATH=/home/b/ws_moveit2/install/moveit_ros_planning_interface:/home/b/ws_moveit2/install/moveit_ros_move_group:/home/b/ws_moveit2/install/moveit_ros_warehouse:/home/b/ws_moveit2/install/moveit_planners_ompl:/home/b/ws_moveit2/install/moveit_kinematics:/home/b/ws_moveit2/install/moveit_ros_planning:/home/b/ws_moveit2/install/moveit_simple_controller_manager:/home/b/ws_moveit2/install/moveit_ros_occupancy_map_monitor:/home/b/ws_moveit2/install/moveit_core:/home/b/ws_moveit2/install/moveit_resources_panda_moveit_config:/home/b/ws_moveit2/install/moveit_resources_fanuc_moveit_config:/home/b/ws_moveit2/install/srdfdom:/home/b/ws_moveit2/install/moveit_resources_pr2_description:/home/b/ws_moveit2/install/moveit_resources_panda_description:/home/b/ws_moveit2/install/moveit_resources_fanuc_description:/home/b/ws_moveit2/install/moveit_common:/opt/ros/humble LD_LIBRARY_PATH=/home/b/ws_moveit2/install/moveit_ros_planning_interface/lib:/home/b/ws_moveit2/install/moveit_ros_move_group/lib:/home/b/ws_moveit2/install/moveit_ros_warehouse/lib:/home/b/ws_moveit2/install/moveit_planners_ompl/lib:/home/b/ws_moveit2/install/moveit_kinematics/lib:/home/b/ws_moveit2/install/moveit_ros_planning/lib:/home/b/ws_moveit2/install/moveit_simple_controller_manager/lib:/home/b/ws_moveit2/install/moveit_ros_occupancy_map_monitor/lib:/home/b/ws_moveit2/install/moveit_core/lib:/home/b/ws_moveit2/install/srdfdom/lib:${LD_LIBRARY_PATH} PATH=/home/b/ws_moveit2/install/moveit_core/bin:${PATH} PYTHONPATH=/home/b/ws_moveit2/install/moveit_configs_utils/lib/python3.10/site-packages:/home/b/ws_moveit2/install/srdfdom/local/lib/python3.10/dist-packages:/home/b/ws_moveit2/install/launch_param_builder/lib/python3.10/site-packages:${PYTHONPATH} /usr/bin/cmake --install /home/b/ws_moveit2/build/ur3e_motion_cpp
[10.810s] Level 1:colcon.colcon_core.environment:create_environment_scripts_only(ur3e_motion_cpp)
[10.811s] DEBUG:colcon.colcon_core.event_handler.log_command:Invoked command in '/home/b/ws_moveit2/build/ur3e_motion_cpp' returned '0': AMENT_PREFIX_PATH=/home/b/ws_moveit2/install/moveit_ros_planning_interface:/home/b/ws_moveit2/install/moveit_ros_move_group:/home/b/ws_moveit2/install/moveit_ros_warehouse:/home/b/ws_moveit2/install/moveit_planners_ompl:/home/b/ws_moveit2/install/moveit_kinematics:/home/b/ws_moveit2/install/moveit_ros_planning:/home/b/ws_moveit2/install/moveit_simple_controller_manager:/home/b/ws_moveit2/install/moveit_ros_occupancy_map_monitor:/home/b/ws_moveit2/install/moveit_core:/home/b/ws_moveit2/install/moveit_resources_panda_moveit_config:/home/b/ws_moveit2/install/moveit_resources_fanuc_moveit_config:/home/b/ws_moveit2/install/moveit_configs_utils:/home/b/ws_moveit2/install/srdfdom:/home/b/ws_moveit2/install/moveit_resources_pr2_description:/home/b/ws_moveit2/install/moveit_resources_panda_description:/home/b/ws_moveit2/install/moveit_resources_fanuc_description:/home/b/ws_moveit2/install/moveit_common:/home/b/ws_moveit2/install/launch_param_builder:${AMENT_PREFIX_PATH} CMAKE_PREFIX_PATH=/home/b/ws_moveit2/install/moveit_ros_planning_interface:/home/b/ws_moveit2/install/moveit_ros_move_group:/home/b/ws_moveit2/install/moveit_ros_warehouse:/home/b/ws_moveit2/install/moveit_planners_ompl:/home/b/ws_moveit2/install/moveit_kinematics:/home/b/ws_moveit2/install/moveit_ros_planning:/home/b/ws_moveit2/install/moveit_simple_controller_manager:/home/b/ws_moveit2/install/moveit_ros_occupancy_map_monitor:/home/b/ws_moveit2/install/moveit_core:/home/b/ws_moveit2/install/moveit_resources_panda_moveit_config:/home/b/ws_moveit2/install/moveit_resources_fanuc_moveit_config:/home/b/ws_moveit2/install/srdfdom:/home/b/ws_moveit2/install/moveit_resources_pr2_description:/home/b/ws_moveit2/install/moveit_resources_panda_description:/home/b/ws_moveit2/install/moveit_resources_fanuc_description:/home/b/ws_moveit2/install/moveit_common:/opt/ros/humble LD_LIBRARY_PATH=/home/b/ws_moveit2/install/moveit_ros_planning_interface/lib:/home/b/ws_moveit2/install/moveit_ros_move_group/lib:/home/b/ws_moveit2/install/moveit_ros_warehouse/lib:/home/b/ws_moveit2/install/moveit_planners_ompl/lib:/home/b/ws_moveit2/install/moveit_kinematics/lib:/home/b/ws_moveit2/install/moveit_ros_planning/lib:/home/b/ws_moveit2/install/moveit_simple_controller_manager/lib:/home/b/ws_moveit2/install/moveit_ros_occupancy_map_monitor/lib:/home/b/ws_moveit2/install/moveit_core/lib:/home/b/ws_moveit2/install/srdfdom/lib:${LD_LIBRARY_PATH} PATH=/home/b/ws_moveit2/install/moveit_core/bin:${PATH} PYTHONPATH=/home/b/ws_moveit2/install/moveit_configs_utils/lib/python3.10/site-packages:/home/b/ws_moveit2/install/srdfdom/local/lib/python3.10/dist-packages:/home/b/ws_moveit2/install/launch_param_builder/lib/python3.10/site-packages:${PYTHONPATH} /usr/bin/cmake --install /home/b/ws_moveit2/build/ur3e_motion_cpp
[10.832s] Level 1:colcon.colcon_core.environment:checking '/home/b/ws_moveit2/install/ur3e_motion_cpp' for CMake module files
[10.833s] Level 1:colcon.colcon_core.environment:checking '/home/b/ws_moveit2/install/ur3e_motion_cpp' for CMake config files
[10.833s] Level 1:colcon.colcon_core.shell:create_environment_hook('ur3e_motion_cpp', 'cmake_prefix_path')
[10.833s] INFO:colcon.colcon_core.shell:Creating environment hook '/home/b/ws_moveit2/install/ur3e_motion_cpp/share/ur3e_motion_cpp/hook/cmake_prefix_path.ps1'
[10.837s] INFO:colcon.colcon_core.shell:Creating environment descriptor '/home/b/ws_moveit2/install/ur3e_motion_cpp/share/ur3e_motion_cpp/hook/cmake_prefix_path.dsv'
[10.840s] INFO:colcon.colcon_core.shell:Creating environment hook '/home/b/ws_moveit2/install/ur3e_motion_cpp/share/ur3e_motion_cpp/hook/cmake_prefix_path.sh'
[10.842s] Level 1:colcon.colcon_core.environment:checking '/home/b/ws_moveit2/install/ur3e_motion_cpp/lib'
[10.843s] Level 1:colcon.colcon_core.environment:checking '/home/b/ws_moveit2/install/ur3e_motion_cpp/bin'
[10.843s] Level 1:colcon.colcon_core.environment:checking '/home/b/ws_moveit2/install/ur3e_motion_cpp/lib/pkgconfig/ur3e_motion_cpp.pc'
[10.844s] Level 1:colcon.colcon_core.environment:checking '/home/b/ws_moveit2/install/ur3e_motion_cpp/lib/python3.10/site-packages'
[10.844s] Level 1:colcon.colcon_core.environment:checking '/home/b/ws_moveit2/install/ur3e_motion_cpp/bin'
[10.845s] INFO:colcon.colcon_core.shell:Creating package script '/home/b/ws_moveit2/install/ur3e_motion_cpp/share/ur3e_motion_cpp/package.ps1'
[10.847s] INFO:colcon.colcon_core.shell:Creating package descriptor '/home/b/ws_moveit2/install/ur3e_motion_cpp/share/ur3e_motion_cpp/package.dsv'
[10.850s] INFO:colcon.colcon_core.shell:Creating package script '/home/b/ws_moveit2/install/ur3e_motion_cpp/share/ur3e_motion_cpp/package.sh'
[10.855s] INFO:colcon.colcon_core.shell:Creating package script '/home/b/ws_moveit2/install/ur3e_motion_cpp/share/ur3e_motion_cpp/package.bash'
[10.858s] INFO:colcon.colcon_core.shell:Creating package script '/home/b/ws_moveit2/install/ur3e_motion_cpp/share/ur3e_motion_cpp/package.zsh'
[10.861s] Level 1:colcon.colcon_core.environment:create_file_with_runtime_dependencies(/home/b/ws_moveit2/install/ur3e_motion_cpp/share/colcon-core/packages/ur3e_motion_cpp)
[10.865s] Level 1:colcon.colcon_core.environment:create_environment_scripts_only(ur3e_motion_cpp)
[10.866s] Level 1:colcon.colcon_core.environment:checking '/home/b/ws_moveit2/install/ur3e_motion_cpp' for CMake module files
[10.869s] Level 1:colcon.colcon_core.environment:checking '/home/b/ws_moveit2/install/ur3e_motion_cpp' for CMake config files
[10.869s] Level 1:colcon.colcon_core.shell:create_environment_hook('ur3e_motion_cpp', 'cmake_prefix_path')
[10.872s] INFO:colcon.colcon_core.shell:Creating environment hook '/home/b/ws_moveit2/install/ur3e_motion_cpp/share/ur3e_motion_cpp/hook/cmake_prefix_path.ps1'
[10.875s] INFO:colcon.colcon_core.shell:Creating environment descriptor '/home/b/ws_moveit2/install/ur3e_motion_cpp/share/ur3e_motion_cpp/hook/cmake_prefix_path.dsv'
[10.878s] INFO:colcon.colcon_core.shell:Creating environment hook '/home/b/ws_moveit2/install/ur3e_motion_cpp/share/ur3e_motion_cpp/hook/cmake_prefix_path.sh'
[10.881s] Level 1:colcon.colcon_core.environment:checking '/home/b/ws_moveit2/install/ur3e_motion_cpp/lib'
[10.881s] Level 1:colcon.colcon_core.environment:checking '/home/b/ws_moveit2/install/ur3e_motion_cpp/bin'
[10.881s] Level 1:colcon.colcon_core.environment:checking '/home/b/ws_moveit2/install/ur3e_motion_cpp/lib/pkgconfig/ur3e_motion_cpp.pc'
[10.881s] Level 1:colcon.colcon_core.environment:checking '/home/b/ws_moveit2/install/ur3e_motion_cpp/lib/python3.10/site-packages'
[10.882s] Level 1:colcon.colcon_core.environment:checking '/home/b/ws_moveit2/install/ur3e_motion_cpp/bin'
[10.883s] INFO:colcon.colcon_core.shell:Creating package script '/home/b/ws_moveit2/install/ur3e_motion_cpp/share/ur3e_motion_cpp/package.ps1'
[10.885s] INFO:colcon.colcon_core.shell:Creating package descriptor '/home/b/ws_moveit2/install/ur3e_motion_cpp/share/ur3e_motion_cpp/package.dsv'
[10.887s] INFO:colcon.colcon_core.shell:Creating package script '/home/b/ws_moveit2/install/ur3e_motion_cpp/share/ur3e_motion_cpp/package.sh'
[10.891s] INFO:colcon.colcon_core.shell:Creating package script '/home/b/ws_moveit2/install/ur3e_motion_cpp/share/ur3e_motion_cpp/package.bash'
[10.893s] INFO:colcon.colcon_core.shell:Creating package script '/home/b/ws_moveit2/install/ur3e_motion_cpp/share/ur3e_motion_cpp/package.zsh'
[10.894s] Level 1:colcon.colcon_core.environment:create_file_with_runtime_dependencies(/home/b/ws_moveit2/install/ur3e_motion_cpp/share/colcon-core/packages/ur3e_motion_cpp)
[10.894s] DEBUG:colcon.colcon_parallel_executor.executor.parallel:closing loop
[10.894s] DEBUG:colcon.colcon_parallel_executor.executor.parallel:loop closed
[10.896s] DEBUG:colcon.colcon_parallel_executor.executor.parallel:run_until_complete finished with '0'
[10.897s] DEBUG:colcon.colcon_core.event_reactor:joining thread
[11.102s] INFO:colcon.colcon_core.plugin_system:Skipping extension 'colcon_notification.desktop_notification.notify_send': Could not find 'notify-send'
[11.103s] INFO:colcon.colcon_core.plugin_system:Skipping extension 'colcon_notification.desktop_notification.terminal_notifier': Not used on non-Darwin systems
[11.103s] INFO:colcon.colcon_core.plugin_system:Skipping extension 'colcon_notification.desktop_notification.win32': Not used on non-Windows systems
[11.103s] INFO:colcon.colcon_notification.desktop_notification:Sending desktop notification using 'notify2'
[11.105s] DEBUG:colcon.colcon_notification.desktop_notification.notify2:Failed to initialize notify2: org.freedesktop.DBus.Error.ServiceUnknown: The name org.freedesktop.Notifications was not provided by any .service files
[11.106s] DEBUG:colcon.colcon_core.event_reactor:joined thread
[11.106s] INFO:colcon.colcon_core.shell:Creating prefix script '/home/b/ws_moveit2/install/local_setup.ps1'
[11.110s] INFO:colcon.colcon_core.shell:Creating prefix util module '/home/b/ws_moveit2/install/_local_setup_util_ps1.py'
[11.116s] INFO:colcon.colcon_core.shell:Creating prefix chain script '/home/b/ws_moveit2/install/setup.ps1'
[11.119s] INFO:colcon.colcon_core.shell:Creating prefix script '/home/b/ws_moveit2/install/local_setup.sh'
[11.122s] INFO:colcon.colcon_core.shell:Creating prefix util module '/home/b/ws_moveit2/install/_local_setup_util_sh.py'
[11.123s] INFO:colcon.colcon_core.shell:Creating prefix chain script '/home/b/ws_moveit2/install/setup.sh'
[11.125s] INFO:colcon.colcon_core.shell:Creating prefix script '/home/b/ws_moveit2/install/local_setup.bash'
[11.126s] INFO:colcon.colcon_core.shell:Creating prefix chain script '/home/b/ws_moveit2/install/setup.bash'
[11.129s] INFO:colcon.colcon_core.shell:Creating prefix script '/home/b/ws_moveit2/install/local_setup.zsh'
[11.131s] INFO:colcon.colcon_core.shell:Creating prefix chain script '/home/b/ws_moveit2/install/setup.zsh'
