[2.674s] DEBUG:colcon:Command line arguments: ['/usr/bin/colcon', 'build', '--packages-select', 'ur3e_motion_cpp']
[2.674s] DEBUG:colcon:Parsed command line arguments: Namespace(log_base=None, log_level=None, verb_name='build', build_base='build', install_base='install', merge_install=False, symlink_install=False, test_result_base=None, continue_on_error=False, executor='parallel', parallel_workers=12, event_handlers=None, ignore_user_meta=False, metas=['./colcon.meta'], base_paths=['.'], packages_ignore=None, packages_ignore_regex=None, paths=None, packages_up_to=None, packages_up_to_regex=None, packages_above=None, packages_above_and_dependencies=None, packages_above_depth=None, packages_select_by_dep=None, packages_skip_by_dep=None, packages_skip_up_to=None, packages_select_build_failed=False, packages_skip_build_finished=False, packages_select_test_failures=False, packages_skip_test_passed=False, packages_select=['ur3e_motion_cpp'], packages_skip=None, packages_select_regex=None, packages_skip_regex=None, packages_start=None, packages_end=None, allow_overriding=[], cmake_args=None, cmake_target=None, cmake_target_skip_unavailable=False, cmake_clean_cache=False, cmake_clean_first=False, cmake_force_configure=False, ament_cmake_args=None, catkin_cmake_args=None, catkin_skip_building_tests=False, mixin_files=None, mixin=None, verb_parser=<colcon_mixin.mixin.mixin_argument.MixinArgumentDecorator object at 0x724298366380>, verb_extension=<colcon_core.verb.build.BuildVerb object at 0x724298365d80>, main=<bound method BuildVerb.main of <colcon_core.verb.build.BuildVerb object at 0x724298365d80>>, mixin_verb=('build',))
[3.281s] Level 1:colcon.colcon_core.package_discovery:discover_packages(colcon_meta) check parameters
[3.281s] Level 1:colcon.colcon_core.package_discovery:discover_packages(recursive) check parameters
[3.281s] Level 1:colcon.colcon_core.package_discovery:discover_packages(ignore) check parameters
[3.281s] Level 1:colcon.colcon_core.package_discovery:discover_packages(path) check parameters
[3.281s] Level 1:colcon.colcon_core.package_discovery:discover_packages(colcon_meta) discover
[3.281s] Level 1:colcon.colcon_core.package_discovery:discover_packages(recursive) discover
[3.281s] INFO:colcon.colcon_core.package_discovery:Crawling recursively for packages in '/home/b/ws_moveit2'
[3.282s] Level 1:colcon.colcon_core.package_identification:_identify(.) by extensions ['ignore', 'ignore_ament_install']
[3.282s] Level 1:colcon.colcon_core.package_identification:_identify(.) by extension 'ignore'
[3.282s] Level 1:colcon.colcon_core.package_identification:_identify(.) by extension 'ignore_ament_install'
[3.283s] Level 1:colcon.colcon_core.package_identification:_identify(.) by extensions ['colcon_pkg']
[3.283s] Level 1:colcon.colcon_core.package_identification:_identify(.) by extension 'colcon_pkg'
[3.283s] Level 1:colcon.colcon_core.package_identification:_identify(.) by extensions ['colcon_meta']
[3.283s] Level 1:colcon.colcon_core.package_identification:_identify(.) by extension 'colcon_meta'
[3.283s] Level 1:colcon.colcon_core.package_identification:_identify(.) by extensions ['ros']
[3.283s] Level 1:colcon.colcon_core.package_identification:_identify(.) by extension 'ros'
[3.316s] Level 1:colcon.colcon_core.package_identification:_identify(.) by extensions ['cmake', 'python']
[3.316s] Level 1:colcon.colcon_core.package_identification:_identify(.) by extension 'cmake'
[3.316s] Level 1:colcon.colcon_core.package_identification:_identify(.) by extension 'python'
[3.316s] Level 1:colcon.colcon_core.package_identification:_identify(.) by extensions ['python_setup_py']
[3.316s] Level 1:colcon.colcon_core.package_identification:_identify(.) by extension 'python_setup_py'
[3.317s] Level 1:colcon.colcon_core.package_identification:_identify(build) by extensions ['ignore', 'ignore_ament_install']
[3.317s] Level 1:colcon.colcon_core.package_identification:_identify(build) by extension 'ignore'
[3.317s] Level 1:colcon.colcon_core.package_identification:_identify(build) ignored
[3.317s] Level 1:colcon.colcon_core.package_identification:_identify(install) by extensions ['ignore', 'ignore_ament_install']
[3.318s] Level 1:colcon.colcon_core.package_identification:_identify(install) by extension 'ignore'
[3.318s] Level 1:colcon.colcon_core.package_identification:_identify(install) ignored
[3.318s] Level 1:colcon.colcon_core.package_identification:_identify(log) by extensions ['ignore', 'ignore_ament_install']
[3.318s] Level 1:colcon.colcon_core.package_identification:_identify(log) by extension 'ignore'
[3.319s] Level 1:colcon.colcon_core.package_identification:_identify(log) ignored
[3.319s] Level 1:colcon.colcon_core.package_identification:_identify(src) by extensions ['ignore', 'ignore_ament_install']
[3.319s] Level 1:colcon.colcon_core.package_identification:_identify(src) by extension 'ignore'
[3.319s] Level 1:colcon.colcon_core.package_identification:_identify(src) by extension 'ignore_ament_install'
[3.319s] Level 1:colcon.colcon_core.package_identification:_identify(src) by extensions ['colcon_pkg']
[3.319s] Level 1:colcon.colcon_core.package_identification:_identify(src) by extension 'colcon_pkg'
[3.319s] Level 1:colcon.colcon_core.package_identification:_identify(src) by extensions ['colcon_meta']
[3.319s] Level 1:colcon.colcon_core.package_identification:_identify(src) by extension 'colcon_meta'
[3.319s] Level 1:colcon.colcon_core.package_identification:_identify(src) by extensions ['ros']
[3.319s] Level 1:colcon.colcon_core.package_identification:_identify(src) by extension 'ros'
[3.320s] Level 1:colcon.colcon_core.package_identification:_identify(src) by extensions ['cmake', 'python']
[3.320s] Level 1:colcon.colcon_core.package_identification:_identify(src) by extension 'cmake'
[3.320s] Level 1:colcon.colcon_core.package_identification:_identify(src) by extension 'python'
[3.320s] Level 1:colcon.colcon_core.package_identification:_identify(src) by extensions ['python_setup_py']
[3.320s] Level 1:colcon.colcon_core.package_identification:_identify(src) by extension 'python_setup_py'
[3.320s] Level 1:colcon.colcon_core.package_identification:_identify(src/launch_param_builder) by extensions ['ignore', 'ignore_ament_install']
[3.321s] Level 1:colcon.colcon_core.package_identification:_identify(src/launch_param_builder) by extension 'ignore'
[3.321s] Level 1:colcon.colcon_core.package_identification:_identify(src/launch_param_builder) by extension 'ignore_ament_install'
[3.321s] Level 1:colcon.colcon_core.package_identification:_identify(src/launch_param_builder) by extensions ['colcon_pkg']
[3.321s] Level 1:colcon.colcon_core.package_identification:_identify(src/launch_param_builder) by extension 'colcon_pkg'
[3.321s] Level 1:colcon.colcon_core.package_identification:_identify(src/launch_param_builder) by extensions ['colcon_meta']
[3.321s] Level 1:colcon.colcon_core.package_identification:_identify(src/launch_param_builder) by extension 'colcon_meta'
[3.321s] Level 1:colcon.colcon_core.package_identification:_identify(src/launch_param_builder) by extensions ['ros']
[3.321s] Level 1:colcon.colcon_core.package_identification:_identify(src/launch_param_builder) by extension 'ros'
[3.334s] DEBUG:colcon.colcon_core.package_identification:Package 'src/launch_param_builder' with type 'ros.ament_python' and name 'launch_param_builder'
[3.334s] Level 1:colcon.colcon_core.package_identification:_identify(src/moveit2) by extensions ['ignore', 'ignore_ament_install']
[3.335s] Level 1:colcon.colcon_core.package_identification:_identify(src/moveit2) by extension 'ignore'
[3.335s] Level 1:colcon.colcon_core.package_identification:_identify(src/moveit2) by extension 'ignore_ament_install'
[3.335s] Level 1:colcon.colcon_core.package_identification:_identify(src/moveit2) by extensions ['colcon_pkg']
[3.335s] Level 1:colcon.colcon_core.package_identification:_identify(src/moveit2) by extension 'colcon_pkg'
[3.335s] Level 1:colcon.colcon_core.package_identification:_identify(src/moveit2) by extensions ['colcon_meta']
[3.335s] Level 1:colcon.colcon_core.package_identification:_identify(src/moveit2) by extension 'colcon_meta'
[3.335s] Level 1:colcon.colcon_core.package_identification:_identify(src/moveit2) by extensions ['ros']
[3.335s] Level 1:colcon.colcon_core.package_identification:_identify(src/moveit2) by extension 'ros'
[3.336s] Level 1:colcon.colcon_core.package_identification:_identify(src/moveit2) by extensions ['cmake', 'python']
[3.336s] Level 1:colcon.colcon_core.package_identification:_identify(src/moveit2) by extension 'cmake'
[3.336s] Level 1:colcon.colcon_core.package_identification:_identify(src/moveit2) by extension 'python'
[3.336s] Level 1:colcon.colcon_core.package_identification:_identify(src/moveit2) by extensions ['python_setup_py']
[3.336s] Level 1:colcon.colcon_core.package_identification:_identify(src/moveit2) by extension 'python_setup_py'
[3.336s] Level 1:colcon.colcon_core.package_identification:_identify(src/moveit2/doc) by extensions ['ignore', 'ignore_ament_install']
[3.336s] Level 1:colcon.colcon_core.package_identification:_identify(src/moveit2/doc) by extension 'ignore'
[3.337s] Level 1:colcon.colcon_core.package_identification:_identify(src/moveit2/doc) by extension 'ignore_ament_install'
[3.337s] Level 1:colcon.colcon_core.package_identification:_identify(src/moveit2/doc) by extensions ['colcon_pkg']
[3.337s] Level 1:colcon.colcon_core.package_identification:_identify(src/moveit2/doc) by extension 'colcon_pkg'
[3.337s] Level 1:colcon.colcon_core.package_identification:_identify(src/moveit2/doc) by extensions ['colcon_meta']
[3.337s] Level 1:colcon.colcon_core.package_identification:_identify(src/moveit2/doc) by extension 'colcon_meta'
[3.337s] Level 1:colcon.colcon_core.package_identification:_identify(src/moveit2/doc) by extensions ['ros']
[3.337s] Level 1:colcon.colcon_core.package_identification:_identify(src/moveit2/doc) by extension 'ros'
[3.337s] Level 1:colcon.colcon_core.package_identification:_identify(src/moveit2/doc) by extensions ['cmake', 'python']
[3.337s] Level 1:colcon.colcon_core.package_identification:_identify(src/moveit2/doc) by extension 'cmake'
[3.338s] Level 1:colcon.colcon_core.package_identification:_identify(src/moveit2/doc) by extension 'python'
[3.338s] Level 1:colcon.colcon_core.package_identification:_identify(src/moveit2/doc) by extensions ['python_setup_py']
[3.338s] Level 1:colcon.colcon_core.package_identification:_identify(src/moveit2/doc) by extension 'python_setup_py'
[3.338s] Level 1:colcon.colcon_core.package_identification:_identify(src/moveit2/moveit) by extensions ['ignore', 'ignore_ament_install']
[3.338s] Level 1:colcon.colcon_core.package_identification:_identify(src/moveit2/moveit) by extension 'ignore'
[3.338s] Level 1:colcon.colcon_core.package_identification:_identify(src/moveit2/moveit) by extension 'ignore_ament_install'
[3.338s] Level 1:colcon.colcon_core.package_identification:_identify(src/moveit2/moveit) by extensions ['colcon_pkg']
[3.338s] Level 1:colcon.colcon_core.package_identification:_identify(src/moveit2/moveit) by extension 'colcon_pkg'
[3.339s] Level 1:colcon.colcon_core.package_identification:_identify(src/moveit2/moveit) by extensions ['colcon_meta']
[3.339s] Level 1:colcon.colcon_core.package_identification:_identify(src/moveit2/moveit) by extension 'colcon_meta'
[3.339s] Level 1:colcon.colcon_core.package_identification:_identify(src/moveit2/moveit) by extensions ['ros']
[3.339s] Level 1:colcon.colcon_core.package_identification:_identify(src/moveit2/moveit) by extension 'ros'
[3.341s] DEBUG:colcon.colcon_core.package_identification:Package 'src/moveit2/moveit' with type 'ros.ament_cmake' and name 'moveit'
[3.341s] Level 1:colcon.colcon_core.package_identification:_identify(src/moveit2/moveit_common) by extensions ['ignore', 'ignore_ament_install']
[3.342s] Level 1:colcon.colcon_core.package_identification:_identify(src/moveit2/moveit_common) by extension 'ignore'
[3.342s] Level 1:colcon.colcon_core.package_identification:_identify(src/moveit2/moveit_common) by extension 'ignore_ament_install'
[3.342s] Level 1:colcon.colcon_core.package_identification:_identify(src/moveit2/moveit_common) by extensions ['colcon_pkg']
[3.342s] Level 1:colcon.colcon_core.package_identification:_identify(src/moveit2/moveit_common) by extension 'colcon_pkg'
[3.343s] Level 1:colcon.colcon_core.package_identification:_identify(src/moveit2/moveit_common) by extensions ['colcon_meta']
[3.343s] Level 1:colcon.colcon_core.package_identification:_identify(src/moveit2/moveit_common) by extension 'colcon_meta'
[3.343s] Level 1:colcon.colcon_core.package_identification:_identify(src/moveit2/moveit_common) by extensions ['ros']
[3.343s] Level 1:colcon.colcon_core.package_identification:_identify(src/moveit2/moveit_common) by extension 'ros'
[3.345s] DEBUG:colcon.colcon_core.package_identification:Package 'src/moveit2/moveit_common' with type 'ros.ament_cmake' and name 'moveit_common'
[3.346s] Level 1:colcon.colcon_core.package_identification:_identify(src/moveit2/moveit_configs_utils) by extensions ['ignore', 'ignore_ament_install']
[3.346s] Level 1:colcon.colcon_core.package_identification:_identify(src/moveit2/moveit_configs_utils) by extension 'ignore'
[3.346s] Level 1:colcon.colcon_core.package_identification:_identify(src/moveit2/moveit_configs_utils) by extension 'ignore_ament_install'
[3.346s] Level 1:colcon.colcon_core.package_identification:_identify(src/moveit2/moveit_configs_utils) by extensions ['colcon_pkg']
[3.346s] Level 1:colcon.colcon_core.package_identification:_identify(src/moveit2/moveit_configs_utils) by extension 'colcon_pkg'
[3.346s] Level 1:colcon.colcon_core.package_identification:_identify(src/moveit2/moveit_configs_utils) by extensions ['colcon_meta']
[3.346s] Level 1:colcon.colcon_core.package_identification:_identify(src/moveit2/moveit_configs_utils) by extension 'colcon_meta'
[3.347s] Level 1:colcon.colcon_core.package_identification:_identify(src/moveit2/moveit_configs_utils) by extensions ['ros']
[3.347s] Level 1:colcon.colcon_core.package_identification:_identify(src/moveit2/moveit_configs_utils) by extension 'ros'
[3.349s] DEBUG:colcon.colcon_core.package_identification:Package 'src/moveit2/moveit_configs_utils' with type 'ros.ament_python' and name 'moveit_configs_utils'
[3.349s] Level 1:colcon.colcon_core.package_identification:_identify(src/moveit2/moveit_core) by extensions ['ignore', 'ignore_ament_install']
[3.349s] Level 1:colcon.colcon_core.package_identification:_identify(src/moveit2/moveit_core) by extension 'ignore'
[3.349s] Level 1:colcon.colcon_core.package_identification:_identify(src/moveit2/moveit_core) by extension 'ignore_ament_install'
[3.350s] Level 1:colcon.colcon_core.package_identification:_identify(src/moveit2/moveit_core) by extensions ['colcon_pkg']
[3.350s] Level 1:colcon.colcon_core.package_identification:_identify(src/moveit2/moveit_core) by extension 'colcon_pkg'
[3.350s] Level 1:colcon.colcon_core.package_identification:_identify(src/moveit2/moveit_core) by extensions ['colcon_meta']
[3.350s] Level 1:colcon.colcon_core.package_identification:_identify(src/moveit2/moveit_core) by extension 'colcon_meta'
[3.350s] Level 1:colcon.colcon_core.package_identification:_identify(src/moveit2/moveit_core) by extensions ['ros']
[3.350s] Level 1:colcon.colcon_core.package_identification:_identify(src/moveit2/moveit_core) by extension 'ros'
[3.362s] DEBUG:colcon.colcon_core.package_identification:Package 'src/moveit2/moveit_core' with type 'ros.ament_cmake' and name 'moveit_core'
[3.363s] Level 1:colcon.colcon_core.package_identification:_identify(src/moveit2/moveit_experimental) by extensions ['ignore', 'ignore_ament_install']
[3.363s] Level 1:colcon.colcon_core.package_identification:_identify(src/moveit2/moveit_experimental) by extension 'ignore'
[3.363s] Level 1:colcon.colcon_core.package_identification:_identify(src/moveit2/moveit_experimental) ignored
[3.364s] Level 1:colcon.colcon_core.package_identification:_identify(src/moveit2/moveit_kinematics) by extensions ['ignore', 'ignore_ament_install']
[3.365s] Level 1:colcon.colcon_core.package_identification:_identify(src/moveit2/moveit_kinematics) by extension 'ignore'
[3.365s] Level 1:colcon.colcon_core.package_identification:_identify(src/moveit2/moveit_kinematics) by extension 'ignore_ament_install'
[3.365s] Level 1:colcon.colcon_core.package_identification:_identify(src/moveit2/moveit_kinematics) by extensions ['colcon_pkg']
[3.365s] Level 1:colcon.colcon_core.package_identification:_identify(src/moveit2/moveit_kinematics) by extension 'colcon_pkg'
[3.365s] Level 1:colcon.colcon_core.package_identification:_identify(src/moveit2/moveit_kinematics) by extensions ['colcon_meta']
[3.366s] Level 1:colcon.colcon_core.package_identification:_identify(src/moveit2/moveit_kinematics) by extension 'colcon_meta'
[3.366s] Level 1:colcon.colcon_core.package_identification:_identify(src/moveit2/moveit_kinematics) by extensions ['ros']
[3.367s] Level 1:colcon.colcon_core.package_identification:_identify(src/moveit2/moveit_kinematics) by extension 'ros'
[3.375s] DEBUG:colcon.colcon_core.package_identification:Package 'src/moveit2/moveit_kinematics' with type 'ros.ament_cmake' and name 'moveit_kinematics'
[3.376s] Level 1:colcon.colcon_core.package_identification:_identify(src/moveit2/moveit_planners) by extensions ['ignore', 'ignore_ament_install']
[3.377s] Level 1:colcon.colcon_core.package_identification:_identify(src/moveit2/moveit_planners) by extension 'ignore'
[3.377s] Level 1:colcon.colcon_core.package_identification:_identify(src/moveit2/moveit_planners) by extension 'ignore_ament_install'
[3.378s] Level 1:colcon.colcon_core.package_identification:_identify(src/moveit2/moveit_planners) by extensions ['colcon_pkg']
[3.378s] Level 1:colcon.colcon_core.package_identification:_identify(src/moveit2/moveit_planners) by extension 'colcon_pkg'
[3.379s] Level 1:colcon.colcon_core.package_identification:_identify(src/moveit2/moveit_planners) by extensions ['colcon_meta']
[3.379s] Level 1:colcon.colcon_core.package_identification:_identify(src/moveit2/moveit_planners) by extension 'colcon_meta'
[3.379s] Level 1:colcon.colcon_core.package_identification:_identify(src/moveit2/moveit_planners) by extensions ['ros']
[3.379s] Level 1:colcon.colcon_core.package_identification:_identify(src/moveit2/moveit_planners) by extension 'ros'
[3.380s] Level 1:colcon.colcon_core.package_identification:_identify(src/moveit2/moveit_planners) by extensions ['cmake', 'python']
[3.380s] Level 1:colcon.colcon_core.package_identification:_identify(src/moveit2/moveit_planners) by extension 'cmake'
[3.380s] Level 1:colcon.colcon_core.package_identification:_identify(src/moveit2/moveit_planners) by extension 'python'
[3.381s] Level 1:colcon.colcon_core.package_identification:_identify(src/moveit2/moveit_planners) by extensions ['python_setup_py']
[3.381s] Level 1:colcon.colcon_core.package_identification:_identify(src/moveit2/moveit_planners) by extension 'python_setup_py'
[3.382s] Level 1:colcon.colcon_core.package_identification:_identify(src/moveit2/moveit_planners/chomp) by extensions ['ignore', 'ignore_ament_install']
[3.391s] Level 1:colcon.colcon_core.package_identification:_identify(src/moveit2/moveit_planners/chomp) by extension 'ignore'
[3.391s] Level 1:colcon.colcon_core.package_identification:_identify(src/moveit2/moveit_planners/chomp) by extension 'ignore_ament_install'
[3.391s] Level 1:colcon.colcon_core.package_identification:_identify(src/moveit2/moveit_planners/chomp) by extensions ['colcon_pkg']
[3.391s] Level 1:colcon.colcon_core.package_identification:_identify(src/moveit2/moveit_planners/chomp) by extension 'colcon_pkg'
[3.392s] Level 1:colcon.colcon_core.package_identification:_identify(src/moveit2/moveit_planners/chomp) by extensions ['colcon_meta']
[3.392s] Level 1:colcon.colcon_core.package_identification:_identify(src/moveit2/moveit_planners/chomp) by extension 'colcon_meta'
[3.392s] Level 1:colcon.colcon_core.package_identification:_identify(src/moveit2/moveit_planners/chomp) by extensions ['ros']
[3.392s] Level 1:colcon.colcon_core.package_identification:_identify(src/moveit2/moveit_planners/chomp) by extension 'ros'
[3.393s] Level 1:colcon.colcon_core.package_identification:_identify(src/moveit2/moveit_planners/chomp) by extensions ['cmake', 'python']
[3.393s] Level 1:colcon.colcon_core.package_identification:_identify(src/moveit2/moveit_planners/chomp) by extension 'cmake'
[3.393s] Level 1:colcon.colcon_core.package_identification:_identify(src/moveit2/moveit_planners/chomp) by extension 'python'
[3.393s] Level 1:colcon.colcon_core.package_identification:_identify(src/moveit2/moveit_planners/chomp) by extensions ['python_setup_py']
[3.393s] Level 1:colcon.colcon_core.package_identification:_identify(src/moveit2/moveit_planners/chomp) by extension 'python_setup_py'
[3.394s] Level 1:colcon.colcon_core.package_identification:_identify(src/moveit2/moveit_planners/chomp/chomp_interface) by extensions ['ignore', 'ignore_ament_install']
[3.394s] Level 1:colcon.colcon_core.package_identification:_identify(src/moveit2/moveit_planners/chomp/chomp_interface) by extension 'ignore'
[3.395s] Level 1:colcon.colcon_core.package_identification:_identify(src/moveit2/moveit_planners/chomp/chomp_interface) by extension 'ignore_ament_install'
[3.395s] Level 1:colcon.colcon_core.package_identification:_identify(src/moveit2/moveit_planners/chomp/chomp_interface) by extensions ['colcon_pkg']
[3.395s] Level 1:colcon.colcon_core.package_identification:_identify(src/moveit2/moveit_planners/chomp/chomp_interface) by extension 'colcon_pkg'
[3.395s] Level 1:colcon.colcon_core.package_identification:_identify(src/moveit2/moveit_planners/chomp/chomp_interface) by extensions ['colcon_meta']
[3.395s] Level 1:colcon.colcon_core.package_identification:_identify(src/moveit2/moveit_planners/chomp/chomp_interface) by extension 'colcon_meta'
[3.395s] Level 1:colcon.colcon_core.package_identification:_identify(src/moveit2/moveit_planners/chomp/chomp_interface) by extensions ['ros']
[3.395s] Level 1:colcon.colcon_core.package_identification:_identify(src/moveit2/moveit_planners/chomp/chomp_interface) by extension 'ros'
[3.398s] DEBUG:colcon.colcon_core.package_identification:Package 'src/moveit2/moveit_planners/chomp/chomp_interface' with type 'ros.ament_cmake' and name 'moveit_planners_chomp'
[3.399s] Level 1:colcon.colcon_core.package_identification:_identify(src/moveit2/moveit_planners/chomp/chomp_motion_planner) by extensions ['ignore', 'ignore_ament_install']
[3.399s] Level 1:colcon.colcon_core.package_identification:_identify(src/moveit2/moveit_planners/chomp/chomp_motion_planner) by extension 'ignore'
[3.399s] Level 1:colcon.colcon_core.package_identification:_identify(src/moveit2/moveit_planners/chomp/chomp_motion_planner) by extension 'ignore_ament_install'
[3.400s] Level 1:colcon.colcon_core.package_identification:_identify(src/moveit2/moveit_planners/chomp/chomp_motion_planner) by extensions ['colcon_pkg']
[3.400s] Level 1:colcon.colcon_core.package_identification:_identify(src/moveit2/moveit_planners/chomp/chomp_motion_planner) by extension 'colcon_pkg'
[3.401s] Level 1:colcon.colcon_core.package_identification:_identify(src/moveit2/moveit_planners/chomp/chomp_motion_planner) by extensions ['colcon_meta']
[3.401s] Level 1:colcon.colcon_core.package_identification:_identify(src/moveit2/moveit_planners/chomp/chomp_motion_planner) by extension 'colcon_meta'
[3.402s] Level 1:colcon.colcon_core.package_identification:_identify(src/moveit2/moveit_planners/chomp/chomp_motion_planner) by extensions ['ros']
[3.402s] Level 1:colcon.colcon_core.package_identification:_identify(src/moveit2/moveit_planners/chomp/chomp_motion_planner) by extension 'ros'
[3.404s] DEBUG:colcon.colcon_core.package_identification:Package 'src/moveit2/moveit_planners/chomp/chomp_motion_planner' with type 'ros.ament_cmake' and name 'chomp_motion_planner'
[3.406s] Level 1:colcon.colcon_core.package_identification:_identify(src/moveit2/moveit_planners/chomp/chomp_optimizer_adapter) by extensions ['ignore', 'ignore_ament_install']
[3.408s] Level 1:colcon.colcon_core.package_identification:_identify(src/moveit2/moveit_planners/chomp/chomp_optimizer_adapter) by extension 'ignore'
[3.408s] Level 1:colcon.colcon_core.package_identification:_identify(src/moveit2/moveit_planners/chomp/chomp_optimizer_adapter) by extension 'ignore_ament_install'
[3.408s] Level 1:colcon.colcon_core.package_identification:_identify(src/moveit2/moveit_planners/chomp/chomp_optimizer_adapter) by extensions ['colcon_pkg']
[3.409s] Level 1:colcon.colcon_core.package_identification:_identify(src/moveit2/moveit_planners/chomp/chomp_optimizer_adapter) by extension 'colcon_pkg'
[3.409s] Level 1:colcon.colcon_core.package_identification:_identify(src/moveit2/moveit_planners/chomp/chomp_optimizer_adapter) by extensions ['colcon_meta']
[3.409s] Level 1:colcon.colcon_core.package_identification:_identify(src/moveit2/moveit_planners/chomp/chomp_optimizer_adapter) by extension 'colcon_meta'
[3.409s] Level 1:colcon.colcon_core.package_identification:_identify(src/moveit2/moveit_planners/chomp/chomp_optimizer_adapter) by extensions ['ros']
[3.410s] Level 1:colcon.colcon_core.package_identification:_identify(src/moveit2/moveit_planners/chomp/chomp_optimizer_adapter) by extension 'ros'
[3.412s] DEBUG:colcon.colcon_core.package_identification:Package 'src/moveit2/moveit_planners/chomp/chomp_optimizer_adapter' with type 'ros.ament_cmake' and name 'moveit_chomp_optimizer_adapter'
[3.412s] Level 1:colcon.colcon_core.package_identification:_identify(src/moveit2/moveit_planners/moveit_planners) by extensions ['ignore', 'ignore_ament_install']
[3.413s] Level 1:colcon.colcon_core.package_identification:_identify(src/moveit2/moveit_planners/moveit_planners) by extension 'ignore'
[3.413s] Level 1:colcon.colcon_core.package_identification:_identify(src/moveit2/moveit_planners/moveit_planners) by extension 'ignore_ament_install'
[3.413s] Level 1:colcon.colcon_core.package_identification:_identify(src/moveit2/moveit_planners/moveit_planners) by extensions ['colcon_pkg']
[3.413s] Level 1:colcon.colcon_core.package_identification:_identify(src/moveit2/moveit_planners/moveit_planners) by extension 'colcon_pkg'
[3.413s] Level 1:colcon.colcon_core.package_identification:_identify(src/moveit2/moveit_planners/moveit_planners) by extensions ['colcon_meta']
[3.413s] Level 1:colcon.colcon_core.package_identification:_identify(src/moveit2/moveit_planners/moveit_planners) by extension 'colcon_meta'
[3.413s] Level 1:colcon.colcon_core.package_identification:_identify(src/moveit2/moveit_planners/moveit_planners) by extensions ['ros']
[3.413s] Level 1:colcon.colcon_core.package_identification:_identify(src/moveit2/moveit_planners/moveit_planners) by extension 'ros'
[3.416s] DEBUG:colcon.colcon_core.package_identification:Package 'src/moveit2/moveit_planners/moveit_planners' with type 'ros.ament_cmake' and name 'moveit_planners'
[3.417s] Level 1:colcon.colcon_core.package_identification:_identify(src/moveit2/moveit_planners/ompl) by extensions ['ignore', 'ignore_ament_install']
[3.418s] Level 1:colcon.colcon_core.package_identification:_identify(src/moveit2/moveit_planners/ompl) by extension 'ignore'
[3.418s] Level 1:colcon.colcon_core.package_identification:_identify(src/moveit2/moveit_planners/ompl) by extension 'ignore_ament_install'
[3.418s] Level 1:colcon.colcon_core.package_identification:_identify(src/moveit2/moveit_planners/ompl) by extensions ['colcon_pkg']
[3.418s] Level 1:colcon.colcon_core.package_identification:_identify(src/moveit2/moveit_planners/ompl) by extension 'colcon_pkg'
[3.418s] Level 1:colcon.colcon_core.package_identification:_identify(src/moveit2/moveit_planners/ompl) by extensions ['colcon_meta']
[3.418s] Level 1:colcon.colcon_core.package_identification:_identify(src/moveit2/moveit_planners/ompl) by extension 'colcon_meta'
[3.418s] Level 1:colcon.colcon_core.package_identification:_identify(src/moveit2/moveit_planners/ompl) by extensions ['ros']
[3.418s] Level 1:colcon.colcon_core.package_identification:_identify(src/moveit2/moveit_planners/ompl) by extension 'ros'
[3.448s] DEBUG:colcon.colcon_core.package_identification:Package 'src/moveit2/moveit_planners/ompl' with type 'ros.ament_cmake' and name 'moveit_planners_ompl'
[3.449s] Level 1:colcon.colcon_core.package_identification:_identify(src/moveit2/moveit_planners/pilz_industrial_motion_planner) by extensions ['ignore', 'ignore_ament_install']
[3.449s] Level 1:colcon.colcon_core.package_identification:_identify(src/moveit2/moveit_planners/pilz_industrial_motion_planner) by extension 'ignore'
[3.449s] Level 1:colcon.colcon_core.package_identification:_identify(src/moveit2/moveit_planners/pilz_industrial_motion_planner) by extension 'ignore_ament_install'
[3.449s] Level 1:colcon.colcon_core.package_identification:_identify(src/moveit2/moveit_planners/pilz_industrial_motion_planner) by extensions ['colcon_pkg']
[3.449s] Level 1:colcon.colcon_core.package_identification:_identify(src/moveit2/moveit_planners/pilz_industrial_motion_planner) by extension 'colcon_pkg'
[3.449s] Level 1:colcon.colcon_core.package_identification:_identify(src/moveit2/moveit_planners/pilz_industrial_motion_planner) by extensions ['colcon_meta']
[3.449s] Level 1:colcon.colcon_core.package_identification:_identify(src/moveit2/moveit_planners/pilz_industrial_motion_planner) by extension 'colcon_meta'
[3.450s] Level 1:colcon.colcon_core.package_identification:_identify(src/moveit2/moveit_planners/pilz_industrial_motion_planner) by extensions ['ros']
[3.450s] Level 1:colcon.colcon_core.package_identification:_identify(src/moveit2/moveit_planners/pilz_industrial_motion_planner) by extension 'ros'
[3.455s] DEBUG:colcon.colcon_core.package_identification:Package 'src/moveit2/moveit_planners/pilz_industrial_motion_planner' with type 'ros.ament_cmake' and name 'pilz_industrial_motion_planner'
[3.455s] Level 1:colcon.colcon_core.package_identification:_identify(src/moveit2/moveit_planners/pilz_industrial_motion_planner_testutils) by extensions ['ignore', 'ignore_ament_install']
[3.455s] Level 1:colcon.colcon_core.package_identification:_identify(src/moveit2/moveit_planners/pilz_industrial_motion_planner_testutils) by extension 'ignore'
[3.456s] Level 1:colcon.colcon_core.package_identification:_identify(src/moveit2/moveit_planners/pilz_industrial_motion_planner_testutils) by extension 'ignore_ament_install'
[3.456s] Level 1:colcon.colcon_core.package_identification:_identify(src/moveit2/moveit_planners/pilz_industrial_motion_planner_testutils) by extensions ['colcon_pkg']
[3.456s] Level 1:colcon.colcon_core.package_identification:_identify(src/moveit2/moveit_planners/pilz_industrial_motion_planner_testutils) by extension 'colcon_pkg'
[3.456s] Level 1:colcon.colcon_core.package_identification:_identify(src/moveit2/moveit_planners/pilz_industrial_motion_planner_testutils) by extensions ['colcon_meta']
[3.456s] Level 1:colcon.colcon_core.package_identification:_identify(src/moveit2/moveit_planners/pilz_industrial_motion_planner_testutils) by extension 'colcon_meta'
[3.456s] Level 1:colcon.colcon_core.package_identification:_identify(src/moveit2/moveit_planners/pilz_industrial_motion_planner_testutils) by extensions ['ros']
[3.456s] Level 1:colcon.colcon_core.package_identification:_identify(src/moveit2/moveit_planners/pilz_industrial_motion_planner_testutils) by extension 'ros'
[3.463s] DEBUG:colcon.colcon_core.package_identification:Package 'src/moveit2/moveit_planners/pilz_industrial_motion_planner_testutils' with type 'ros.ament_cmake' and name 'pilz_industrial_motion_planner_testutils'
[3.463s] Level 1:colcon.colcon_core.package_identification:_identify(src/moveit2/moveit_planners/test_configs) by extensions ['ignore', 'ignore_ament_install']
[3.464s] Level 1:colcon.colcon_core.package_identification:_identify(src/moveit2/moveit_planners/test_configs) by extension 'ignore'
[3.464s] Level 1:colcon.colcon_core.package_identification:_identify(src/moveit2/moveit_planners/test_configs) by extension 'ignore_ament_install'
[3.464s] Level 1:colcon.colcon_core.package_identification:_identify(src/moveit2/moveit_planners/test_configs) by extensions ['colcon_pkg']
[3.464s] Level 1:colcon.colcon_core.package_identification:_identify(src/moveit2/moveit_planners/test_configs) by extension 'colcon_pkg'
[3.465s] Level 1:colcon.colcon_core.package_identification:_identify(src/moveit2/moveit_planners/test_configs) by extensions ['colcon_meta']
[3.465s] Level 1:colcon.colcon_core.package_identification:_identify(src/moveit2/moveit_planners/test_configs) by extension 'colcon_meta'
[3.465s] Level 1:colcon.colcon_core.package_identification:_identify(src/moveit2/moveit_planners/test_configs) by extensions ['ros']
[3.465s] Level 1:colcon.colcon_core.package_identification:_identify(src/moveit2/moveit_planners/test_configs) by extension 'ros'
[3.465s] Level 1:colcon.colcon_core.package_identification:_identify(src/moveit2/moveit_planners/test_configs) by extensions ['cmake', 'python']
[3.465s] Level 1:colcon.colcon_core.package_identification:_identify(src/moveit2/moveit_planners/test_configs) by extension 'cmake'
[3.465s] Level 1:colcon.colcon_core.package_identification:_identify(src/moveit2/moveit_planners/test_configs) by extension 'python'
[3.465s] Level 1:colcon.colcon_core.package_identification:_identify(src/moveit2/moveit_planners/test_configs) by extensions ['python_setup_py']
[3.465s] Level 1:colcon.colcon_core.package_identification:_identify(src/moveit2/moveit_planners/test_configs) by extension 'python_setup_py'
[3.466s] Level 1:colcon.colcon_core.package_identification:_identify(src/moveit2/moveit_planners/test_configs/prbt_ikfast_manipulator_plugin) by extensions ['ignore', 'ignore_ament_install']
[3.466s] Level 1:colcon.colcon_core.package_identification:_identify(src/moveit2/moveit_planners/test_configs/prbt_ikfast_manipulator_plugin) by extension 'ignore'
[3.466s] Level 1:colcon.colcon_core.package_identification:_identify(src/moveit2/moveit_planners/test_configs/prbt_ikfast_manipulator_plugin) by extension 'ignore_ament_install'
[3.466s] Level 1:colcon.colcon_core.package_identification:_identify(src/moveit2/moveit_planners/test_configs/prbt_ikfast_manipulator_plugin) by extensions ['colcon_pkg']
[3.466s] Level 1:colcon.colcon_core.package_identification:_identify(src/moveit2/moveit_planners/test_configs/prbt_ikfast_manipulator_plugin) by extension 'colcon_pkg'
[3.466s] Level 1:colcon.colcon_core.package_identification:_identify(src/moveit2/moveit_planners/test_configs/prbt_ikfast_manipulator_plugin) by extensions ['colcon_meta']
[3.467s] Level 1:colcon.colcon_core.package_identification:_identify(src/moveit2/moveit_planners/test_configs/prbt_ikfast_manipulator_plugin) by extension 'colcon_meta'
[3.467s] Level 1:colcon.colcon_core.package_identification:_identify(src/moveit2/moveit_planners/test_configs/prbt_ikfast_manipulator_plugin) by extensions ['ros']
[3.467s] Level 1:colcon.colcon_core.package_identification:_identify(src/moveit2/moveit_planners/test_configs/prbt_ikfast_manipulator_plugin) by extension 'ros'
[3.469s] DEBUG:colcon.colcon_core.package_identification:Package 'src/moveit2/moveit_planners/test_configs/prbt_ikfast_manipulator_plugin' with type 'ros.ament_cmake' and name 'moveit_resources_prbt_ikfast_manipulator_plugin'
[3.469s] Level 1:colcon.colcon_core.package_identification:_identify(src/moveit2/moveit_planners/test_configs/prbt_moveit_config) by extensions ['ignore', 'ignore_ament_install']
[3.470s] Level 1:colcon.colcon_core.package_identification:_identify(src/moveit2/moveit_planners/test_configs/prbt_moveit_config) by extension 'ignore'
[3.470s] Level 1:colcon.colcon_core.package_identification:_identify(src/moveit2/moveit_planners/test_configs/prbt_moveit_config) by extension 'ignore_ament_install'
[3.470s] Level 1:colcon.colcon_core.package_identification:_identify(src/moveit2/moveit_planners/test_configs/prbt_moveit_config) by extensions ['colcon_pkg']
[3.470s] Level 1:colcon.colcon_core.package_identification:_identify(src/moveit2/moveit_planners/test_configs/prbt_moveit_config) by extension 'colcon_pkg'
[3.470s] Level 1:colcon.colcon_core.package_identification:_identify(src/moveit2/moveit_planners/test_configs/prbt_moveit_config) by extensions ['colcon_meta']
[3.470s] Level 1:colcon.colcon_core.package_identification:_identify(src/moveit2/moveit_planners/test_configs/prbt_moveit_config) by extension 'colcon_meta'
[3.470s] Level 1:colcon.colcon_core.package_identification:_identify(src/moveit2/moveit_planners/test_configs/prbt_moveit_config) by extensions ['ros']
[3.471s] Level 1:colcon.colcon_core.package_identification:_identify(src/moveit2/moveit_planners/test_configs/prbt_moveit_config) by extension 'ros'
[3.473s] DEBUG:colcon.colcon_core.package_identification:Package 'src/moveit2/moveit_planners/test_configs/prbt_moveit_config' with type 'ros.ament_cmake' and name 'moveit_resources_prbt_moveit_config'
[3.474s] Level 1:colcon.colcon_core.package_identification:_identify(src/moveit2/moveit_planners/test_configs/prbt_pg70_support) by extensions ['ignore', 'ignore_ament_install']
[3.475s] Level 1:colcon.colcon_core.package_identification:_identify(src/moveit2/moveit_planners/test_configs/prbt_pg70_support) by extension 'ignore'
[3.475s] Level 1:colcon.colcon_core.package_identification:_identify(src/moveit2/moveit_planners/test_configs/prbt_pg70_support) by extension 'ignore_ament_install'
[3.475s] Level 1:colcon.colcon_core.package_identification:_identify(src/moveit2/moveit_planners/test_configs/prbt_pg70_support) by extensions ['colcon_pkg']
[3.475s] Level 1:colcon.colcon_core.package_identification:_identify(src/moveit2/moveit_planners/test_configs/prbt_pg70_support) by extension 'colcon_pkg'
[3.475s] Level 1:colcon.colcon_core.package_identification:_identify(src/moveit2/moveit_planners/test_configs/prbt_pg70_support) by extensions ['colcon_meta']
[3.476s] Level 1:colcon.colcon_core.package_identification:_identify(src/moveit2/moveit_planners/test_configs/prbt_pg70_support) by extension 'colcon_meta'
[3.476s] Level 1:colcon.colcon_core.package_identification:_identify(src/moveit2/moveit_planners/test_configs/prbt_pg70_support) by extensions ['ros']
[3.476s] Level 1:colcon.colcon_core.package_identification:_identify(src/moveit2/moveit_planners/test_configs/prbt_pg70_support) by extension 'ros'
[3.479s] DEBUG:colcon.colcon_core.package_identification:Package 'src/moveit2/moveit_planners/test_configs/prbt_pg70_support' with type 'ros.ament_cmake' and name 'moveit_resources_prbt_pg70_support'
[3.479s] Level 1:colcon.colcon_core.package_identification:_identify(src/moveit2/moveit_planners/test_configs/prbt_support) by extensions ['ignore', 'ignore_ament_install']
[3.479s] Level 1:colcon.colcon_core.package_identification:_identify(src/moveit2/moveit_planners/test_configs/prbt_support) by extension 'ignore'
[3.479s] Level 1:colcon.colcon_core.package_identification:_identify(src/moveit2/moveit_planners/test_configs/prbt_support) by extension 'ignore_ament_install'
[3.480s] Level 1:colcon.colcon_core.package_identification:_identify(src/moveit2/moveit_planners/test_configs/prbt_support) by extensions ['colcon_pkg']
[3.480s] Level 1:colcon.colcon_core.package_identification:_identify(src/moveit2/moveit_planners/test_configs/prbt_support) by extension 'colcon_pkg'
[3.480s] Level 1:colcon.colcon_core.package_identification:_identify(src/moveit2/moveit_planners/test_configs/prbt_support) by extensions ['colcon_meta']
[3.480s] Level 1:colcon.colcon_core.package_identification:_identify(src/moveit2/moveit_planners/test_configs/prbt_support) by extension 'colcon_meta'
[3.480s] Level 1:colcon.colcon_core.package_identification:_identify(src/moveit2/moveit_planners/test_configs/prbt_support) by extensions ['ros']
[3.481s] Level 1:colcon.colcon_core.package_identification:_identify(src/moveit2/moveit_planners/test_configs/prbt_support) by extension 'ros'
[3.482s] DEBUG:colcon.colcon_core.package_identification:Package 'src/moveit2/moveit_planners/test_configs/prbt_support' with type 'ros.ament_cmake' and name 'moveit_resources_prbt_support'
[3.483s] Level 1:colcon.colcon_core.package_identification:_identify(src/moveit2/moveit_planners/trajopt) by extensions ['ignore', 'ignore_ament_install']
[3.483s] Level 1:colcon.colcon_core.package_identification:_identify(src/moveit2/moveit_planners/trajopt) by extension 'ignore'
[3.483s] Level 1:colcon.colcon_core.package_identification:_identify(src/moveit2/moveit_planners/trajopt) ignored
[3.484s] Level 1:colcon.colcon_core.package_identification:_identify(src/moveit2/moveit_plugins) by extensions ['ignore', 'ignore_ament_install']
[3.484s] Level 1:colcon.colcon_core.package_identification:_identify(src/moveit2/moveit_plugins) by extension 'ignore'
[3.484s] Level 1:colcon.colcon_core.package_identification:_identify(src/moveit2/moveit_plugins) by extension 'ignore_ament_install'
[3.484s] Level 1:colcon.colcon_core.package_identification:_identify(src/moveit2/moveit_plugins) by extensions ['colcon_pkg']
[3.484s] Level 1:colcon.colcon_core.package_identification:_identify(src/moveit2/moveit_plugins) by extension 'colcon_pkg'
[3.484s] Level 1:colcon.colcon_core.package_identification:_identify(src/moveit2/moveit_plugins) by extensions ['colcon_meta']
[3.484s] Level 1:colcon.colcon_core.package_identification:_identify(src/moveit2/moveit_plugins) by extension 'colcon_meta'
[3.484s] Level 1:colcon.colcon_core.package_identification:_identify(src/moveit2/moveit_plugins) by extensions ['ros']
[3.485s] Level 1:colcon.colcon_core.package_identification:_identify(src/moveit2/moveit_plugins) by extension 'ros'
[3.485s] Level 1:colcon.colcon_core.package_identification:_identify(src/moveit2/moveit_plugins) by extensions ['cmake', 'python']
[3.485s] Level 1:colcon.colcon_core.package_identification:_identify(src/moveit2/moveit_plugins) by extension 'cmake'
[3.485s] Level 1:colcon.colcon_core.package_identification:_identify(src/moveit2/moveit_plugins) by extension 'python'
[3.485s] Level 1:colcon.colcon_core.package_identification:_identify(src/moveit2/moveit_plugins) by extensions ['python_setup_py']
[3.485s] Level 1:colcon.colcon_core.package_identification:_identify(src/moveit2/moveit_plugins) by extension 'python_setup_py'
[3.486s] Level 1:colcon.colcon_core.package_identification:_identify(src/moveit2/moveit_plugins/moveit_plugins) by extensions ['ignore', 'ignore_ament_install']
[3.486s] Level 1:colcon.colcon_core.package_identification:_identify(src/moveit2/moveit_plugins/moveit_plugins) by extension 'ignore'
[3.486s] Level 1:colcon.colcon_core.package_identification:_identify(src/moveit2/moveit_plugins/moveit_plugins) by extension 'ignore_ament_install'
[3.486s] Level 1:colcon.colcon_core.package_identification:_identify(src/moveit2/moveit_plugins/moveit_plugins) by extensions ['colcon_pkg']
[3.486s] Level 1:colcon.colcon_core.package_identification:_identify(src/moveit2/moveit_plugins/moveit_plugins) by extension 'colcon_pkg'
[3.486s] Level 1:colcon.colcon_core.package_identification:_identify(src/moveit2/moveit_plugins/moveit_plugins) by extensions ['colcon_meta']
[3.486s] Level 1:colcon.colcon_core.package_identification:_identify(src/moveit2/moveit_plugins/moveit_plugins) by extension 'colcon_meta'
[3.486s] Level 1:colcon.colcon_core.package_identification:_identify(src/moveit2/moveit_plugins/moveit_plugins) by extensions ['ros']
[3.486s] Level 1:colcon.colcon_core.package_identification:_identify(src/moveit2/moveit_plugins/moveit_plugins) by extension 'ros'
[3.488s] DEBUG:colcon.colcon_core.package_identification:Package 'src/moveit2/moveit_plugins/moveit_plugins' with type 'ros.ament_cmake' and name 'moveit_plugins'
[3.489s] Level 1:colcon.colcon_core.package_identification:_identify(src/moveit2/moveit_plugins/moveit_ros_control_interface) by extensions ['ignore', 'ignore_ament_install']
[3.489s] Level 1:colcon.colcon_core.package_identification:_identify(src/moveit2/moveit_plugins/moveit_ros_control_interface) by extension 'ignore'
[3.489s] Level 1:colcon.colcon_core.package_identification:_identify(src/moveit2/moveit_plugins/moveit_ros_control_interface) by extension 'ignore_ament_install'
[3.490s] Level 1:colcon.colcon_core.package_identification:_identify(src/moveit2/moveit_plugins/moveit_ros_control_interface) by extensions ['colcon_pkg']
[3.490s] Level 1:colcon.colcon_core.package_identification:_identify(src/moveit2/moveit_plugins/moveit_ros_control_interface) by extension 'colcon_pkg'
[3.490s] Level 1:colcon.colcon_core.package_identification:_identify(src/moveit2/moveit_plugins/moveit_ros_control_interface) by extensions ['colcon_meta']
[3.490s] Level 1:colcon.colcon_core.package_identification:_identify(src/moveit2/moveit_plugins/moveit_ros_control_interface) by extension 'colcon_meta'
[3.490s] Level 1:colcon.colcon_core.package_identification:_identify(src/moveit2/moveit_plugins/moveit_ros_control_interface) by extensions ['ros']
[3.490s] Level 1:colcon.colcon_core.package_identification:_identify(src/moveit2/moveit_plugins/moveit_ros_control_interface) by extension 'ros'
[3.493s] DEBUG:colcon.colcon_core.package_identification:Package 'src/moveit2/moveit_plugins/moveit_ros_control_interface' with type 'ros.ament_cmake' and name 'moveit_ros_control_interface'
[3.493s] Level 1:colcon.colcon_core.package_identification:_identify(src/moveit2/moveit_plugins/moveit_simple_controller_manager) by extensions ['ignore', 'ignore_ament_install']
[3.493s] Level 1:colcon.colcon_core.package_identification:_identify(src/moveit2/moveit_plugins/moveit_simple_controller_manager) by extension 'ignore'
[3.494s] Level 1:colcon.colcon_core.package_identification:_identify(src/moveit2/moveit_plugins/moveit_simple_controller_manager) by extension 'ignore_ament_install'
[3.494s] Level 1:colcon.colcon_core.package_identification:_identify(src/moveit2/moveit_plugins/moveit_simple_controller_manager) by extensions ['colcon_pkg']
[3.494s] Level 1:colcon.colcon_core.package_identification:_identify(src/moveit2/moveit_plugins/moveit_simple_controller_manager) by extension 'colcon_pkg'
[3.494s] Level 1:colcon.colcon_core.package_identification:_identify(src/moveit2/moveit_plugins/moveit_simple_controller_manager) by extensions ['colcon_meta']
[3.494s] Level 1:colcon.colcon_core.package_identification:_identify(src/moveit2/moveit_plugins/moveit_simple_controller_manager) by extension 'colcon_meta'
[3.494s] Level 1:colcon.colcon_core.package_identification:_identify(src/moveit2/moveit_plugins/moveit_simple_controller_manager) by extensions ['ros']
[3.494s] Level 1:colcon.colcon_core.package_identification:_identify(src/moveit2/moveit_plugins/moveit_simple_controller_manager) by extension 'ros'
[3.497s] DEBUG:colcon.colcon_core.package_identification:Package 'src/moveit2/moveit_plugins/moveit_simple_controller_manager' with type 'ros.ament_cmake' and name 'moveit_simple_controller_manager'
[3.498s] Level 1:colcon.colcon_core.package_identification:_identify(src/moveit2/moveit_py) by extensions ['ignore', 'ignore_ament_install']
[3.498s] Level 1:colcon.colcon_core.package_identification:_identify(src/moveit2/moveit_py) by extension 'ignore'
[3.498s] Level 1:colcon.colcon_core.package_identification:_identify(src/moveit2/moveit_py) by extension 'ignore_ament_install'
[3.498s] Level 1:colcon.colcon_core.package_identification:_identify(src/moveit2/moveit_py) by extensions ['colcon_pkg']
[3.499s] Level 1:colcon.colcon_core.package_identification:_identify(src/moveit2/moveit_py) by extension 'colcon_pkg'
[3.499s] Level 1:colcon.colcon_core.package_identification:_identify(src/moveit2/moveit_py) by extensions ['colcon_meta']
[3.499s] Level 1:colcon.colcon_core.package_identification:_identify(src/moveit2/moveit_py) by extension 'colcon_meta'
[3.499s] Level 1:colcon.colcon_core.package_identification:_identify(src/moveit2/moveit_py) by extensions ['ros']
[3.499s] Level 1:colcon.colcon_core.package_identification:_identify(src/moveit2/moveit_py) by extension 'ros'
[3.503s] DEBUG:colcon.colcon_core.package_identification:Package 'src/moveit2/moveit_py' with type 'ros.ament_cmake' and name 'moveit_py'
[3.504s] Level 1:colcon.colcon_core.package_identification:_identify(src/moveit2/moveit_ros) by extensions ['ignore', 'ignore_ament_install']
[3.504s] Level 1:colcon.colcon_core.package_identification:_identify(src/moveit2/moveit_ros) by extension 'ignore'
[3.505s] Level 1:colcon.colcon_core.package_identification:_identify(src/moveit2/moveit_ros) by extension 'ignore_ament_install'
[3.505s] Level 1:colcon.colcon_core.package_identification:_identify(src/moveit2/moveit_ros) by extensions ['colcon_pkg']
[3.505s] Level 1:colcon.colcon_core.package_identification:_identify(src/moveit2/moveit_ros) by extension 'colcon_pkg'
[3.506s] Level 1:colcon.colcon_core.package_identification:_identify(src/moveit2/moveit_ros) by extensions ['colcon_meta']
[3.506s] Level 1:colcon.colcon_core.package_identification:_identify(src/moveit2/moveit_ros) by extension 'colcon_meta'
[3.506s] Level 1:colcon.colcon_core.package_identification:_identify(src/moveit2/moveit_ros) by extensions ['ros']
[3.506s] Level 1:colcon.colcon_core.package_identification:_identify(src/moveit2/moveit_ros) by extension 'ros'
[3.507s] Level 1:colcon.colcon_core.package_identification:_identify(src/moveit2/moveit_ros) by extensions ['cmake', 'python']
[3.507s] Level 1:colcon.colcon_core.package_identification:_identify(src/moveit2/moveit_ros) by extension 'cmake'
[3.507s] Level 1:colcon.colcon_core.package_identification:_identify(src/moveit2/moveit_ros) by extension 'python'
[3.508s] Level 1:colcon.colcon_core.package_identification:_identify(src/moveit2/moveit_ros) by extensions ['python_setup_py']
[3.508s] Level 1:colcon.colcon_core.package_identification:_identify(src/moveit2/moveit_ros) by extension 'python_setup_py'
[3.508s] Level 1:colcon.colcon_core.package_identification:_identify(src/moveit2/moveit_ros/benchmarks) by extensions ['ignore', 'ignore_ament_install']
[3.509s] Level 1:colcon.colcon_core.package_identification:_identify(src/moveit2/moveit_ros/benchmarks) by extension 'ignore'
[3.509s] Level 1:colcon.colcon_core.package_identification:_identify(src/moveit2/moveit_ros/benchmarks) by extension 'ignore_ament_install'
[3.509s] Level 1:colcon.colcon_core.package_identification:_identify(src/moveit2/moveit_ros/benchmarks) by extensions ['colcon_pkg']
[3.509s] Level 1:colcon.colcon_core.package_identification:_identify(src/moveit2/moveit_ros/benchmarks) by extension 'colcon_pkg'
[3.509s] Level 1:colcon.colcon_core.package_identification:_identify(src/moveit2/moveit_ros/benchmarks) by extensions ['colcon_meta']
[3.509s] Level 1:colcon.colcon_core.package_identification:_identify(src/moveit2/moveit_ros/benchmarks) by extension 'colcon_meta'
[3.509s] Level 1:colcon.colcon_core.package_identification:_identify(src/moveit2/moveit_ros/benchmarks) by extensions ['ros']
[3.509s] Level 1:colcon.colcon_core.package_identification:_identify(src/moveit2/moveit_ros/benchmarks) by extension 'ros'
[3.512s] DEBUG:colcon.colcon_core.package_identification:Package 'src/moveit2/moveit_ros/benchmarks' with type 'ros.ament_cmake' and name 'moveit_ros_benchmarks'
[3.513s] Level 1:colcon.colcon_core.package_identification:_identify(src/moveit2/moveit_ros/hybrid_planning) by extensions ['ignore', 'ignore_ament_install']
[3.513s] Level 1:colcon.colcon_core.package_identification:_identify(src/moveit2/moveit_ros/hybrid_planning) by extension 'ignore'
[3.513s] Level 1:colcon.colcon_core.package_identification:_identify(src/moveit2/moveit_ros/hybrid_planning) by extension 'ignore_ament_install'
[3.513s] Level 1:colcon.colcon_core.package_identification:_identify(src/moveit2/moveit_ros/hybrid_planning) by extensions ['colcon_pkg']
[3.513s] Level 1:colcon.colcon_core.package_identification:_identify(src/moveit2/moveit_ros/hybrid_planning) by extension 'colcon_pkg'
[3.513s] Level 1:colcon.colcon_core.package_identification:_identify(src/moveit2/moveit_ros/hybrid_planning) by extensions ['colcon_meta']
[3.513s] Level 1:colcon.colcon_core.package_identification:_identify(src/moveit2/moveit_ros/hybrid_planning) by extension 'colcon_meta'
[3.514s] Level 1:colcon.colcon_core.package_identification:_identify(src/moveit2/moveit_ros/hybrid_planning) by extensions ['ros']
[3.514s] Level 1:colcon.colcon_core.package_identification:_identify(src/moveit2/moveit_ros/hybrid_planning) by extension 'ros'
[3.518s] DEBUG:colcon.colcon_core.package_identification:Package 'src/moveit2/moveit_ros/hybrid_planning' with type 'ros.ament_cmake' and name 'moveit_hybrid_planning'
[3.518s] Level 1:colcon.colcon_core.package_identification:_identify(src/moveit2/moveit_ros/move_group) by extensions ['ignore', 'ignore_ament_install']
[3.519s] Level 1:colcon.colcon_core.package_identification:_identify(src/moveit2/moveit_ros/move_group) by extension 'ignore'
[3.519s] Level 1:colcon.colcon_core.package_identification:_identify(src/moveit2/moveit_ros/move_group) by extension 'ignore_ament_install'
[3.519s] Level 1:colcon.colcon_core.package_identification:_identify(src/moveit2/moveit_ros/move_group) by extensions ['colcon_pkg']
[3.519s] Level 1:colcon.colcon_core.package_identification:_identify(src/moveit2/moveit_ros/move_group) by extension 'colcon_pkg'
[3.519s] Level 1:colcon.colcon_core.package_identification:_identify(src/moveit2/moveit_ros/move_group) by extensions ['colcon_meta']
[3.519s] Level 1:colcon.colcon_core.package_identification:_identify(src/moveit2/moveit_ros/move_group) by extension 'colcon_meta'
[3.519s] Level 1:colcon.colcon_core.package_identification:_identify(src/moveit2/moveit_ros/move_group) by extensions ['ros']
[3.520s] Level 1:colcon.colcon_core.package_identification:_identify(src/moveit2/moveit_ros/move_group) by extension 'ros'
[3.523s] DEBUG:colcon.colcon_core.package_identification:Package 'src/moveit2/moveit_ros/move_group' with type 'ros.ament_cmake' and name 'moveit_ros_move_group'
[3.523s] Level 1:colcon.colcon_core.package_identification:_identify(src/moveit2/moveit_ros/moveit_ros) by extensions ['ignore', 'ignore_ament_install']
[3.524s] Level 1:colcon.colcon_core.package_identification:_identify(src/moveit2/moveit_ros/moveit_ros) by extension 'ignore'
[3.524s] Level 1:colcon.colcon_core.package_identification:_identify(src/moveit2/moveit_ros/moveit_ros) by extension 'ignore_ament_install'
[3.524s] Level 1:colcon.colcon_core.package_identification:_identify(src/moveit2/moveit_ros/moveit_ros) by extensions ['colcon_pkg']
[3.525s] Level 1:colcon.colcon_core.package_identification:_identify(src/moveit2/moveit_ros/moveit_ros) by extension 'colcon_pkg'
[3.525s] Level 1:colcon.colcon_core.package_identification:_identify(src/moveit2/moveit_ros/moveit_ros) by extensions ['colcon_meta']
[3.525s] Level 1:colcon.colcon_core.package_identification:_identify(src/moveit2/moveit_ros/moveit_ros) by extension 'colcon_meta'
[3.525s] Level 1:colcon.colcon_core.package_identification:_identify(src/moveit2/moveit_ros/moveit_ros) by extensions ['ros']
[3.525s] Level 1:colcon.colcon_core.package_identification:_identify(src/moveit2/moveit_ros/moveit_ros) by extension 'ros'
[3.527s] DEBUG:colcon.colcon_core.package_identification:Package 'src/moveit2/moveit_ros/moveit_ros' with type 'ros.ament_cmake' and name 'moveit_ros'
[3.527s] Level 1:colcon.colcon_core.package_identification:_identify(src/moveit2/moveit_ros/moveit_servo) by extensions ['ignore', 'ignore_ament_install']
[3.528s] Level 1:colcon.colcon_core.package_identification:_identify(src/moveit2/moveit_ros/moveit_servo) by extension 'ignore'
[3.528s] Level 1:colcon.colcon_core.package_identification:_identify(src/moveit2/moveit_ros/moveit_servo) by extension 'ignore_ament_install'
[3.528s] Level 1:colcon.colcon_core.package_identification:_identify(src/moveit2/moveit_ros/moveit_servo) by extensions ['colcon_pkg']
[3.528s] Level 1:colcon.colcon_core.package_identification:_identify(src/moveit2/moveit_ros/moveit_servo) by extension 'colcon_pkg'
[3.528s] Level 1:colcon.colcon_core.package_identification:_identify(src/moveit2/moveit_ros/moveit_servo) by extensions ['colcon_meta']
[3.528s] Level 1:colcon.colcon_core.package_identification:_identify(src/moveit2/moveit_ros/moveit_servo) by extension 'colcon_meta'
[3.528s] Level 1:colcon.colcon_core.package_identification:_identify(src/moveit2/moveit_ros/moveit_servo) by extensions ['ros']
[3.528s] Level 1:colcon.colcon_core.package_identification:_identify(src/moveit2/moveit_ros/moveit_servo) by extension 'ros'
[3.535s] DEBUG:colcon.colcon_core.package_identification:Package 'src/moveit2/moveit_ros/moveit_servo' with type 'ros.ament_cmake' and name 'moveit_servo'
[3.536s] Level 1:colcon.colcon_core.package_identification:_identify(src/moveit2/moveit_ros/occupancy_map_monitor) by extensions ['ignore', 'ignore_ament_install']
[3.536s] Level 1:colcon.colcon_core.package_identification:_identify(src/moveit2/moveit_ros/occupancy_map_monitor) by extension 'ignore'
[3.536s] Level 1:colcon.colcon_core.package_identification:_identify(src/moveit2/moveit_ros/occupancy_map_monitor) by extension 'ignore_ament_install'
[3.536s] Level 1:colcon.colcon_core.package_identification:_identify(src/moveit2/moveit_ros/occupancy_map_monitor) by extensions ['colcon_pkg']
[3.537s] Level 1:colcon.colcon_core.package_identification:_identify(src/moveit2/moveit_ros/occupancy_map_monitor) by extension 'colcon_pkg'
[3.537s] Level 1:colcon.colcon_core.package_identification:_identify(src/moveit2/moveit_ros/occupancy_map_monitor) by extensions ['colcon_meta']
[3.537s] Level 1:colcon.colcon_core.package_identification:_identify(src/moveit2/moveit_ros/occupancy_map_monitor) by extension 'colcon_meta'
[3.537s] Level 1:colcon.colcon_core.package_identification:_identify(src/moveit2/moveit_ros/occupancy_map_monitor) by extensions ['ros']
[3.537s] Level 1:colcon.colcon_core.package_identification:_identify(src/moveit2/moveit_ros/occupancy_map_monitor) by extension 'ros'
[3.541s] DEBUG:colcon.colcon_core.package_identification:Package 'src/moveit2/moveit_ros/occupancy_map_monitor' with type 'ros.ament_cmake' and name 'moveit_ros_occupancy_map_monitor'
[3.541s] Level 1:colcon.colcon_core.package_identification:_identify(src/moveit2/moveit_ros/perception) by extensions ['ignore', 'ignore_ament_install']
[3.542s] Level 1:colcon.colcon_core.package_identification:_identify(src/moveit2/moveit_ros/perception) by extension 'ignore'
[3.542s] Level 1:colcon.colcon_core.package_identification:_identify(src/moveit2/moveit_ros/perception) by extension 'ignore_ament_install'
[3.542s] Level 1:colcon.colcon_core.package_identification:_identify(src/moveit2/moveit_ros/perception) by extensions ['colcon_pkg']
[3.542s] Level 1:colcon.colcon_core.package_identification:_identify(src/moveit2/moveit_ros/perception) by extension 'colcon_pkg'
[3.542s] Level 1:colcon.colcon_core.package_identification:_identify(src/moveit2/moveit_ros/perception) by extensions ['colcon_meta']
[3.542s] Level 1:colcon.colcon_core.package_identification:_identify(src/moveit2/moveit_ros/perception) by extension 'colcon_meta'
[3.542s] Level 1:colcon.colcon_core.package_identification:_identify(src/moveit2/moveit_ros/perception) by extensions ['ros']
[3.542s] Level 1:colcon.colcon_core.package_identification:_identify(src/moveit2/moveit_ros/perception) by extension 'ros'
[3.548s] DEBUG:colcon.colcon_core.package_identification:Package 'src/moveit2/moveit_ros/perception' with type 'ros.ament_cmake' and name 'moveit_ros_perception'
[3.549s] Level 1:colcon.colcon_core.package_identification:_identify(src/moveit2/moveit_ros/planning) by extensions ['ignore', 'ignore_ament_install']
[3.549s] Level 1:colcon.colcon_core.package_identification:_identify(src/moveit2/moveit_ros/planning) by extension 'ignore'
[3.549s] Level 1:colcon.colcon_core.package_identification:_identify(src/moveit2/moveit_ros/planning) by extension 'ignore_ament_install'
[3.549s] Level 1:colcon.colcon_core.package_identification:_identify(src/moveit2/moveit_ros/planning) by extensions ['colcon_pkg']
[3.549s] Level 1:colcon.colcon_core.package_identification:_identify(src/moveit2/moveit_ros/planning) by extension 'colcon_pkg'
[3.550s] Level 1:colcon.colcon_core.package_identification:_identify(src/moveit2/moveit_ros/planning) by extensions ['colcon_meta']
[3.550s] Level 1:colcon.colcon_core.package_identification:_identify(src/moveit2/moveit_ros/planning) by extension 'colcon_meta'
[3.550s] Level 1:colcon.colcon_core.package_identification:_identify(src/moveit2/moveit_ros/planning) by extensions ['ros']
[3.550s] Level 1:colcon.colcon_core.package_identification:_identify(src/moveit2/moveit_ros/planning) by extension 'ros'
[3.556s] DEBUG:colcon.colcon_core.package_identification:Package 'src/moveit2/moveit_ros/planning' with type 'ros.ament_cmake' and name 'moveit_ros_planning'
[3.556s] Level 1:colcon.colcon_core.package_identification:_identify(src/moveit2/moveit_ros/planning_interface) by extensions ['ignore', 'ignore_ament_install']
[3.557s] Level 1:colcon.colcon_core.package_identification:_identify(src/moveit2/moveit_ros/planning_interface) by extension 'ignore'
[3.557s] Level 1:colcon.colcon_core.package_identification:_identify(src/moveit2/moveit_ros/planning_interface) by extension 'ignore_ament_install'
[3.557s] Level 1:colcon.colcon_core.package_identification:_identify(src/moveit2/moveit_ros/planning_interface) by extensions ['colcon_pkg']
[3.557s] Level 1:colcon.colcon_core.package_identification:_identify(src/moveit2/moveit_ros/planning_interface) by extension 'colcon_pkg'
[3.557s] Level 1:colcon.colcon_core.package_identification:_identify(src/moveit2/moveit_ros/planning_interface) by extensions ['colcon_meta']
[3.557s] Level 1:colcon.colcon_core.package_identification:_identify(src/moveit2/moveit_ros/planning_interface) by extension 'colcon_meta'
[3.557s] Level 1:colcon.colcon_core.package_identification:_identify(src/moveit2/moveit_ros/planning_interface) by extensions ['ros']
[3.557s] Level 1:colcon.colcon_core.package_identification:_identify(src/moveit2/moveit_ros/planning_interface) by extension 'ros'
[3.570s] DEBUG:colcon.colcon_core.package_identification:Package 'src/moveit2/moveit_ros/planning_interface' with type 'ros.ament_cmake' and name 'moveit_ros_planning_interface'
[3.570s] Level 1:colcon.colcon_core.package_identification:_identify(src/moveit2/moveit_ros/robot_interaction) by extensions ['ignore', 'ignore_ament_install']
[3.571s] Level 1:colcon.colcon_core.package_identification:_identify(src/moveit2/moveit_ros/robot_interaction) by extension 'ignore'
[3.571s] Level 1:colcon.colcon_core.package_identification:_identify(src/moveit2/moveit_ros/robot_interaction) by extension 'ignore_ament_install'
[3.571s] Level 1:colcon.colcon_core.package_identification:_identify(src/moveit2/moveit_ros/robot_interaction) by extensions ['colcon_pkg']
[3.572s] Level 1:colcon.colcon_core.package_identification:_identify(src/moveit2/moveit_ros/robot_interaction) by extension 'colcon_pkg'
[3.573s] Level 1:colcon.colcon_core.package_identification:_identify(src/moveit2/moveit_ros/robot_interaction) by extensions ['colcon_meta']
[3.573s] Level 1:colcon.colcon_core.package_identification:_identify(src/moveit2/moveit_ros/robot_interaction) by extension 'colcon_meta'
[3.574s] Level 1:colcon.colcon_core.package_identification:_identify(src/moveit2/moveit_ros/robot_interaction) by extensions ['ros']
[3.574s] Level 1:colcon.colcon_core.package_identification:_identify(src/moveit2/moveit_ros/robot_interaction) by extension 'ros'
[3.581s] DEBUG:colcon.colcon_core.package_identification:Package 'src/moveit2/moveit_ros/robot_interaction' with type 'ros.ament_cmake' and name 'moveit_ros_robot_interaction'
[3.581s] Level 1:colcon.colcon_core.package_identification:_identify(src/moveit2/moveit_ros/visualization) by extensions ['ignore', 'ignore_ament_install']
[3.582s] Level 1:colcon.colcon_core.package_identification:_identify(src/moveit2/moveit_ros/visualization) by extension 'ignore'
[3.582s] Level 1:colcon.colcon_core.package_identification:_identify(src/moveit2/moveit_ros/visualization) by extension 'ignore_ament_install'
[3.583s] Level 1:colcon.colcon_core.package_identification:_identify(src/moveit2/moveit_ros/visualization) by extensions ['colcon_pkg']
[3.583s] Level 1:colcon.colcon_core.package_identification:_identify(src/moveit2/moveit_ros/visualization) by extension 'colcon_pkg'
[3.583s] Level 1:colcon.colcon_core.package_identification:_identify(src/moveit2/moveit_ros/visualization) by extensions ['colcon_meta']
[3.583s] Level 1:colcon.colcon_core.package_identification:_identify(src/moveit2/moveit_ros/visualization) by extension 'colcon_meta'
[3.585s] Level 1:colcon.colcon_core.package_identification:_identify(src/moveit2/moveit_ros/visualization) by extensions ['ros']
[3.585s] Level 1:colcon.colcon_core.package_identification:_identify(src/moveit2/moveit_ros/visualization) by extension 'ros'
[3.592s] DEBUG:colcon.colcon_core.package_identification:Package 'src/moveit2/moveit_ros/visualization' with type 'ros.ament_cmake' and name 'moveit_ros_visualization'
[3.592s] Level 1:colcon.colcon_core.package_identification:_identify(src/moveit2/moveit_ros/warehouse) by extensions ['ignore', 'ignore_ament_install']
[3.592s] Level 1:colcon.colcon_core.package_identification:_identify(src/moveit2/moveit_ros/warehouse) by extension 'ignore'
[3.593s] Level 1:colcon.colcon_core.package_identification:_identify(src/moveit2/moveit_ros/warehouse) by extension 'ignore_ament_install'
[3.593s] Level 1:colcon.colcon_core.package_identification:_identify(src/moveit2/moveit_ros/warehouse) by extensions ['colcon_pkg']
[3.593s] Level 1:colcon.colcon_core.package_identification:_identify(src/moveit2/moveit_ros/warehouse) by extension 'colcon_pkg'
[3.593s] Level 1:colcon.colcon_core.package_identification:_identify(src/moveit2/moveit_ros/warehouse) by extensions ['colcon_meta']
[3.594s] Level 1:colcon.colcon_core.package_identification:_identify(src/moveit2/moveit_ros/warehouse) by extension 'colcon_meta'
[3.594s] Level 1:colcon.colcon_core.package_identification:_identify(src/moveit2/moveit_ros/warehouse) by extensions ['ros']
[3.594s] Level 1:colcon.colcon_core.package_identification:_identify(src/moveit2/moveit_ros/warehouse) by extension 'ros'
[3.597s] DEBUG:colcon.colcon_core.package_identification:Package 'src/moveit2/moveit_ros/warehouse' with type 'ros.ament_cmake' and name 'moveit_ros_warehouse'
[3.597s] Level 1:colcon.colcon_core.package_identification:_identify(src/moveit2/moveit_runtime) by extensions ['ignore', 'ignore_ament_install']
[3.597s] Level 1:colcon.colcon_core.package_identification:_identify(src/moveit2/moveit_runtime) by extension 'ignore'
[3.598s] Level 1:colcon.colcon_core.package_identification:_identify(src/moveit2/moveit_runtime) by extension 'ignore_ament_install'
[3.598s] Level 1:colcon.colcon_core.package_identification:_identify(src/moveit2/moveit_runtime) by extensions ['colcon_pkg']
[3.598s] Level 1:colcon.colcon_core.package_identification:_identify(src/moveit2/moveit_runtime) by extension 'colcon_pkg'
[3.598s] Level 1:colcon.colcon_core.package_identification:_identify(src/moveit2/moveit_runtime) by extensions ['colcon_meta']
[3.598s] Level 1:colcon.colcon_core.package_identification:_identify(src/moveit2/moveit_runtime) by extension 'colcon_meta'
[3.598s] Level 1:colcon.colcon_core.package_identification:_identify(src/moveit2/moveit_runtime) by extensions ['ros']
[3.598s] Level 1:colcon.colcon_core.package_identification:_identify(src/moveit2/moveit_runtime) by extension 'ros'
[3.600s] DEBUG:colcon.colcon_core.package_identification:Package 'src/moveit2/moveit_runtime' with type 'ros.ament_cmake' and name 'moveit_runtime'
[3.600s] Level 1:colcon.colcon_core.package_identification:_identify(src/moveit2/moveit_setup_assistant) by extensions ['ignore', 'ignore_ament_install']
[3.601s] Level 1:colcon.colcon_core.package_identification:_identify(src/moveit2/moveit_setup_assistant) by extension 'ignore'
[3.601s] Level 1:colcon.colcon_core.package_identification:_identify(src/moveit2/moveit_setup_assistant) by extension 'ignore_ament_install'
[3.601s] Level 1:colcon.colcon_core.package_identification:_identify(src/moveit2/moveit_setup_assistant) by extensions ['colcon_pkg']
[3.601s] Level 1:colcon.colcon_core.package_identification:_identify(src/moveit2/moveit_setup_assistant) by extension 'colcon_pkg'
[3.601s] Level 1:colcon.colcon_core.package_identification:_identify(src/moveit2/moveit_setup_assistant) by extensions ['colcon_meta']
[3.601s] Level 1:colcon.colcon_core.package_identification:_identify(src/moveit2/moveit_setup_assistant) by extension 'colcon_meta'
[3.601s] Level 1:colcon.colcon_core.package_identification:_identify(src/moveit2/moveit_setup_assistant) by extensions ['ros']
[3.601s] Level 1:colcon.colcon_core.package_identification:_identify(src/moveit2/moveit_setup_assistant) by extension 'ros'
[3.602s] Level 1:colcon.colcon_core.package_identification:_identify(src/moveit2/moveit_setup_assistant) by extensions ['cmake', 'python']
[3.603s] Level 1:colcon.colcon_core.package_identification:_identify(src/moveit2/moveit_setup_assistant) by extension 'cmake'
[3.603s] Level 1:colcon.colcon_core.package_identification:_identify(src/moveit2/moveit_setup_assistant) by extension 'python'
[3.603s] Level 1:colcon.colcon_core.package_identification:_identify(src/moveit2/moveit_setup_assistant) by extensions ['python_setup_py']
[3.603s] Level 1:colcon.colcon_core.package_identification:_identify(src/moveit2/moveit_setup_assistant) by extension 'python_setup_py'
[3.604s] Level 1:colcon.colcon_core.package_identification:_identify(src/moveit2/moveit_setup_assistant/graphics) by extensions ['ignore', 'ignore_ament_install']
[3.604s] Level 1:colcon.colcon_core.package_identification:_identify(src/moveit2/moveit_setup_assistant/graphics) by extension 'ignore'
[3.604s] Level 1:colcon.colcon_core.package_identification:_identify(src/moveit2/moveit_setup_assistant/graphics) by extension 'ignore_ament_install'
[3.604s] Level 1:colcon.colcon_core.package_identification:_identify(src/moveit2/moveit_setup_assistant/graphics) by extensions ['colcon_pkg']
[3.604s] Level 1:colcon.colcon_core.package_identification:_identify(src/moveit2/moveit_setup_assistant/graphics) by extension 'colcon_pkg'
[3.604s] Level 1:colcon.colcon_core.package_identification:_identify(src/moveit2/moveit_setup_assistant/graphics) by extensions ['colcon_meta']
[3.604s] Level 1:colcon.colcon_core.package_identification:_identify(src/moveit2/moveit_setup_assistant/graphics) by extension 'colcon_meta'
[3.605s] Level 1:colcon.colcon_core.package_identification:_identify(src/moveit2/moveit_setup_assistant/graphics) by extensions ['ros']
[3.605s] Level 1:colcon.colcon_core.package_identification:_identify(src/moveit2/moveit_setup_assistant/graphics) by extension 'ros'
[3.605s] Level 1:colcon.colcon_core.package_identification:_identify(src/moveit2/moveit_setup_assistant/graphics) by extensions ['cmake', 'python']
[3.605s] Level 1:colcon.colcon_core.package_identification:_identify(src/moveit2/moveit_setup_assistant/graphics) by extension 'cmake'
[3.605s] Level 1:colcon.colcon_core.package_identification:_identify(src/moveit2/moveit_setup_assistant/graphics) by extension 'python'
[3.605s] Level 1:colcon.colcon_core.package_identification:_identify(src/moveit2/moveit_setup_assistant/graphics) by extensions ['python_setup_py']
[3.605s] Level 1:colcon.colcon_core.package_identification:_identify(src/moveit2/moveit_setup_assistant/graphics) by extension 'python_setup_py'
[3.605s] Level 1:colcon.colcon_core.package_identification:_identify(src/moveit2/moveit_setup_assistant/graphics/source) by extensions ['ignore', 'ignore_ament_install']
[3.606s] Level 1:colcon.colcon_core.package_identification:_identify(src/moveit2/moveit_setup_assistant/graphics/source) by extension 'ignore'
[3.606s] Level 1:colcon.colcon_core.package_identification:_identify(src/moveit2/moveit_setup_assistant/graphics/source) by extension 'ignore_ament_install'
[3.606s] Level 1:colcon.colcon_core.package_identification:_identify(src/moveit2/moveit_setup_assistant/graphics/source) by extensions ['colcon_pkg']
[3.606s] Level 1:colcon.colcon_core.package_identification:_identify(src/moveit2/moveit_setup_assistant/graphics/source) by extension 'colcon_pkg'
[3.607s] Level 1:colcon.colcon_core.package_identification:_identify(src/moveit2/moveit_setup_assistant/graphics/source) by extensions ['colcon_meta']
[3.607s] Level 1:colcon.colcon_core.package_identification:_identify(src/moveit2/moveit_setup_assistant/graphics/source) by extension 'colcon_meta'
[3.607s] Level 1:colcon.colcon_core.package_identification:_identify(src/moveit2/moveit_setup_assistant/graphics/source) by extensions ['ros']
[3.607s] Level 1:colcon.colcon_core.package_identification:_identify(src/moveit2/moveit_setup_assistant/graphics/source) by extension 'ros'
[3.607s] Level 1:colcon.colcon_core.package_identification:_identify(src/moveit2/moveit_setup_assistant/graphics/source) by extensions ['cmake', 'python']
[3.608s] Level 1:colcon.colcon_core.package_identification:_identify(src/moveit2/moveit_setup_assistant/graphics/source) by extension 'cmake'
[3.608s] Level 1:colcon.colcon_core.package_identification:_identify(src/moveit2/moveit_setup_assistant/graphics/source) by extension 'python'
[3.608s] Level 1:colcon.colcon_core.package_identification:_identify(src/moveit2/moveit_setup_assistant/graphics/source) by extensions ['python_setup_py']
[3.608s] Level 1:colcon.colcon_core.package_identification:_identify(src/moveit2/moveit_setup_assistant/graphics/source) by extension 'python_setup_py'
[3.608s] Level 1:colcon.colcon_core.package_identification:_identify(src/moveit2/moveit_setup_assistant/moveit_setup_app_plugins) by extensions ['ignore', 'ignore_ament_install']
[3.609s] Level 1:colcon.colcon_core.package_identification:_identify(src/moveit2/moveit_setup_assistant/moveit_setup_app_plugins) by extension 'ignore'
[3.609s] Level 1:colcon.colcon_core.package_identification:_identify(src/moveit2/moveit_setup_assistant/moveit_setup_app_plugins) by extension 'ignore_ament_install'
[3.609s] Level 1:colcon.colcon_core.package_identification:_identify(src/moveit2/moveit_setup_assistant/moveit_setup_app_plugins) by extensions ['colcon_pkg']
[3.609s] Level 1:colcon.colcon_core.package_identification:_identify(src/moveit2/moveit_setup_assistant/moveit_setup_app_plugins) by extension 'colcon_pkg'
[3.609s] Level 1:colcon.colcon_core.package_identification:_identify(src/moveit2/moveit_setup_assistant/moveit_setup_app_plugins) by extensions ['colcon_meta']
[3.609s] Level 1:colcon.colcon_core.package_identification:_identify(src/moveit2/moveit_setup_assistant/moveit_setup_app_plugins) by extension 'colcon_meta'
[3.609s] Level 1:colcon.colcon_core.package_identification:_identify(src/moveit2/moveit_setup_assistant/moveit_setup_app_plugins) by extensions ['ros']
[3.609s] Level 1:colcon.colcon_core.package_identification:_identify(src/moveit2/moveit_setup_assistant/moveit_setup_app_plugins) by extension 'ros'
[3.612s] DEBUG:colcon.colcon_core.package_identification:Package 'src/moveit2/moveit_setup_assistant/moveit_setup_app_plugins' with type 'ros.ament_cmake' and name 'moveit_setup_app_plugins'
[3.613s] Level 1:colcon.colcon_core.package_identification:_identify(src/moveit2/moveit_setup_assistant/moveit_setup_assistant) by extensions ['ignore', 'ignore_ament_install']
[3.613s] Level 1:colcon.colcon_core.package_identification:_identify(src/moveit2/moveit_setup_assistant/moveit_setup_assistant) by extension 'ignore'
[3.613s] Level 1:colcon.colcon_core.package_identification:_identify(src/moveit2/moveit_setup_assistant/moveit_setup_assistant) by extension 'ignore_ament_install'
[3.614s] Level 1:colcon.colcon_core.package_identification:_identify(src/moveit2/moveit_setup_assistant/moveit_setup_assistant) by extensions ['colcon_pkg']
[3.614s] Level 1:colcon.colcon_core.package_identification:_identify(src/moveit2/moveit_setup_assistant/moveit_setup_assistant) by extension 'colcon_pkg'
[3.614s] Level 1:colcon.colcon_core.package_identification:_identify(src/moveit2/moveit_setup_assistant/moveit_setup_assistant) by extensions ['colcon_meta']
[3.615s] Level 1:colcon.colcon_core.package_identification:_identify(src/moveit2/moveit_setup_assistant/moveit_setup_assistant) by extension 'colcon_meta'
[3.615s] Level 1:colcon.colcon_core.package_identification:_identify(src/moveit2/moveit_setup_assistant/moveit_setup_assistant) by extensions ['ros']
[3.615s] Level 1:colcon.colcon_core.package_identification:_identify(src/moveit2/moveit_setup_assistant/moveit_setup_assistant) by extension 'ros'
[3.619s] DEBUG:colcon.colcon_core.package_identification:Package 'src/moveit2/moveit_setup_assistant/moveit_setup_assistant' with type 'ros.ament_cmake' and name 'moveit_setup_assistant'
[3.621s] Level 1:colcon.colcon_core.package_identification:_identify(src/moveit2/moveit_setup_assistant/moveit_setup_controllers) by extensions ['ignore', 'ignore_ament_install']
[3.621s] Level 1:colcon.colcon_core.package_identification:_identify(src/moveit2/moveit_setup_assistant/moveit_setup_controllers) by extension 'ignore'
[3.622s] Level 1:colcon.colcon_core.package_identification:_identify(src/moveit2/moveit_setup_assistant/moveit_setup_controllers) by extension 'ignore_ament_install'
[3.622s] Level 1:colcon.colcon_core.package_identification:_identify(src/moveit2/moveit_setup_assistant/moveit_setup_controllers) by extensions ['colcon_pkg']
[3.622s] Level 1:colcon.colcon_core.package_identification:_identify(src/moveit2/moveit_setup_assistant/moveit_setup_controllers) by extension 'colcon_pkg'
[3.622s] Level 1:colcon.colcon_core.package_identification:_identify(src/moveit2/moveit_setup_assistant/moveit_setup_controllers) by extensions ['colcon_meta']
[3.622s] Level 1:colcon.colcon_core.package_identification:_identify(src/moveit2/moveit_setup_assistant/moveit_setup_controllers) by extension 'colcon_meta'
[3.622s] Level 1:colcon.colcon_core.package_identification:_identify(src/moveit2/moveit_setup_assistant/moveit_setup_controllers) by extensions ['ros']
[3.623s] Level 1:colcon.colcon_core.package_identification:_identify(src/moveit2/moveit_setup_assistant/moveit_setup_controllers) by extension 'ros'
[3.625s] DEBUG:colcon.colcon_core.package_identification:Package 'src/moveit2/moveit_setup_assistant/moveit_setup_controllers' with type 'ros.ament_cmake' and name 'moveit_setup_controllers'
[3.626s] Level 1:colcon.colcon_core.package_identification:_identify(src/moveit2/moveit_setup_assistant/moveit_setup_core_plugins) by extensions ['ignore', 'ignore_ament_install']
[3.626s] Level 1:colcon.colcon_core.package_identification:_identify(src/moveit2/moveit_setup_assistant/moveit_setup_core_plugins) by extension 'ignore'
[3.626s] Level 1:colcon.colcon_core.package_identification:_identify(src/moveit2/moveit_setup_assistant/moveit_setup_core_plugins) by extension 'ignore_ament_install'
[3.627s] Level 1:colcon.colcon_core.package_identification:_identify(src/moveit2/moveit_setup_assistant/moveit_setup_core_plugins) by extensions ['colcon_pkg']
[3.627s] Level 1:colcon.colcon_core.package_identification:_identify(src/moveit2/moveit_setup_assistant/moveit_setup_core_plugins) by extension 'colcon_pkg'
[3.627s] Level 1:colcon.colcon_core.package_identification:_identify(src/moveit2/moveit_setup_assistant/moveit_setup_core_plugins) by extensions ['colcon_meta']
[3.627s] Level 1:colcon.colcon_core.package_identification:_identify(src/moveit2/moveit_setup_assistant/moveit_setup_core_plugins) by extension 'colcon_meta'
[3.627s] Level 1:colcon.colcon_core.package_identification:_identify(src/moveit2/moveit_setup_assistant/moveit_setup_core_plugins) by extensions ['ros']
[3.627s] Level 1:colcon.colcon_core.package_identification:_identify(src/moveit2/moveit_setup_assistant/moveit_setup_core_plugins) by extension 'ros'
[3.630s] DEBUG:colcon.colcon_core.package_identification:Package 'src/moveit2/moveit_setup_assistant/moveit_setup_core_plugins' with type 'ros.ament_cmake' and name 'moveit_setup_core_plugins'
[3.631s] Level 1:colcon.colcon_core.package_identification:_identify(src/moveit2/moveit_setup_assistant/moveit_setup_framework) by extensions ['ignore', 'ignore_ament_install']
[3.631s] Level 1:colcon.colcon_core.package_identification:_identify(src/moveit2/moveit_setup_assistant/moveit_setup_framework) by extension 'ignore'
[3.631s] Level 1:colcon.colcon_core.package_identification:_identify(src/moveit2/moveit_setup_assistant/moveit_setup_framework) by extension 'ignore_ament_install'
[3.631s] Level 1:colcon.colcon_core.package_identification:_identify(src/moveit2/moveit_setup_assistant/moveit_setup_framework) by extensions ['colcon_pkg']
[3.631s] Level 1:colcon.colcon_core.package_identification:_identify(src/moveit2/moveit_setup_assistant/moveit_setup_framework) by extension 'colcon_pkg'
[3.631s] Level 1:colcon.colcon_core.package_identification:_identify(src/moveit2/moveit_setup_assistant/moveit_setup_framework) by extensions ['colcon_meta']
[3.631s] Level 1:colcon.colcon_core.package_identification:_identify(src/moveit2/moveit_setup_assistant/moveit_setup_framework) by extension 'colcon_meta'
[3.631s] Level 1:colcon.colcon_core.package_identification:_identify(src/moveit2/moveit_setup_assistant/moveit_setup_framework) by extensions ['ros']
[3.631s] Level 1:colcon.colcon_core.package_identification:_identify(src/moveit2/moveit_setup_assistant/moveit_setup_framework) by extension 'ros'
[3.634s] DEBUG:colcon.colcon_core.package_identification:Package 'src/moveit2/moveit_setup_assistant/moveit_setup_framework' with type 'ros.ament_cmake' and name 'moveit_setup_framework'
[3.635s] Level 1:colcon.colcon_core.package_identification:_identify(src/moveit2/moveit_setup_assistant/moveit_setup_simulation) by extensions ['ignore', 'ignore_ament_install']
[3.635s] Level 1:colcon.colcon_core.package_identification:_identify(src/moveit2/moveit_setup_assistant/moveit_setup_simulation) by extension 'ignore'
[3.635s] Level 1:colcon.colcon_core.package_identification:_identify(src/moveit2/moveit_setup_assistant/moveit_setup_simulation) ignored
[3.635s] Level 1:colcon.colcon_core.package_identification:_identify(src/moveit2/moveit_setup_assistant/moveit_setup_srdf_plugins) by extensions ['ignore', 'ignore_ament_install']
[3.636s] Level 1:colcon.colcon_core.package_identification:_identify(src/moveit2/moveit_setup_assistant/moveit_setup_srdf_plugins) by extension 'ignore'
[3.636s] Level 1:colcon.colcon_core.package_identification:_identify(src/moveit2/moveit_setup_assistant/moveit_setup_srdf_plugins) by extension 'ignore_ament_install'
[3.636s] Level 1:colcon.colcon_core.package_identification:_identify(src/moveit2/moveit_setup_assistant/moveit_setup_srdf_plugins) by extensions ['colcon_pkg']
[3.636s] Level 1:colcon.colcon_core.package_identification:_identify(src/moveit2/moveit_setup_assistant/moveit_setup_srdf_plugins) by extension 'colcon_pkg'
[3.636s] Level 1:colcon.colcon_core.package_identification:_identify(src/moveit2/moveit_setup_assistant/moveit_setup_srdf_plugins) by extensions ['colcon_meta']
[3.636s] Level 1:colcon.colcon_core.package_identification:_identify(src/moveit2/moveit_setup_assistant/moveit_setup_srdf_plugins) by extension 'colcon_meta'
[3.636s] Level 1:colcon.colcon_core.package_identification:_identify(src/moveit2/moveit_setup_assistant/moveit_setup_srdf_plugins) by extensions ['ros']
[3.636s] Level 1:colcon.colcon_core.package_identification:_identify(src/moveit2/moveit_setup_assistant/moveit_setup_srdf_plugins) by extension 'ros'
[3.640s] DEBUG:colcon.colcon_core.package_identification:Package 'src/moveit2/moveit_setup_assistant/moveit_setup_srdf_plugins' with type 'ros.ament_cmake' and name 'moveit_setup_srdf_plugins'
[3.640s] Level 1:colcon.colcon_core.package_identification:_identify(src/moveit2/moveit_setup_assistant/unported_templates) by extensions ['ignore', 'ignore_ament_install']
[3.640s] Level 1:colcon.colcon_core.package_identification:_identify(src/moveit2/moveit_setup_assistant/unported_templates) by extension 'ignore'
[3.641s] Level 1:colcon.colcon_core.package_identification:_identify(src/moveit2/moveit_setup_assistant/unported_templates) by extension 'ignore_ament_install'
[3.641s] Level 1:colcon.colcon_core.package_identification:_identify(src/moveit2/moveit_setup_assistant/unported_templates) by extensions ['colcon_pkg']
[3.641s] Level 1:colcon.colcon_core.package_identification:_identify(src/moveit2/moveit_setup_assistant/unported_templates) by extension 'colcon_pkg'
[3.641s] Level 1:colcon.colcon_core.package_identification:_identify(src/moveit2/moveit_setup_assistant/unported_templates) by extensions ['colcon_meta']
[3.641s] Level 1:colcon.colcon_core.package_identification:_identify(src/moveit2/moveit_setup_assistant/unported_templates) by extension 'colcon_meta'
[3.641s] Level 1:colcon.colcon_core.package_identification:_identify(src/moveit2/moveit_setup_assistant/unported_templates) by extensions ['ros']
[3.641s] Level 1:colcon.colcon_core.package_identification:_identify(src/moveit2/moveit_setup_assistant/unported_templates) by extension 'ros'
[3.641s] Level 1:colcon.colcon_core.package_identification:_identify(src/moveit2/moveit_setup_assistant/unported_templates) by extensions ['cmake', 'python']
[3.641s] Level 1:colcon.colcon_core.package_identification:_identify(src/moveit2/moveit_setup_assistant/unported_templates) by extension 'cmake'
[3.641s] Level 1:colcon.colcon_core.package_identification:_identify(src/moveit2/moveit_setup_assistant/unported_templates) by extension 'python'
[3.642s] Level 1:colcon.colcon_core.package_identification:_identify(src/moveit2/moveit_setup_assistant/unported_templates) by extensions ['python_setup_py']
[3.642s] Level 1:colcon.colcon_core.package_identification:_identify(src/moveit2/moveit_setup_assistant/unported_templates) by extension 'python_setup_py'
[3.642s] Level 1:colcon.colcon_core.package_identification:_identify(src/moveit2_tutorials) by extensions ['ignore', 'ignore_ament_install']
[3.642s] Level 1:colcon.colcon_core.package_identification:_identify(src/moveit2_tutorials) by extension 'ignore'
[3.642s] Level 1:colcon.colcon_core.package_identification:_identify(src/moveit2_tutorials) by extension 'ignore_ament_install'
[3.643s] Level 1:colcon.colcon_core.package_identification:_identify(src/moveit2_tutorials) by extensions ['colcon_pkg']
[3.643s] Level 1:colcon.colcon_core.package_identification:_identify(src/moveit2_tutorials) by extension 'colcon_pkg'
[3.643s] Level 1:colcon.colcon_core.package_identification:_identify(src/moveit2_tutorials) by extensions ['colcon_meta']
[3.643s] Level 1:colcon.colcon_core.package_identification:_identify(src/moveit2_tutorials) by extension 'colcon_meta'
[3.643s] Level 1:colcon.colcon_core.package_identification:_identify(src/moveit2_tutorials) by extensions ['ros']
[3.643s] Level 1:colcon.colcon_core.package_identification:_identify(src/moveit2_tutorials) by extension 'ros'
[3.650s] DEBUG:colcon.colcon_core.package_identification:Package 'src/moveit2_tutorials' with type 'ros.ament_cmake' and name 'moveit2_tutorials'
[3.650s] Level 1:colcon.colcon_core.package_identification:_identify(src/moveit_resources) by extensions ['ignore', 'ignore_ament_install']
[3.651s] Level 1:colcon.colcon_core.package_identification:_identify(src/moveit_resources) by extension 'ignore'
[3.651s] Level 1:colcon.colcon_core.package_identification:_identify(src/moveit_resources) by extension 'ignore_ament_install'
[3.651s] Level 1:colcon.colcon_core.package_identification:_identify(src/moveit_resources) by extensions ['colcon_pkg']
[3.651s] Level 1:colcon.colcon_core.package_identification:_identify(src/moveit_resources) by extension 'colcon_pkg'
[3.651s] Level 1:colcon.colcon_core.package_identification:_identify(src/moveit_resources) by extensions ['colcon_meta']
[3.651s] Level 1:colcon.colcon_core.package_identification:_identify(src/moveit_resources) by extension 'colcon_meta'
[3.651s] Level 1:colcon.colcon_core.package_identification:_identify(src/moveit_resources) by extensions ['ros']
[3.652s] Level 1:colcon.colcon_core.package_identification:_identify(src/moveit_resources) by extension 'ros'
[3.652s] Level 1:colcon.colcon_core.package_identification:_identify(src/moveit_resources) by extensions ['cmake', 'python']
[3.652s] Level 1:colcon.colcon_core.package_identification:_identify(src/moveit_resources) by extension 'cmake'
[3.652s] Level 1:colcon.colcon_core.package_identification:_identify(src/moveit_resources) by extension 'python'
[3.652s] Level 1:colcon.colcon_core.package_identification:_identify(src/moveit_resources) by extensions ['python_setup_py']
[3.652s] Level 1:colcon.colcon_core.package_identification:_identify(src/moveit_resources) by extension 'python_setup_py'
[3.653s] Level 1:colcon.colcon_core.package_identification:_identify(src/moveit_resources/fanuc_description) by extensions ['ignore', 'ignore_ament_install']
[3.653s] Level 1:colcon.colcon_core.package_identification:_identify(src/moveit_resources/fanuc_description) by extension 'ignore'
[3.653s] Level 1:colcon.colcon_core.package_identification:_identify(src/moveit_resources/fanuc_description) by extension 'ignore_ament_install'
[3.653s] Level 1:colcon.colcon_core.package_identification:_identify(src/moveit_resources/fanuc_description) by extensions ['colcon_pkg']
[3.653s] Level 1:colcon.colcon_core.package_identification:_identify(src/moveit_resources/fanuc_description) by extension 'colcon_pkg'
[3.653s] Level 1:colcon.colcon_core.package_identification:_identify(src/moveit_resources/fanuc_description) by extensions ['colcon_meta']
[3.653s] Level 1:colcon.colcon_core.package_identification:_identify(src/moveit_resources/fanuc_description) by extension 'colcon_meta'
[3.653s] Level 1:colcon.colcon_core.package_identification:_identify(src/moveit_resources/fanuc_description) by extensions ['ros']
[3.653s] Level 1:colcon.colcon_core.package_identification:_identify(src/moveit_resources/fanuc_description) by extension 'ros'
[3.655s] DEBUG:colcon.colcon_core.package_identification:Package 'src/moveit_resources/fanuc_description' with type 'ros.ament_cmake' and name 'moveit_resources_fanuc_description'
[3.656s] Level 1:colcon.colcon_core.package_identification:_identify(src/moveit_resources/fanuc_moveit_config) by extensions ['ignore', 'ignore_ament_install']
[3.656s] Level 1:colcon.colcon_core.package_identification:_identify(src/moveit_resources/fanuc_moveit_config) by extension 'ignore'
[3.656s] Level 1:colcon.colcon_core.package_identification:_identify(src/moveit_resources/fanuc_moveit_config) by extension 'ignore_ament_install'
[3.656s] Level 1:colcon.colcon_core.package_identification:_identify(src/moveit_resources/fanuc_moveit_config) by extensions ['colcon_pkg']
[3.656s] Level 1:colcon.colcon_core.package_identification:_identify(src/moveit_resources/fanuc_moveit_config) by extension 'colcon_pkg'
[3.657s] Level 1:colcon.colcon_core.package_identification:_identify(src/moveit_resources/fanuc_moveit_config) by extensions ['colcon_meta']
[3.657s] Level 1:colcon.colcon_core.package_identification:_identify(src/moveit_resources/fanuc_moveit_config) by extension 'colcon_meta'
[3.657s] Level 1:colcon.colcon_core.package_identification:_identify(src/moveit_resources/fanuc_moveit_config) by extensions ['ros']
[3.657s] Level 1:colcon.colcon_core.package_identification:_identify(src/moveit_resources/fanuc_moveit_config) by extension 'ros'
[3.662s] DEBUG:colcon.colcon_core.package_identification:Package 'src/moveit_resources/fanuc_moveit_config' with type 'ros.ament_cmake' and name 'moveit_resources_fanuc_moveit_config'
[3.663s] Level 1:colcon.colcon_core.package_identification:_identify(src/moveit_resources/moveit_resources) by extensions ['ignore', 'ignore_ament_install']
[3.663s] Level 1:colcon.colcon_core.package_identification:_identify(src/moveit_resources/moveit_resources) by extension 'ignore'
[3.663s] Level 1:colcon.colcon_core.package_identification:_identify(src/moveit_resources/moveit_resources) by extension 'ignore_ament_install'
[3.663s] Level 1:colcon.colcon_core.package_identification:_identify(src/moveit_resources/moveit_resources) by extensions ['colcon_pkg']
[3.663s] Level 1:colcon.colcon_core.package_identification:_identify(src/moveit_resources/moveit_resources) by extension 'colcon_pkg'
[3.663s] Level 1:colcon.colcon_core.package_identification:_identify(src/moveit_resources/moveit_resources) by extensions ['colcon_meta']
[3.663s] Level 1:colcon.colcon_core.package_identification:_identify(src/moveit_resources/moveit_resources) by extension 'colcon_meta'
[3.663s] Level 1:colcon.colcon_core.package_identification:_identify(src/moveit_resources/moveit_resources) by extensions ['ros']
[3.664s] Level 1:colcon.colcon_core.package_identification:_identify(src/moveit_resources/moveit_resources) by extension 'ros'
[3.665s] DEBUG:colcon.colcon_core.package_identification:Package 'src/moveit_resources/moveit_resources' with type 'ros.ament_cmake' and name 'moveit_resources'
[3.666s] Level 1:colcon.colcon_core.package_identification:_identify(src/moveit_resources/panda_description) by extensions ['ignore', 'ignore_ament_install']
[3.666s] Level 1:colcon.colcon_core.package_identification:_identify(src/moveit_resources/panda_description) by extension 'ignore'
[3.666s] Level 1:colcon.colcon_core.package_identification:_identify(src/moveit_resources/panda_description) by extension 'ignore_ament_install'
[3.666s] Level 1:colcon.colcon_core.package_identification:_identify(src/moveit_resources/panda_description) by extensions ['colcon_pkg']
[3.666s] Level 1:colcon.colcon_core.package_identification:_identify(src/moveit_resources/panda_description) by extension 'colcon_pkg'
[3.666s] Level 1:colcon.colcon_core.package_identification:_identify(src/moveit_resources/panda_description) by extensions ['colcon_meta']
[3.666s] Level 1:colcon.colcon_core.package_identification:_identify(src/moveit_resources/panda_description) by extension 'colcon_meta'
[3.667s] Level 1:colcon.colcon_core.package_identification:_identify(src/moveit_resources/panda_description) by extensions ['ros']
[3.667s] Level 1:colcon.colcon_core.package_identification:_identify(src/moveit_resources/panda_description) by extension 'ros'
[3.669s] DEBUG:colcon.colcon_core.package_identification:Package 'src/moveit_resources/panda_description' with type 'ros.ament_cmake' and name 'moveit_resources_panda_description'
[3.670s] Level 1:colcon.colcon_core.package_identification:_identify(src/moveit_resources/panda_moveit_config) by extensions ['ignore', 'ignore_ament_install']
[3.670s] Level 1:colcon.colcon_core.package_identification:_identify(src/moveit_resources/panda_moveit_config) by extension 'ignore'
[3.670s] Level 1:colcon.colcon_core.package_identification:_identify(src/moveit_resources/panda_moveit_config) by extension 'ignore_ament_install'
[3.670s] Level 1:colcon.colcon_core.package_identification:_identify(src/moveit_resources/panda_moveit_config) by extensions ['colcon_pkg']
[3.671s] Level 1:colcon.colcon_core.package_identification:_identify(src/moveit_resources/panda_moveit_config) by extension 'colcon_pkg'
[3.671s] Level 1:colcon.colcon_core.package_identification:_identify(src/moveit_resources/panda_moveit_config) by extensions ['colcon_meta']
[3.671s] Level 1:colcon.colcon_core.package_identification:_identify(src/moveit_resources/panda_moveit_config) by extension 'colcon_meta'
[3.671s] Level 1:colcon.colcon_core.package_identification:_identify(src/moveit_resources/panda_moveit_config) by extensions ['ros']
[3.671s] Level 1:colcon.colcon_core.package_identification:_identify(src/moveit_resources/panda_moveit_config) by extension 'ros'
[3.672s] DEBUG:colcon.colcon_core.package_identification:Package 'src/moveit_resources/panda_moveit_config' with type 'ros.ament_cmake' and name 'moveit_resources_panda_moveit_config'
[3.673s] Level 1:colcon.colcon_core.package_identification:_identify(src/moveit_resources/pr2_description) by extensions ['ignore', 'ignore_ament_install']
[3.673s] Level 1:colcon.colcon_core.package_identification:_identify(src/moveit_resources/pr2_description) by extension 'ignore'
[3.673s] Level 1:colcon.colcon_core.package_identification:_identify(src/moveit_resources/pr2_description) by extension 'ignore_ament_install'
[3.673s] Level 1:colcon.colcon_core.package_identification:_identify(src/moveit_resources/pr2_description) by extensions ['colcon_pkg']
[3.673s] Level 1:colcon.colcon_core.package_identification:_identify(src/moveit_resources/pr2_description) by extension 'colcon_pkg'
[3.673s] Level 1:colcon.colcon_core.package_identification:_identify(src/moveit_resources/pr2_description) by extensions ['colcon_meta']
[3.673s] Level 1:colcon.colcon_core.package_identification:_identify(src/moveit_resources/pr2_description) by extension 'colcon_meta'
[3.673s] Level 1:colcon.colcon_core.package_identification:_identify(src/moveit_resources/pr2_description) by extensions ['ros']
[3.673s] Level 1:colcon.colcon_core.package_identification:_identify(src/moveit_resources/pr2_description) by extension 'ros'
[3.675s] DEBUG:colcon.colcon_core.package_identification:Package 'src/moveit_resources/pr2_description' with type 'ros.ament_cmake' and name 'moveit_resources_pr2_description'
[3.676s] Level 1:colcon.colcon_core.package_identification:_identify(src/moveit_task_constructor) by extensions ['ignore', 'ignore_ament_install']
[3.676s] Level 1:colcon.colcon_core.package_identification:_identify(src/moveit_task_constructor) by extension 'ignore'
[3.676s] Level 1:colcon.colcon_core.package_identification:_identify(src/moveit_task_constructor) by extension 'ignore_ament_install'
[3.676s] Level 1:colcon.colcon_core.package_identification:_identify(src/moveit_task_constructor) by extensions ['colcon_pkg']
[3.676s] Level 1:colcon.colcon_core.package_identification:_identify(src/moveit_task_constructor) by extension 'colcon_pkg'
[3.676s] Level 1:colcon.colcon_core.package_identification:_identify(src/moveit_task_constructor) by extensions ['colcon_meta']
[3.676s] Level 1:colcon.colcon_core.package_identification:_identify(src/moveit_task_constructor) by extension 'colcon_meta'
[3.677s] Level 1:colcon.colcon_core.package_identification:_identify(src/moveit_task_constructor) by extensions ['ros']
[3.677s] Level 1:colcon.colcon_core.package_identification:_identify(src/moveit_task_constructor) by extension 'ros'
[3.677s] Level 1:colcon.colcon_core.package_identification:_identify(src/moveit_task_constructor) by extensions ['cmake', 'python']
[3.677s] Level 1:colcon.colcon_core.package_identification:_identify(src/moveit_task_constructor) by extension 'cmake'
[3.677s] Level 1:colcon.colcon_core.package_identification:_identify(src/moveit_task_constructor) by extension 'python'
[3.677s] Level 1:colcon.colcon_core.package_identification:_identify(src/moveit_task_constructor) by extensions ['python_setup_py']
[3.677s] Level 1:colcon.colcon_core.package_identification:_identify(src/moveit_task_constructor) by extension 'python_setup_py'
[3.677s] Level 1:colcon.colcon_core.package_identification:_identify(src/moveit_task_constructor/capabilities) by extensions ['ignore', 'ignore_ament_install']
[3.678s] Level 1:colcon.colcon_core.package_identification:_identify(src/moveit_task_constructor/capabilities) by extension 'ignore'
[3.678s] Level 1:colcon.colcon_core.package_identification:_identify(src/moveit_task_constructor/capabilities) by extension 'ignore_ament_install'
[3.678s] Level 1:colcon.colcon_core.package_identification:_identify(src/moveit_task_constructor/capabilities) by extensions ['colcon_pkg']
[3.678s] Level 1:colcon.colcon_core.package_identification:_identify(src/moveit_task_constructor/capabilities) by extension 'colcon_pkg'
[3.679s] Level 1:colcon.colcon_core.package_identification:_identify(src/moveit_task_constructor/capabilities) by extensions ['colcon_meta']
[3.679s] Level 1:colcon.colcon_core.package_identification:_identify(src/moveit_task_constructor/capabilities) by extension 'colcon_meta'
[3.679s] Level 1:colcon.colcon_core.package_identification:_identify(src/moveit_task_constructor/capabilities) by extensions ['ros']
[3.679s] Level 1:colcon.colcon_core.package_identification:_identify(src/moveit_task_constructor/capabilities) by extension 'ros'
[3.682s] DEBUG:colcon.colcon_core.package_identification:Package 'src/moveit_task_constructor/capabilities' with type 'ros.ament_cmake' and name 'moveit_task_constructor_capabilities'
[3.682s] Level 1:colcon.colcon_core.package_identification:_identify(src/moveit_task_constructor/core) by extensions ['ignore', 'ignore_ament_install']
[3.683s] Level 1:colcon.colcon_core.package_identification:_identify(src/moveit_task_constructor/core) by extension 'ignore'
[3.683s] Level 1:colcon.colcon_core.package_identification:_identify(src/moveit_task_constructor/core) by extension 'ignore_ament_install'
[3.683s] Level 1:colcon.colcon_core.package_identification:_identify(src/moveit_task_constructor/core) by extensions ['colcon_pkg']
[3.683s] Level 1:colcon.colcon_core.package_identification:_identify(src/moveit_task_constructor/core) by extension 'colcon_pkg'
[3.683s] Level 1:colcon.colcon_core.package_identification:_identify(src/moveit_task_constructor/core) by extensions ['colcon_meta']
[3.683s] Level 1:colcon.colcon_core.package_identification:_identify(src/moveit_task_constructor/core) by extension 'colcon_meta'
[3.683s] Level 1:colcon.colcon_core.package_identification:_identify(src/moveit_task_constructor/core) by extensions ['ros']
[3.684s] Level 1:colcon.colcon_core.package_identification:_identify(src/moveit_task_constructor/core) by extension 'ros'
[3.688s] DEBUG:colcon.colcon_core.package_identification:Package 'src/moveit_task_constructor/core' with type 'ros.ament_cmake' and name 'moveit_task_constructor_core'
[3.688s] Level 1:colcon.colcon_core.package_identification:_identify(src/moveit_task_constructor/demo) by extensions ['ignore', 'ignore_ament_install']
[3.688s] Level 1:colcon.colcon_core.package_identification:_identify(src/moveit_task_constructor/demo) by extension 'ignore'
[3.688s] Level 1:colcon.colcon_core.package_identification:_identify(src/moveit_task_constructor/demo) by extension 'ignore_ament_install'
[3.689s] Level 1:colcon.colcon_core.package_identification:_identify(src/moveit_task_constructor/demo) by extensions ['colcon_pkg']
[3.689s] Level 1:colcon.colcon_core.package_identification:_identify(src/moveit_task_constructor/demo) by extension 'colcon_pkg'
[3.689s] Level 1:colcon.colcon_core.package_identification:_identify(src/moveit_task_constructor/demo) by extensions ['colcon_meta']
[3.689s] Level 1:colcon.colcon_core.package_identification:_identify(src/moveit_task_constructor/demo) by extension 'colcon_meta'
[3.689s] Level 1:colcon.colcon_core.package_identification:_identify(src/moveit_task_constructor/demo) by extensions ['ros']
[3.689s] Level 1:colcon.colcon_core.package_identification:_identify(src/moveit_task_constructor/demo) by extension 'ros'
[3.691s] DEBUG:colcon.colcon_core.package_identification:Package 'src/moveit_task_constructor/demo' with type 'ros.ament_cmake' and name 'moveit_task_constructor_demo'
[3.692s] Level 1:colcon.colcon_core.package_identification:_identify(src/moveit_task_constructor/msgs) by extensions ['ignore', 'ignore_ament_install']
[3.692s] Level 1:colcon.colcon_core.package_identification:_identify(src/moveit_task_constructor/msgs) by extension 'ignore'
[3.692s] Level 1:colcon.colcon_core.package_identification:_identify(src/moveit_task_constructor/msgs) by extension 'ignore_ament_install'
[3.692s] Level 1:colcon.colcon_core.package_identification:_identify(src/moveit_task_constructor/msgs) by extensions ['colcon_pkg']
[3.692s] Level 1:colcon.colcon_core.package_identification:_identify(src/moveit_task_constructor/msgs) by extension 'colcon_pkg'
[3.692s] Level 1:colcon.colcon_core.package_identification:_identify(src/moveit_task_constructor/msgs) by extensions ['colcon_meta']
[3.692s] Level 1:colcon.colcon_core.package_identification:_identify(src/moveit_task_constructor/msgs) by extension 'colcon_meta'
[3.692s] Level 1:colcon.colcon_core.package_identification:_identify(src/moveit_task_constructor/msgs) by extensions ['ros']
[3.692s] Level 1:colcon.colcon_core.package_identification:_identify(src/moveit_task_constructor/msgs) by extension 'ros'
[3.695s] DEBUG:colcon.colcon_core.package_identification:Package 'src/moveit_task_constructor/msgs' with type 'ros.ament_cmake' and name 'moveit_task_constructor_msgs'
[3.696s] Level 1:colcon.colcon_core.package_identification:_identify(src/moveit_task_constructor/rviz_marker_tools) by extensions ['ignore', 'ignore_ament_install']
[3.698s] Level 1:colcon.colcon_core.package_identification:_identify(src/moveit_task_constructor/rviz_marker_tools) by extension 'ignore'
[3.698s] Level 1:colcon.colcon_core.package_identification:_identify(src/moveit_task_constructor/rviz_marker_tools) by extension 'ignore_ament_install'
[3.698s] Level 1:colcon.colcon_core.package_identification:_identify(src/moveit_task_constructor/rviz_marker_tools) by extensions ['colcon_pkg']
[3.698s] Level 1:colcon.colcon_core.package_identification:_identify(src/moveit_task_constructor/rviz_marker_tools) by extension 'colcon_pkg'
[3.698s] Level 1:colcon.colcon_core.package_identification:_identify(src/moveit_task_constructor/rviz_marker_tools) by extensions ['colcon_meta']
[3.698s] Level 1:colcon.colcon_core.package_identification:_identify(src/moveit_task_constructor/rviz_marker_tools) by extension 'colcon_meta'
[3.698s] Level 1:colcon.colcon_core.package_identification:_identify(src/moveit_task_constructor/rviz_marker_tools) by extensions ['ros']
[3.699s] Level 1:colcon.colcon_core.package_identification:_identify(src/moveit_task_constructor/rviz_marker_tools) by extension 'ros'
[3.701s] DEBUG:colcon.colcon_core.package_identification:Package 'src/moveit_task_constructor/rviz_marker_tools' with type 'ros.ament_cmake' and name 'rviz_marker_tools'
[3.702s] Level 1:colcon.colcon_core.package_identification:_identify(src/moveit_task_constructor/visualization) by extensions ['ignore', 'ignore_ament_install']
[3.702s] Level 1:colcon.colcon_core.package_identification:_identify(src/moveit_task_constructor/visualization) by extension 'ignore'
[3.702s] Level 1:colcon.colcon_core.package_identification:_identify(src/moveit_task_constructor/visualization) by extension 'ignore_ament_install'
[3.702s] Level 1:colcon.colcon_core.package_identification:_identify(src/moveit_task_constructor/visualization) by extensions ['colcon_pkg']
[3.703s] Level 1:colcon.colcon_core.package_identification:_identify(src/moveit_task_constructor/visualization) by extension 'colcon_pkg'
[3.703s] Level 1:colcon.colcon_core.package_identification:_identify(src/moveit_task_constructor/visualization) by extensions ['colcon_meta']
[3.703s] Level 1:colcon.colcon_core.package_identification:_identify(src/moveit_task_constructor/visualization) by extension 'colcon_meta'
[3.703s] Level 1:colcon.colcon_core.package_identification:_identify(src/moveit_task_constructor/visualization) by extensions ['ros']
[3.703s] Level 1:colcon.colcon_core.package_identification:_identify(src/moveit_task_constructor/visualization) by extension 'ros'
[3.706s] DEBUG:colcon.colcon_core.package_identification:Package 'src/moveit_task_constructor/visualization' with type 'ros.ament_cmake' and name 'moveit_task_constructor_visualization'
[3.706s] Level 1:colcon.colcon_core.package_identification:_identify(src/moveit_visual_tools) by extensions ['ignore', 'ignore_ament_install']
[3.706s] Level 1:colcon.colcon_core.package_identification:_identify(src/moveit_visual_tools) by extension 'ignore'
[3.706s] Level 1:colcon.colcon_core.package_identification:_identify(src/moveit_visual_tools) by extension 'ignore_ament_install'
[3.707s] Level 1:colcon.colcon_core.package_identification:_identify(src/moveit_visual_tools) by extensions ['colcon_pkg']
[3.707s] Level 1:colcon.colcon_core.package_identification:_identify(src/moveit_visual_tools) by extension 'colcon_pkg'
[3.707s] Level 1:colcon.colcon_core.package_identification:_identify(src/moveit_visual_tools) by extensions ['colcon_meta']
[3.707s] Level 1:colcon.colcon_core.package_identification:_identify(src/moveit_visual_tools) by extension 'colcon_meta'
[3.707s] Level 1:colcon.colcon_core.package_identification:_identify(src/moveit_visual_tools) by extensions ['ros']
[3.707s] Level 1:colcon.colcon_core.package_identification:_identify(src/moveit_visual_tools) by extension 'ros'
[3.710s] DEBUG:colcon.colcon_core.package_identification:Package 'src/moveit_visual_tools' with type 'ros.ament_cmake' and name 'moveit_visual_tools'
[3.710s] Level 1:colcon.colcon_core.package_identification:_identify(src/rosparam_shortcuts) by extensions ['ignore', 'ignore_ament_install']
[3.711s] Level 1:colcon.colcon_core.package_identification:_identify(src/rosparam_shortcuts) by extension 'ignore'
[3.711s] Level 1:colcon.colcon_core.package_identification:_identify(src/rosparam_shortcuts) by extension 'ignore_ament_install'
[3.711s] Level 1:colcon.colcon_core.package_identification:_identify(src/rosparam_shortcuts) by extensions ['colcon_pkg']
[3.711s] Level 1:colcon.colcon_core.package_identification:_identify(src/rosparam_shortcuts) by extension 'colcon_pkg'
[3.711s] Level 1:colcon.colcon_core.package_identification:_identify(src/rosparam_shortcuts) by extensions ['colcon_meta']
[3.711s] Level 1:colcon.colcon_core.package_identification:_identify(src/rosparam_shortcuts) by extension 'colcon_meta'
[3.711s] Level 1:colcon.colcon_core.package_identification:_identify(src/rosparam_shortcuts) by extensions ['ros']
[3.711s] Level 1:colcon.colcon_core.package_identification:_identify(src/rosparam_shortcuts) by extension 'ros'
[3.713s] DEBUG:colcon.colcon_core.package_identification:Package 'src/rosparam_shortcuts' with type 'ros.ament_cmake' and name 'rosparam_shortcuts'
[3.713s] Level 1:colcon.colcon_core.package_identification:_identify(src/srdfdom) by extensions ['ignore', 'ignore_ament_install']
[3.714s] Level 1:colcon.colcon_core.package_identification:_identify(src/srdfdom) by extension 'ignore'
[3.714s] Level 1:colcon.colcon_core.package_identification:_identify(src/srdfdom) by extension 'ignore_ament_install'
[3.714s] Level 1:colcon.colcon_core.package_identification:_identify(src/srdfdom) by extensions ['colcon_pkg']
[3.714s] Level 1:colcon.colcon_core.package_identification:_identify(src/srdfdom) by extension 'colcon_pkg'
[3.714s] Level 1:colcon.colcon_core.package_identification:_identify(src/srdfdom) by extensions ['colcon_meta']
[3.714s] Level 1:colcon.colcon_core.package_identification:_identify(src/srdfdom) by extension 'colcon_meta'
[3.714s] Level 1:colcon.colcon_core.package_identification:_identify(src/srdfdom) by extensions ['ros']
[3.714s] Level 1:colcon.colcon_core.package_identification:_identify(src/srdfdom) by extension 'ros'
[3.717s] DEBUG:colcon.colcon_core.package_identification:Package 'src/srdfdom' with type 'ros.ament_cmake' and name 'srdfdom'
[3.717s] Level 1:colcon.colcon_core.package_identification:_identify(src/ur3e_motion) by extensions ['ignore', 'ignore_ament_install']
[3.718s] Level 1:colcon.colcon_core.package_identification:_identify(src/ur3e_motion) by extension 'ignore'
[3.718s] Level 1:colcon.colcon_core.package_identification:_identify(src/ur3e_motion) by extension 'ignore_ament_install'
[3.718s] Level 1:colcon.colcon_core.package_identification:_identify(src/ur3e_motion) by extensions ['colcon_pkg']
[3.718s] Level 1:colcon.colcon_core.package_identification:_identify(src/ur3e_motion) by extension 'colcon_pkg'
[3.718s] Level 1:colcon.colcon_core.package_identification:_identify(src/ur3e_motion) by extensions ['colcon_meta']
[3.718s] Level 1:colcon.colcon_core.package_identification:_identify(src/ur3e_motion) by extension 'colcon_meta'
[3.718s] Level 1:colcon.colcon_core.package_identification:_identify(src/ur3e_motion) by extensions ['ros']
[3.718s] Level 1:colcon.colcon_core.package_identification:_identify(src/ur3e_motion) by extension 'ros'
[3.722s] DEBUG:colcon.colcon_core.package_identification:Package 'src/ur3e_motion' with type 'ros.ament_python' and name 'ur3e_motion'
[3.722s] Level 1:colcon.colcon_core.package_identification:_identify(src/ur3e_motion_cpp) by extensions ['ignore', 'ignore_ament_install']
[3.723s] Level 1:colcon.colcon_core.package_identification:_identify(src/ur3e_motion_cpp) by extension 'ignore'
[3.723s] Level 1:colcon.colcon_core.package_identification:_identify(src/ur3e_motion_cpp) by extension 'ignore_ament_install'
[3.724s] Level 1:colcon.colcon_core.package_identification:_identify(src/ur3e_motion_cpp) by extensions ['colcon_pkg']
[3.724s] Level 1:colcon.colcon_core.package_identification:_identify(src/ur3e_motion_cpp) by extension 'colcon_pkg'
[3.725s] Level 1:colcon.colcon_core.package_identification:_identify(src/ur3e_motion_cpp) by extensions ['colcon_meta']
[3.725s] Level 1:colcon.colcon_core.package_identification:_identify(src/ur3e_motion_cpp) by extension 'colcon_meta'
[3.725s] Level 1:colcon.colcon_core.package_identification:_identify(src/ur3e_motion_cpp) by extensions ['ros']
[3.725s] Level 1:colcon.colcon_core.package_identification:_identify(src/ur3e_motion_cpp) by extension 'ros'
[3.729s] DEBUG:colcon.colcon_core.package_identification:Package 'src/ur3e_motion_cpp' with type 'ros.ament_cmake' and name 'ur3e_motion_cpp'
[3.730s] Level 1:colcon.colcon_core.package_discovery:discover_packages(recursive) using defaults
[3.730s] Level 1:colcon.colcon_core.package_discovery:discover_packages(ignore) discover
[3.730s] Level 1:colcon.colcon_core.package_discovery:discover_packages(ignore) using defaults
[3.730s] Level 1:colcon.colcon_core.package_discovery:discover_packages(path) discover
[3.730s] Level 1:colcon.colcon_core.package_discovery:discover_packages(path) using defaults
[4.002s] INFO:colcon.colcon_core.package_selection:Skipping not selected package 'launch_param_builder' in 'src/launch_param_builder'
[4.002s] INFO:colcon.colcon_core.package_selection:Skipping not selected package 'moveit_common' in 'src/moveit2/moveit_common'
[4.002s] INFO:colcon.colcon_core.package_selection:Skipping not selected package 'moveit_resources_fanuc_description' in 'src/moveit_resources/fanuc_description'
[4.003s] INFO:colcon.colcon_core.package_selection:Skipping not selected package 'moveit_resources_panda_description' in 'src/moveit_resources/panda_description'
[4.003s] INFO:colcon.colcon_core.package_selection:Skipping not selected package 'moveit_resources_pr2_description' in 'src/moveit_resources/pr2_description'
[4.003s] INFO:colcon.colcon_core.package_selection:Skipping not selected package 'moveit_resources_prbt_support' in 'src/moveit2/moveit_planners/test_configs/prbt_support'
[4.003s] INFO:colcon.colcon_core.package_selection:Skipping not selected package 'moveit_task_constructor_msgs' in 'src/moveit_task_constructor/msgs'
[4.003s] INFO:colcon.colcon_core.package_selection:Skipping not selected package 'rosparam_shortcuts' in 'src/rosparam_shortcuts'
[4.003s] INFO:colcon.colcon_core.package_selection:Skipping not selected package 'srdfdom' in 'src/srdfdom'
[4.003s] INFO:colcon.colcon_core.package_selection:Skipping not selected package 'moveit_configs_utils' in 'src/moveit2/moveit_configs_utils'
[4.003s] INFO:colcon.colcon_core.package_selection:Skipping not selected package 'moveit_resources_fanuc_moveit_config' in 'src/moveit_resources/fanuc_moveit_config'
[4.003s] INFO:colcon.colcon_core.package_selection:Skipping not selected package 'moveit_resources_panda_moveit_config' in 'src/moveit_resources/panda_moveit_config'
[4.003s] INFO:colcon.colcon_core.package_selection:Skipping not selected package 'rviz_marker_tools' in 'src/moveit_task_constructor/rviz_marker_tools'
[4.003s] INFO:colcon.colcon_core.package_selection:Skipping not selected package 'moveit_core' in 'src/moveit2/moveit_core'
[4.003s] INFO:colcon.colcon_core.package_selection:Skipping not selected package 'moveit_resources' in 'src/moveit_resources/moveit_resources'
[4.003s] INFO:colcon.colcon_core.package_selection:Skipping not selected package 'chomp_motion_planner' in 'src/moveit2/moveit_planners/chomp/chomp_motion_planner'
[4.003s] INFO:colcon.colcon_core.package_selection:Skipping not selected package 'moveit_resources_prbt_ikfast_manipulator_plugin' in 'src/moveit2/moveit_planners/test_configs/prbt_ikfast_manipulator_plugin'
[4.003s] INFO:colcon.colcon_core.package_selection:Skipping not selected package 'moveit_ros_occupancy_map_monitor' in 'src/moveit2/moveit_ros/occupancy_map_monitor'
[4.003s] INFO:colcon.colcon_core.package_selection:Skipping not selected package 'moveit_simple_controller_manager' in 'src/moveit2/moveit_plugins/moveit_simple_controller_manager'
[4.003s] INFO:colcon.colcon_core.package_selection:Skipping not selected package 'pilz_industrial_motion_planner_testutils' in 'src/moveit2/moveit_planners/pilz_industrial_motion_planner_testutils'
[4.003s] INFO:colcon.colcon_core.package_selection:Skipping not selected package 'moveit_chomp_optimizer_adapter' in 'src/moveit2/moveit_planners/chomp/chomp_optimizer_adapter'
[4.003s] INFO:colcon.colcon_core.package_selection:Skipping not selected package 'moveit_planners_chomp' in 'src/moveit2/moveit_planners/chomp/chomp_interface'
[4.004s] INFO:colcon.colcon_core.package_selection:Skipping not selected package 'moveit_plugins' in 'src/moveit2/moveit_plugins/moveit_plugins'
[4.004s] INFO:colcon.colcon_core.package_selection:Skipping not selected package 'moveit_ros_control_interface' in 'src/moveit2/moveit_plugins/moveit_ros_control_interface'
[4.004s] INFO:colcon.colcon_core.package_selection:Skipping not selected package 'moveit_ros_planning' in 'src/moveit2/moveit_ros/planning'
[4.004s] INFO:colcon.colcon_core.package_selection:Skipping not selected package 'moveit_kinematics' in 'src/moveit2/moveit_kinematics'
[4.004s] INFO:colcon.colcon_core.package_selection:Skipping not selected package 'moveit_planners_ompl' in 'src/moveit2/moveit_planners/ompl'
[4.004s] INFO:colcon.colcon_core.package_selection:Skipping not selected package 'moveit_ros_perception' in 'src/moveit2/moveit_ros/perception'
[4.004s] INFO:colcon.colcon_core.package_selection:Skipping not selected package 'moveit_ros_robot_interaction' in 'src/moveit2/moveit_ros/robot_interaction'
[4.004s] INFO:colcon.colcon_core.package_selection:Skipping not selected package 'moveit_ros_warehouse' in 'src/moveit2/moveit_ros/warehouse'
[4.004s] INFO:colcon.colcon_core.package_selection:Skipping not selected package 'moveit_visual_tools' in 'src/moveit_visual_tools'
[4.005s] INFO:colcon.colcon_core.package_selection:Skipping not selected package 'moveit_ros_benchmarks' in 'src/moveit2/moveit_ros/benchmarks'
[4.005s] INFO:colcon.colcon_core.package_selection:Skipping not selected package 'moveit_ros_move_group' in 'src/moveit2/moveit_ros/move_group'
[4.005s] INFO:colcon.colcon_core.package_selection:Skipping not selected package 'moveit_resources_prbt_moveit_config' in 'src/moveit2/moveit_planners/test_configs/prbt_moveit_config'
[4.005s] INFO:colcon.colcon_core.package_selection:Skipping not selected package 'moveit_ros_planning_interface' in 'src/moveit2/moveit_ros/planning_interface'
[4.005s] INFO:colcon.colcon_core.package_selection:Skipping not selected package 'moveit_hybrid_planning' in 'src/moveit2/moveit_ros/hybrid_planning'
[4.005s] INFO:colcon.colcon_core.package_selection:Skipping not selected package 'moveit_py' in 'src/moveit2/moveit_py'
[4.005s] INFO:colcon.colcon_core.package_selection:Skipping not selected package 'moveit_resources_prbt_pg70_support' in 'src/moveit2/moveit_planners/test_configs/prbt_pg70_support'
[4.005s] INFO:colcon.colcon_core.package_selection:Skipping not selected package 'moveit_ros_visualization' in 'src/moveit2/moveit_ros/visualization'
[4.006s] INFO:colcon.colcon_core.package_selection:Skipping not selected package 'moveit_servo' in 'src/moveit2/moveit_ros/moveit_servo'
[4.006s] INFO:colcon.colcon_core.package_selection:Skipping not selected package 'moveit_ros' in 'src/moveit2/moveit_ros/moveit_ros'
[4.006s] INFO:colcon.colcon_core.package_selection:Skipping not selected package 'moveit_setup_framework' in 'src/moveit2/moveit_setup_assistant/moveit_setup_framework'
[4.006s] INFO:colcon.colcon_core.package_selection:Skipping not selected package 'pilz_industrial_motion_planner' in 'src/moveit2/moveit_planners/pilz_industrial_motion_planner'
[4.006s] INFO:colcon.colcon_core.package_selection:Skipping not selected package 'ur3e_motion' in 'src/ur3e_motion'
[4.006s] INFO:colcon.colcon_core.package_selection:Skipping not selected package 'moveit_planners' in 'src/moveit2/moveit_planners/moveit_planners'
[4.006s] INFO:colcon.colcon_core.package_selection:Skipping not selected package 'moveit_setup_app_plugins' in 'src/moveit2/moveit_setup_assistant/moveit_setup_app_plugins'
[4.006s] INFO:colcon.colcon_core.package_selection:Skipping not selected package 'moveit_setup_controllers' in 'src/moveit2/moveit_setup_assistant/moveit_setup_controllers'
[4.006s] INFO:colcon.colcon_core.package_selection:Skipping not selected package 'moveit_setup_core_plugins' in 'src/moveit2/moveit_setup_assistant/moveit_setup_core_plugins'
[4.006s] INFO:colcon.colcon_core.package_selection:Skipping not selected package 'moveit_setup_srdf_plugins' in 'src/moveit2/moveit_setup_assistant/moveit_setup_srdf_plugins'
[4.006s] INFO:colcon.colcon_core.package_selection:Skipping not selected package 'moveit_runtime' in 'src/moveit2/moveit_runtime'
[4.006s] INFO:colcon.colcon_core.package_selection:Skipping not selected package 'moveit_setup_assistant' in 'src/moveit2/moveit_setup_assistant/moveit_setup_assistant'
[4.006s] INFO:colcon.colcon_core.package_selection:Skipping not selected package 'moveit_task_constructor_core' in 'src/moveit_task_constructor/core'
[4.006s] INFO:colcon.colcon_core.package_selection:Skipping not selected package 'moveit' in 'src/moveit2/moveit'
[4.006s] INFO:colcon.colcon_core.package_selection:Skipping not selected package 'moveit_task_constructor_capabilities' in 'src/moveit_task_constructor/capabilities'
[4.006s] INFO:colcon.colcon_core.package_selection:Skipping not selected package 'moveit_task_constructor_visualization' in 'src/moveit_task_constructor/visualization'
[4.006s] INFO:colcon.colcon_core.package_selection:Skipping not selected package 'moveit2_tutorials' in 'src/moveit2_tutorials'
[4.006s] INFO:colcon.colcon_core.package_selection:Skipping not selected package 'moveit_task_constructor_demo' in 'src/moveit_task_constructor/demo'
[4.007s] Level 1:colcon.colcon_core.package_discovery:discover_packages(prefix_path) check parameters
[4.008s] Level 1:colcon.colcon_core.package_discovery:discover_packages(prefix_path) discover
[4.025s] DEBUG:colcon.colcon_installed_package_information.package_discovery:Found 58 installed packages in /home/b/ws_moveit2/install
[4.032s] DEBUG:colcon.colcon_installed_package_information.package_discovery:Found 413 installed packages in /opt/ros/humble
[4.043s] Level 1:colcon.colcon_core.package_discovery:discover_packages(prefix_path) using defaults
[4.230s] Level 5:colcon.colcon_core.verb:set package 'ur3e_motion_cpp' build argument 'cmake_args' from command line to 'None'
[4.230s] Level 5:colcon.colcon_core.verb:set package 'ur3e_motion_cpp' build argument 'cmake_target' from command line to 'None'
[4.231s] Level 5:colcon.colcon_core.verb:set package 'ur3e_motion_cpp' build argument 'cmake_target_skip_unavailable' from command line to 'False'
[4.231s] Level 5:colcon.colcon_core.verb:set package 'ur3e_motion_cpp' build argument 'cmake_clean_cache' from command line to 'False'
[4.231s] Level 5:colcon.colcon_core.verb:set package 'ur3e_motion_cpp' build argument 'cmake_clean_first' from command line to 'False'
[4.231s] Level 5:colcon.colcon_core.verb:set package 'ur3e_motion_cpp' build argument 'cmake_force_configure' from command line to 'False'
[4.231s] Level 5:colcon.colcon_core.verb:set package 'ur3e_motion_cpp' build argument 'ament_cmake_args' from command line to 'None'
[4.231s] Level 5:colcon.colcon_core.verb:set package 'ur3e_motion_cpp' build argument 'catkin_cmake_args' from command line to 'None'
[4.231s] Level 5:colcon.colcon_core.verb:set package 'ur3e_motion_cpp' build argument 'catkin_skip_building_tests' from command line to 'False'
[4.231s] DEBUG:colcon.colcon_core.verb:Building package 'ur3e_motion_cpp' with the following arguments: {'ament_cmake_args': None, 'build_base': '/home/b/ws_moveit2/build/ur3e_motion_cpp', 'catkin_cmake_args': None, 'catkin_skip_building_tests': False, 'cmake_args': None, 'cmake_clean_cache': False, 'cmake_clean_first': False, 'cmake_force_configure': False, 'cmake_target': None, 'cmake_target_skip_unavailable': False, 'install_base': '/home/b/ws_moveit2/install/ur3e_motion_cpp', 'merge_install': False, 'path': '/home/b/ws_moveit2/src/ur3e_motion_cpp', 'symlink_install': False, 'test_result_base': None}
[4.231s] INFO:colcon.colcon_core.executor:Executing jobs using 'parallel' executor
[4.241s] DEBUG:colcon.colcon_parallel_executor.executor.parallel:run_until_complete
[4.242s] INFO:colcon.colcon_ros.task.ament_cmake.build:Building ROS package in '/home/b/ws_moveit2/src/ur3e_motion_cpp' with build type 'ament_cmake'
[4.243s] INFO:colcon.colcon_cmake.task.cmake.build:Building CMake package in '/home/b/ws_moveit2/src/ur3e_motion_cpp'
[4.268s] INFO:colcon.colcon_core.plugin_system:Skipping extension 'colcon_core.shell.bat': Not used on non-Windows systems
[4.269s] INFO:colcon.colcon_core.shell:Skip shell extension 'powershell' for command environment: Not usable outside of PowerShell
[4.269s] DEBUG:colcon.colcon_core.shell:Skip shell extension 'dsv' for command environment
[14.566s] DEBUG:colcon.colcon_core.event_handler.log_command:Invoking command in '/home/b/ws_moveit2/build/ur3e_motion_cpp': AMENT_PREFIX_PATH=/home/b/ws_moveit2/install/moveit_configs_utils:/home/b/ws_moveit2/install/launch_param_builder:/home/b/ws_moveit2/install/ur3e_motion_cpp:/home/b/ws_moveit2/install/ur3e_motion:/home/b/ws_moveit2/install/pilz_industrial_motion_planner_testutils:/home/b/ws_moveit2/install/moveit_runtime:/home/b/ws_moveit2/install/moveit2_tutorials:/home/b/ws_moveit2/install/moveit:/home/b/ws_moveit2/install/moveit_planners:/home/b/ws_moveit2/install/pilz_industrial_motion_planner:/home/b/ws_moveit2/install/moveit_visual_tools:/home/b/ws_moveit2/install/moveit_task_constructor_visualization:/home/b/ws_moveit2/install/moveit_task_constructor_demo:/home/b/ws_moveit2/install/moveit_task_constructor_capabilities:/home/b/ws_moveit2/install/moveit_task_constructor_core:/home/b/ws_moveit2/install/moveit_ros_control_interface:/home/b/ws_moveit2/install/moveit_plugins:/home/b/ws_moveit2/install/moveit_simple_controller_manager:/home/b/ws_moveit2/install/moveit_setup_assistant:/home/b/ws_moveit2/install/moveit_setup_srdf_plugins:/home/b/ws_moveit2/install/moveit_setup_core_plugins:/home/b/ws_moveit2/install/moveit_setup_controllers:/home/b/ws_moveit2/install/moveit_setup_app_plugins:/home/b/ws_moveit2/install/moveit_setup_framework:/home/b/ws_moveit2/install/moveit_servo:/home/b/ws_moveit2/install/moveit_ros:/home/b/ws_moveit2/install/moveit_ros_visualization:/home/b/ws_moveit2/install/moveit_py:/home/b/ws_moveit2/install/moveit_hybrid_planning:/home/b/ws_moveit2/install/moveit_ros_planning_interface:/home/b/ws_moveit2/install/moveit_ros_benchmarks:/home/b/ws_moveit2/install/moveit_ros_warehouse:/home/b/ws_moveit2/install/moveit_ros_robot_interaction:/home/b/ws_moveit2/install/moveit_ros_perception:/home/b/ws_moveit2/install/moveit_resources_prbt_pg70_support:/home/b/ws_moveit2/install/moveit_resources_prbt_moveit_config:/home/b/ws_moveit2/install/moveit_ros_move_group:/home/b/ws_moveit2/install/moveit_planners_ompl:/home/b/ws_moveit2/install/moveit_ros_planning:/home/b/ws_moveit2/install/moveit_ros_occupancy_map_monitor:/home/b/ws_moveit2/install/moveit_resources_prbt_ikfast_manipulator_plugin:/home/b/ws_moveit2/install/moveit_planners_chomp:/home/b/ws_moveit2/install/moveit_kinematics:/home/b/ws_moveit2/install/moveit_chomp_optimizer_adapter:/home/b/ws_moveit2/install/chomp_motion_planner:/home/b/ws_moveit2/install/moveit_core:/home/b/ws_moveit2/install/srdfdom:/home/b/ws_moveit2/install/rviz_marker_tools:/home/b/ws_moveit2/install/rosparam_shortcuts:/home/b/ws_moveit2/install/moveit_task_constructor_msgs:/home/b/ws_moveit2/install/moveit_resources_prbt_support:/home/b/ws_moveit2/install/moveit_resources:/home/b/ws_moveit2/install/moveit_resources_pr2_description:/home/b/ws_moveit2/install/moveit_resources_panda_moveit_config:/home/b/ws_moveit2/install/moveit_resources_panda_description:/home/b/ws_moveit2/install/moveit_resources_fanuc_moveit_config:/home/b/ws_moveit2/install/moveit_resources_fanuc_description:/home/b/ws_moveit2/install/moveit_common:/opt/ros/humble CMAKE_PREFIX_PATH=/home/b/ws_moveit2/install/moveit_ros_planning_interface:/home/b/ws_moveit2/install/moveit_ros_move_group:/home/b/ws_moveit2/install/moveit_ros_warehouse:/home/b/ws_moveit2/install/moveit_planners_ompl:/home/b/ws_moveit2/install/moveit_kinematics:/home/b/ws_moveit2/install/moveit_ros_planning:/home/b/ws_moveit2/install/moveit_simple_controller_manager:/home/b/ws_moveit2/install/moveit_ros_occupancy_map_monitor:/home/b/ws_moveit2/install/moveit_core:/home/b/ws_moveit2/install/moveit_resources_panda_moveit_config:/home/b/ws_moveit2/install/moveit_resources_fanuc_moveit_config:/home/b/ws_moveit2/install/srdfdom:/home/b/ws_moveit2/install/moveit_resources_pr2_description:/home/b/ws_moveit2/install/moveit_resources_panda_description:/home/b/ws_moveit2/install/moveit_resources_fanuc_description:/home/b/ws_moveit2/install/moveit_common:/home/b/ws_moveit2/install/ur3e_motion_cpp:/home/b/ws_moveit2/install/pilz_industrial_motion_planner_testutils:/home/b/ws_moveit2/install/moveit_runtime:/home/b/ws_moveit2/install/moveit2_tutorials:/home/b/ws_moveit2/install/moveit:/home/b/ws_moveit2/install/moveit_planners:/home/b/ws_moveit2/install/pilz_industrial_motion_planner:/home/b/ws_moveit2/install/moveit_visual_tools:/home/b/ws_moveit2/install/moveit_task_constructor_visualization:/home/b/ws_moveit2/install/moveit_task_constructor_demo:/home/b/ws_moveit2/install/moveit_task_constructor_capabilities:/home/b/ws_moveit2/install/moveit_task_constructor_core:/home/b/ws_moveit2/install/moveit_ros_control_interface:/home/b/ws_moveit2/install/moveit_plugins:/home/b/ws_moveit2/install/moveit_setup_assistant:/home/b/ws_moveit2/install/moveit_setup_srdf_plugins:/home/b/ws_moveit2/install/moveit_setup_core_plugins:/home/b/ws_moveit2/install/moveit_setup_controllers:/home/b/ws_moveit2/install/moveit_setup_app_plugins:/home/b/ws_moveit2/install/moveit_setup_framework:/home/b/ws_moveit2/install/moveit_servo:/home/b/ws_moveit2/install/moveit_ros:/home/b/ws_moveit2/install/moveit_ros_visualization:/home/b/ws_moveit2/install/moveit_py:/home/b/ws_moveit2/install/moveit_hybrid_planning:/home/b/ws_moveit2/install/moveit_ros_benchmarks:/home/b/ws_moveit2/install/moveit_ros_robot_interaction:/home/b/ws_moveit2/install/moveit_ros_perception:/home/b/ws_moveit2/install/moveit_resources_prbt_pg70_support:/home/b/ws_moveit2/install/moveit_resources_prbt_moveit_config:/home/b/ws_moveit2/install/moveit_resources_prbt_ikfast_manipulator_plugin:/home/b/ws_moveit2/install/moveit_planners_chomp:/home/b/ws_moveit2/install/moveit_chomp_optimizer_adapter:/home/b/ws_moveit2/install/chomp_motion_planner:/home/b/ws_moveit2/install/rviz_marker_tools:/home/b/ws_moveit2/install/rosparam_shortcuts:/home/b/ws_moveit2/install/moveit_task_constructor_msgs:/home/b/ws_moveit2/install/moveit_resources_prbt_support:/home/b/ws_moveit2/install/moveit_resources:/home/b/ws_moveit2/install/ur3e_motion:/home/b/ws_moveit2/install/moveit_configs_utils:/home/b/ws_moveit2/install/launch_param_builder:/opt/ros/humble LD_LIBRARY_PATH=/home/b/ws_moveit2/install/moveit_ros_planning_interface/lib:/home/b/ws_moveit2/install/moveit_ros_move_group/lib:/home/b/ws_moveit2/install/moveit_ros_warehouse/lib:/home/b/ws_moveit2/install/moveit_planners_ompl/lib:/home/b/ws_moveit2/install/moveit_kinematics/lib:/home/b/ws_moveit2/install/moveit_ros_planning/lib:/home/b/ws_moveit2/install/moveit_simple_controller_manager/lib:/home/b/ws_moveit2/install/moveit_ros_occupancy_map_monitor/lib:/home/b/ws_moveit2/install/moveit_core/lib:/home/b/ws_moveit2/install/srdfdom/lib:/home/b/ws_moveit2/install/pilz_industrial_motion_planner_testutils/lib:/home/b/ws_moveit2/install/pilz_industrial_motion_planner/lib:/home/b/ws_moveit2/install/moveit_visual_tools/lib:/home/b/ws_moveit2/install/moveit_task_constructor_visualization/lib:/home/b/ws_moveit2/install/moveit_task_constructor_demo/lib:/home/b/ws_moveit2/install/moveit_task_constructor_capabilities/lib:/home/b/ws_moveit2/install/moveit_task_constructor_core/lib:/home/b/ws_moveit2/install/moveit_ros_control_interface/lib:/home/b/ws_moveit2/install/moveit_setup_assistant/lib:/home/b/ws_moveit2/install/moveit_setup_srdf_plugins/lib:/home/b/ws_moveit2/install/moveit_setup_core_plugins/lib:/home/b/ws_moveit2/install/moveit_setup_controllers/lib:/home/b/ws_moveit2/install/moveit_setup_app_plugins/lib:/home/b/ws_moveit2/install/moveit_setup_framework/lib:/home/b/ws_moveit2/install/moveit_servo/lib:/home/b/ws_moveit2/install/moveit_ros_visualization/lib:/home/b/ws_moveit2/install/moveit_py/lib:/home/b/ws_moveit2/install/moveit_hybrid_planning/lib:/home/b/ws_moveit2/install/moveit_ros_benchmarks/lib:/home/b/ws_moveit2/install/moveit_ros_robot_interaction/lib:/home/b/ws_moveit2/install/moveit_ros_perception/lib:/home/b/ws_moveit2/install/moveit_resources_prbt_ikfast_manipulator_plugin/lib:/home/b/ws_moveit2/install/moveit_planners_chomp/lib:/home/b/ws_moveit2/install/moveit_chomp_optimizer_adapter/lib:/home/b/ws_moveit2/install/chomp_motion_planner/lib:/home/b/ws_moveit2/install/rviz_marker_tools/lib:/home/b/ws_moveit2/install/rosparam_shortcuts/lib:/home/b/ws_moveit2/install/moveit_task_constructor_msgs/lib:/usr/lib/x86_64-linux-gnu/gazebo-11/plugins:/opt/ros/humble/opt/rviz_ogre_vendor/lib:/opt/ros/humble/lib/x86_64-linux-gnu:/opt/ros/humble/lib PYTHONPATH=/home/b/ws_moveit2/install/moveit_configs_utils/lib/python3.10/site-packages:/home/b/ws_moveit2/install/launch_param_builder/lib/python3.10/site-packages:/home/b/ws_moveit2/build/ur3e_motion:/home/b/ws_moveit2/install/ur3e_motion/lib/python3.10/site-packages:/home/b/ws_moveit2/install/moveit_task_constructor_core/local/lib/python3.10/dist-packages:/home/b/ws_moveit2/install/moveit_py/local/lib/python3.10/dist-packages:/home/b/ws_moveit2/install/srdfdom/local/lib/python3.10/dist-packages:/home/b/ws_moveit2/install/moveit_task_constructor_msgs/local/lib/python3.10/dist-packages:/opt/ros/humble/lib/python3.10/site-packages:/opt/ros/humble/local/lib/python3.10/dist-packages /usr/bin/cmake --build /home/b/ws_moveit2/build/ur3e_motion_cpp -- -j12 -l12
[44.905s] DEBUG:colcon.colcon_core.event_handler.log_command:Invoked command in '/home/b/ws_moveit2/build/ur3e_motion_cpp' returned '0': AMENT_PREFIX_PATH=/home/b/ws_moveit2/install/moveit_configs_utils:/home/b/ws_moveit2/install/launch_param_builder:/home/b/ws_moveit2/install/ur3e_motion_cpp:/home/b/ws_moveit2/install/ur3e_motion:/home/b/ws_moveit2/install/pilz_industrial_motion_planner_testutils:/home/b/ws_moveit2/install/moveit_runtime:/home/b/ws_moveit2/install/moveit2_tutorials:/home/b/ws_moveit2/install/moveit:/home/b/ws_moveit2/install/moveit_planners:/home/b/ws_moveit2/install/pilz_industrial_motion_planner:/home/b/ws_moveit2/install/moveit_visual_tools:/home/b/ws_moveit2/install/moveit_task_constructor_visualization:/home/b/ws_moveit2/install/moveit_task_constructor_demo:/home/b/ws_moveit2/install/moveit_task_constructor_capabilities:/home/b/ws_moveit2/install/moveit_task_constructor_core:/home/b/ws_moveit2/install/moveit_ros_control_interface:/home/b/ws_moveit2/install/moveit_plugins:/home/b/ws_moveit2/install/moveit_simple_controller_manager:/home/b/ws_moveit2/install/moveit_setup_assistant:/home/b/ws_moveit2/install/moveit_setup_srdf_plugins:/home/b/ws_moveit2/install/moveit_setup_core_plugins:/home/b/ws_moveit2/install/moveit_setup_controllers:/home/b/ws_moveit2/install/moveit_setup_app_plugins:/home/b/ws_moveit2/install/moveit_setup_framework:/home/b/ws_moveit2/install/moveit_servo:/home/b/ws_moveit2/install/moveit_ros:/home/b/ws_moveit2/install/moveit_ros_visualization:/home/b/ws_moveit2/install/moveit_py:/home/b/ws_moveit2/install/moveit_hybrid_planning:/home/b/ws_moveit2/install/moveit_ros_planning_interface:/home/b/ws_moveit2/install/moveit_ros_benchmarks:/home/b/ws_moveit2/install/moveit_ros_warehouse:/home/b/ws_moveit2/install/moveit_ros_robot_interaction:/home/b/ws_moveit2/install/moveit_ros_perception:/home/b/ws_moveit2/install/moveit_resources_prbt_pg70_support:/home/b/ws_moveit2/install/moveit_resources_prbt_moveit_config:/home/b/ws_moveit2/install/moveit_ros_move_group:/home/b/ws_moveit2/install/moveit_planners_ompl:/home/b/ws_moveit2/install/moveit_ros_planning:/home/b/ws_moveit2/install/moveit_ros_occupancy_map_monitor:/home/b/ws_moveit2/install/moveit_resources_prbt_ikfast_manipulator_plugin:/home/b/ws_moveit2/install/moveit_planners_chomp:/home/b/ws_moveit2/install/moveit_kinematics:/home/b/ws_moveit2/install/moveit_chomp_optimizer_adapter:/home/b/ws_moveit2/install/chomp_motion_planner:/home/b/ws_moveit2/install/moveit_core:/home/b/ws_moveit2/install/srdfdom:/home/b/ws_moveit2/install/rviz_marker_tools:/home/b/ws_moveit2/install/rosparam_shortcuts:/home/b/ws_moveit2/install/moveit_task_constructor_msgs:/home/b/ws_moveit2/install/moveit_resources_prbt_support:/home/b/ws_moveit2/install/moveit_resources:/home/b/ws_moveit2/install/moveit_resources_pr2_description:/home/b/ws_moveit2/install/moveit_resources_panda_moveit_config:/home/b/ws_moveit2/install/moveit_resources_panda_description:/home/b/ws_moveit2/install/moveit_resources_fanuc_moveit_config:/home/b/ws_moveit2/install/moveit_resources_fanuc_description:/home/b/ws_moveit2/install/moveit_common:/opt/ros/humble CMAKE_PREFIX_PATH=/home/b/ws_moveit2/install/moveit_ros_planning_interface:/home/b/ws_moveit2/install/moveit_ros_move_group:/home/b/ws_moveit2/install/moveit_ros_warehouse:/home/b/ws_moveit2/install/moveit_planners_ompl:/home/b/ws_moveit2/install/moveit_kinematics:/home/b/ws_moveit2/install/moveit_ros_planning:/home/b/ws_moveit2/install/moveit_simple_controller_manager:/home/b/ws_moveit2/install/moveit_ros_occupancy_map_monitor:/home/b/ws_moveit2/install/moveit_core:/home/b/ws_moveit2/install/moveit_resources_panda_moveit_config:/home/b/ws_moveit2/install/moveit_resources_fanuc_moveit_config:/home/b/ws_moveit2/install/srdfdom:/home/b/ws_moveit2/install/moveit_resources_pr2_description:/home/b/ws_moveit2/install/moveit_resources_panda_description:/home/b/ws_moveit2/install/moveit_resources_fanuc_description:/home/b/ws_moveit2/install/moveit_common:/home/b/ws_moveit2/install/ur3e_motion_cpp:/home/b/ws_moveit2/install/pilz_industrial_motion_planner_testutils:/home/b/ws_moveit2/install/moveit_runtime:/home/b/ws_moveit2/install/moveit2_tutorials:/home/b/ws_moveit2/install/moveit:/home/b/ws_moveit2/install/moveit_planners:/home/b/ws_moveit2/install/pilz_industrial_motion_planner:/home/b/ws_moveit2/install/moveit_visual_tools:/home/b/ws_moveit2/install/moveit_task_constructor_visualization:/home/b/ws_moveit2/install/moveit_task_constructor_demo:/home/b/ws_moveit2/install/moveit_task_constructor_capabilities:/home/b/ws_moveit2/install/moveit_task_constructor_core:/home/b/ws_moveit2/install/moveit_ros_control_interface:/home/b/ws_moveit2/install/moveit_plugins:/home/b/ws_moveit2/install/moveit_setup_assistant:/home/b/ws_moveit2/install/moveit_setup_srdf_plugins:/home/b/ws_moveit2/install/moveit_setup_core_plugins:/home/b/ws_moveit2/install/moveit_setup_controllers:/home/b/ws_moveit2/install/moveit_setup_app_plugins:/home/b/ws_moveit2/install/moveit_setup_framework:/home/b/ws_moveit2/install/moveit_servo:/home/b/ws_moveit2/install/moveit_ros:/home/b/ws_moveit2/install/moveit_ros_visualization:/home/b/ws_moveit2/install/moveit_py:/home/b/ws_moveit2/install/moveit_hybrid_planning:/home/b/ws_moveit2/install/moveit_ros_benchmarks:/home/b/ws_moveit2/install/moveit_ros_robot_interaction:/home/b/ws_moveit2/install/moveit_ros_perception:/home/b/ws_moveit2/install/moveit_resources_prbt_pg70_support:/home/b/ws_moveit2/install/moveit_resources_prbt_moveit_config:/home/b/ws_moveit2/install/moveit_resources_prbt_ikfast_manipulator_plugin:/home/b/ws_moveit2/install/moveit_planners_chomp:/home/b/ws_moveit2/install/moveit_chomp_optimizer_adapter:/home/b/ws_moveit2/install/chomp_motion_planner:/home/b/ws_moveit2/install/rviz_marker_tools:/home/b/ws_moveit2/install/rosparam_shortcuts:/home/b/ws_moveit2/install/moveit_task_constructor_msgs:/home/b/ws_moveit2/install/moveit_resources_prbt_support:/home/b/ws_moveit2/install/moveit_resources:/home/b/ws_moveit2/install/ur3e_motion:/home/b/ws_moveit2/install/moveit_configs_utils:/home/b/ws_moveit2/install/launch_param_builder:/opt/ros/humble LD_LIBRARY_PATH=/home/b/ws_moveit2/install/moveit_ros_planning_interface/lib:/home/b/ws_moveit2/install/moveit_ros_move_group/lib:/home/b/ws_moveit2/install/moveit_ros_warehouse/lib:/home/b/ws_moveit2/install/moveit_planners_ompl/lib:/home/b/ws_moveit2/install/moveit_kinematics/lib:/home/b/ws_moveit2/install/moveit_ros_planning/lib:/home/b/ws_moveit2/install/moveit_simple_controller_manager/lib:/home/b/ws_moveit2/install/moveit_ros_occupancy_map_monitor/lib:/home/b/ws_moveit2/install/moveit_core/lib:/home/b/ws_moveit2/install/srdfdom/lib:/home/b/ws_moveit2/install/pilz_industrial_motion_planner_testutils/lib:/home/b/ws_moveit2/install/pilz_industrial_motion_planner/lib:/home/b/ws_moveit2/install/moveit_visual_tools/lib:/home/b/ws_moveit2/install/moveit_task_constructor_visualization/lib:/home/b/ws_moveit2/install/moveit_task_constructor_demo/lib:/home/b/ws_moveit2/install/moveit_task_constructor_capabilities/lib:/home/b/ws_moveit2/install/moveit_task_constructor_core/lib:/home/b/ws_moveit2/install/moveit_ros_control_interface/lib:/home/b/ws_moveit2/install/moveit_setup_assistant/lib:/home/b/ws_moveit2/install/moveit_setup_srdf_plugins/lib:/home/b/ws_moveit2/install/moveit_setup_core_plugins/lib:/home/b/ws_moveit2/install/moveit_setup_controllers/lib:/home/b/ws_moveit2/install/moveit_setup_app_plugins/lib:/home/b/ws_moveit2/install/moveit_setup_framework/lib:/home/b/ws_moveit2/install/moveit_servo/lib:/home/b/ws_moveit2/install/moveit_ros_visualization/lib:/home/b/ws_moveit2/install/moveit_py/lib:/home/b/ws_moveit2/install/moveit_hybrid_planning/lib:/home/b/ws_moveit2/install/moveit_ros_benchmarks/lib:/home/b/ws_moveit2/install/moveit_ros_robot_interaction/lib:/home/b/ws_moveit2/install/moveit_ros_perception/lib:/home/b/ws_moveit2/install/moveit_resources_prbt_ikfast_manipulator_plugin/lib:/home/b/ws_moveit2/install/moveit_planners_chomp/lib:/home/b/ws_moveit2/install/moveit_chomp_optimizer_adapter/lib:/home/b/ws_moveit2/install/chomp_motion_planner/lib:/home/b/ws_moveit2/install/rviz_marker_tools/lib:/home/b/ws_moveit2/install/rosparam_shortcuts/lib:/home/b/ws_moveit2/install/moveit_task_constructor_msgs/lib:/usr/lib/x86_64-linux-gnu/gazebo-11/plugins:/opt/ros/humble/opt/rviz_ogre_vendor/lib:/opt/ros/humble/lib/x86_64-linux-gnu:/opt/ros/humble/lib PYTHONPATH=/home/b/ws_moveit2/install/moveit_configs_utils/lib/python3.10/site-packages:/home/b/ws_moveit2/install/launch_param_builder/lib/python3.10/site-packages:/home/b/ws_moveit2/build/ur3e_motion:/home/b/ws_moveit2/install/ur3e_motion/lib/python3.10/site-packages:/home/b/ws_moveit2/install/moveit_task_constructor_core/local/lib/python3.10/dist-packages:/home/b/ws_moveit2/install/moveit_py/local/lib/python3.10/dist-packages:/home/b/ws_moveit2/install/srdfdom/local/lib/python3.10/dist-packages:/home/b/ws_moveit2/install/moveit_task_constructor_msgs/local/lib/python3.10/dist-packages:/opt/ros/humble/lib/python3.10/site-packages:/opt/ros/humble/local/lib/python3.10/dist-packages /usr/bin/cmake --build /home/b/ws_moveit2/build/ur3e_motion_cpp -- -j12 -l12
[44.949s] DEBUG:colcon.colcon_core.event_handler.log_command:Invoking command in '/home/b/ws_moveit2/build/ur3e_motion_cpp': AMENT_PREFIX_PATH=/home/b/ws_moveit2/install/moveit_configs_utils:/home/b/ws_moveit2/install/launch_param_builder:/home/b/ws_moveit2/install/ur3e_motion_cpp:/home/b/ws_moveit2/install/ur3e_motion:/home/b/ws_moveit2/install/pilz_industrial_motion_planner_testutils:/home/b/ws_moveit2/install/moveit_runtime:/home/b/ws_moveit2/install/moveit2_tutorials:/home/b/ws_moveit2/install/moveit:/home/b/ws_moveit2/install/moveit_planners:/home/b/ws_moveit2/install/pilz_industrial_motion_planner:/home/b/ws_moveit2/install/moveit_visual_tools:/home/b/ws_moveit2/install/moveit_task_constructor_visualization:/home/b/ws_moveit2/install/moveit_task_constructor_demo:/home/b/ws_moveit2/install/moveit_task_constructor_capabilities:/home/b/ws_moveit2/install/moveit_task_constructor_core:/home/b/ws_moveit2/install/moveit_ros_control_interface:/home/b/ws_moveit2/install/moveit_plugins:/home/b/ws_moveit2/install/moveit_simple_controller_manager:/home/b/ws_moveit2/install/moveit_setup_assistant:/home/b/ws_moveit2/install/moveit_setup_srdf_plugins:/home/b/ws_moveit2/install/moveit_setup_core_plugins:/home/b/ws_moveit2/install/moveit_setup_controllers:/home/b/ws_moveit2/install/moveit_setup_app_plugins:/home/b/ws_moveit2/install/moveit_setup_framework:/home/b/ws_moveit2/install/moveit_servo:/home/b/ws_moveit2/install/moveit_ros:/home/b/ws_moveit2/install/moveit_ros_visualization:/home/b/ws_moveit2/install/moveit_py:/home/b/ws_moveit2/install/moveit_hybrid_planning:/home/b/ws_moveit2/install/moveit_ros_planning_interface:/home/b/ws_moveit2/install/moveit_ros_benchmarks:/home/b/ws_moveit2/install/moveit_ros_warehouse:/home/b/ws_moveit2/install/moveit_ros_robot_interaction:/home/b/ws_moveit2/install/moveit_ros_perception:/home/b/ws_moveit2/install/moveit_resources_prbt_pg70_support:/home/b/ws_moveit2/install/moveit_resources_prbt_moveit_config:/home/b/ws_moveit2/install/moveit_ros_move_group:/home/b/ws_moveit2/install/moveit_planners_ompl:/home/b/ws_moveit2/install/moveit_ros_planning:/home/b/ws_moveit2/install/moveit_ros_occupancy_map_monitor:/home/b/ws_moveit2/install/moveit_resources_prbt_ikfast_manipulator_plugin:/home/b/ws_moveit2/install/moveit_planners_chomp:/home/b/ws_moveit2/install/moveit_kinematics:/home/b/ws_moveit2/install/moveit_chomp_optimizer_adapter:/home/b/ws_moveit2/install/chomp_motion_planner:/home/b/ws_moveit2/install/moveit_core:/home/b/ws_moveit2/install/srdfdom:/home/b/ws_moveit2/install/rviz_marker_tools:/home/b/ws_moveit2/install/rosparam_shortcuts:/home/b/ws_moveit2/install/moveit_task_constructor_msgs:/home/b/ws_moveit2/install/moveit_resources_prbt_support:/home/b/ws_moveit2/install/moveit_resources:/home/b/ws_moveit2/install/moveit_resources_pr2_description:/home/b/ws_moveit2/install/moveit_resources_panda_moveit_config:/home/b/ws_moveit2/install/moveit_resources_panda_description:/home/b/ws_moveit2/install/moveit_resources_fanuc_moveit_config:/home/b/ws_moveit2/install/moveit_resources_fanuc_description:/home/b/ws_moveit2/install/moveit_common:/opt/ros/humble CMAKE_PREFIX_PATH=/home/b/ws_moveit2/install/moveit_ros_planning_interface:/home/b/ws_moveit2/install/moveit_ros_move_group:/home/b/ws_moveit2/install/moveit_ros_warehouse:/home/b/ws_moveit2/install/moveit_planners_ompl:/home/b/ws_moveit2/install/moveit_kinematics:/home/b/ws_moveit2/install/moveit_ros_planning:/home/b/ws_moveit2/install/moveit_simple_controller_manager:/home/b/ws_moveit2/install/moveit_ros_occupancy_map_monitor:/home/b/ws_moveit2/install/moveit_core:/home/b/ws_moveit2/install/moveit_resources_panda_moveit_config:/home/b/ws_moveit2/install/moveit_resources_fanuc_moveit_config:/home/b/ws_moveit2/install/srdfdom:/home/b/ws_moveit2/install/moveit_resources_pr2_description:/home/b/ws_moveit2/install/moveit_resources_panda_description:/home/b/ws_moveit2/install/moveit_resources_fanuc_description:/home/b/ws_moveit2/install/moveit_common:/home/b/ws_moveit2/install/ur3e_motion_cpp:/home/b/ws_moveit2/install/pilz_industrial_motion_planner_testutils:/home/b/ws_moveit2/install/moveit_runtime:/home/b/ws_moveit2/install/moveit2_tutorials:/home/b/ws_moveit2/install/moveit:/home/b/ws_moveit2/install/moveit_planners:/home/b/ws_moveit2/install/pilz_industrial_motion_planner:/home/b/ws_moveit2/install/moveit_visual_tools:/home/b/ws_moveit2/install/moveit_task_constructor_visualization:/home/b/ws_moveit2/install/moveit_task_constructor_demo:/home/b/ws_moveit2/install/moveit_task_constructor_capabilities:/home/b/ws_moveit2/install/moveit_task_constructor_core:/home/b/ws_moveit2/install/moveit_ros_control_interface:/home/b/ws_moveit2/install/moveit_plugins:/home/b/ws_moveit2/install/moveit_setup_assistant:/home/b/ws_moveit2/install/moveit_setup_srdf_plugins:/home/b/ws_moveit2/install/moveit_setup_core_plugins:/home/b/ws_moveit2/install/moveit_setup_controllers:/home/b/ws_moveit2/install/moveit_setup_app_plugins:/home/b/ws_moveit2/install/moveit_setup_framework:/home/b/ws_moveit2/install/moveit_servo:/home/b/ws_moveit2/install/moveit_ros:/home/b/ws_moveit2/install/moveit_ros_visualization:/home/b/ws_moveit2/install/moveit_py:/home/b/ws_moveit2/install/moveit_hybrid_planning:/home/b/ws_moveit2/install/moveit_ros_benchmarks:/home/b/ws_moveit2/install/moveit_ros_robot_interaction:/home/b/ws_moveit2/install/moveit_ros_perception:/home/b/ws_moveit2/install/moveit_resources_prbt_pg70_support:/home/b/ws_moveit2/install/moveit_resources_prbt_moveit_config:/home/b/ws_moveit2/install/moveit_resources_prbt_ikfast_manipulator_plugin:/home/b/ws_moveit2/install/moveit_planners_chomp:/home/b/ws_moveit2/install/moveit_chomp_optimizer_adapter:/home/b/ws_moveit2/install/chomp_motion_planner:/home/b/ws_moveit2/install/rviz_marker_tools:/home/b/ws_moveit2/install/rosparam_shortcuts:/home/b/ws_moveit2/install/moveit_task_constructor_msgs:/home/b/ws_moveit2/install/moveit_resources_prbt_support:/home/b/ws_moveit2/install/moveit_resources:/home/b/ws_moveit2/install/ur3e_motion:/home/b/ws_moveit2/install/moveit_configs_utils:/home/b/ws_moveit2/install/launch_param_builder:/opt/ros/humble LD_LIBRARY_PATH=/home/b/ws_moveit2/install/moveit_ros_planning_interface/lib:/home/b/ws_moveit2/install/moveit_ros_move_group/lib:/home/b/ws_moveit2/install/moveit_ros_warehouse/lib:/home/b/ws_moveit2/install/moveit_planners_ompl/lib:/home/b/ws_moveit2/install/moveit_kinematics/lib:/home/b/ws_moveit2/install/moveit_ros_planning/lib:/home/b/ws_moveit2/install/moveit_simple_controller_manager/lib:/home/b/ws_moveit2/install/moveit_ros_occupancy_map_monitor/lib:/home/b/ws_moveit2/install/moveit_core/lib:/home/b/ws_moveit2/install/srdfdom/lib:/home/b/ws_moveit2/install/pilz_industrial_motion_planner_testutils/lib:/home/b/ws_moveit2/install/pilz_industrial_motion_planner/lib:/home/b/ws_moveit2/install/moveit_visual_tools/lib:/home/b/ws_moveit2/install/moveit_task_constructor_visualization/lib:/home/b/ws_moveit2/install/moveit_task_constructor_demo/lib:/home/b/ws_moveit2/install/moveit_task_constructor_capabilities/lib:/home/b/ws_moveit2/install/moveit_task_constructor_core/lib:/home/b/ws_moveit2/install/moveit_ros_control_interface/lib:/home/b/ws_moveit2/install/moveit_setup_assistant/lib:/home/b/ws_moveit2/install/moveit_setup_srdf_plugins/lib:/home/b/ws_moveit2/install/moveit_setup_core_plugins/lib:/home/b/ws_moveit2/install/moveit_setup_controllers/lib:/home/b/ws_moveit2/install/moveit_setup_app_plugins/lib:/home/b/ws_moveit2/install/moveit_setup_framework/lib:/home/b/ws_moveit2/install/moveit_servo/lib:/home/b/ws_moveit2/install/moveit_ros_visualization/lib:/home/b/ws_moveit2/install/moveit_py/lib:/home/b/ws_moveit2/install/moveit_hybrid_planning/lib:/home/b/ws_moveit2/install/moveit_ros_benchmarks/lib:/home/b/ws_moveit2/install/moveit_ros_robot_interaction/lib:/home/b/ws_moveit2/install/moveit_ros_perception/lib:/home/b/ws_moveit2/install/moveit_resources_prbt_ikfast_manipulator_plugin/lib:/home/b/ws_moveit2/install/moveit_planners_chomp/lib:/home/b/ws_moveit2/install/moveit_chomp_optimizer_adapter/lib:/home/b/ws_moveit2/install/chomp_motion_planner/lib:/home/b/ws_moveit2/install/rviz_marker_tools/lib:/home/b/ws_moveit2/install/rosparam_shortcuts/lib:/home/b/ws_moveit2/install/moveit_task_constructor_msgs/lib:/usr/lib/x86_64-linux-gnu/gazebo-11/plugins:/opt/ros/humble/opt/rviz_ogre_vendor/lib:/opt/ros/humble/lib/x86_64-linux-gnu:/opt/ros/humble/lib PYTHONPATH=/home/b/ws_moveit2/install/moveit_configs_utils/lib/python3.10/site-packages:/home/b/ws_moveit2/install/launch_param_builder/lib/python3.10/site-packages:/home/b/ws_moveit2/build/ur3e_motion:/home/b/ws_moveit2/install/ur3e_motion/lib/python3.10/site-packages:/home/b/ws_moveit2/install/moveit_task_constructor_core/local/lib/python3.10/dist-packages:/home/b/ws_moveit2/install/moveit_py/local/lib/python3.10/dist-packages:/home/b/ws_moveit2/install/srdfdom/local/lib/python3.10/dist-packages:/home/b/ws_moveit2/install/moveit_task_constructor_msgs/local/lib/python3.10/dist-packages:/opt/ros/humble/lib/python3.10/site-packages:/opt/ros/humble/local/lib/python3.10/dist-packages /usr/bin/cmake --install /home/b/ws_moveit2/build/ur3e_motion_cpp
[45.005s] Level 1:colcon.colcon_core.environment:create_environment_scripts_only(ur3e_motion_cpp)
[45.018s] DEBUG:colcon.colcon_core.event_handler.log_command:Invoked command in '/home/b/ws_moveit2/build/ur3e_motion_cpp' returned '0': AMENT_PREFIX_PATH=/home/b/ws_moveit2/install/moveit_configs_utils:/home/b/ws_moveit2/install/launch_param_builder:/home/b/ws_moveit2/install/ur3e_motion_cpp:/home/b/ws_moveit2/install/ur3e_motion:/home/b/ws_moveit2/install/pilz_industrial_motion_planner_testutils:/home/b/ws_moveit2/install/moveit_runtime:/home/b/ws_moveit2/install/moveit2_tutorials:/home/b/ws_moveit2/install/moveit:/home/b/ws_moveit2/install/moveit_planners:/home/b/ws_moveit2/install/pilz_industrial_motion_planner:/home/b/ws_moveit2/install/moveit_visual_tools:/home/b/ws_moveit2/install/moveit_task_constructor_visualization:/home/b/ws_moveit2/install/moveit_task_constructor_demo:/home/b/ws_moveit2/install/moveit_task_constructor_capabilities:/home/b/ws_moveit2/install/moveit_task_constructor_core:/home/b/ws_moveit2/install/moveit_ros_control_interface:/home/b/ws_moveit2/install/moveit_plugins:/home/b/ws_moveit2/install/moveit_simple_controller_manager:/home/b/ws_moveit2/install/moveit_setup_assistant:/home/b/ws_moveit2/install/moveit_setup_srdf_plugins:/home/b/ws_moveit2/install/moveit_setup_core_plugins:/home/b/ws_moveit2/install/moveit_setup_controllers:/home/b/ws_moveit2/install/moveit_setup_app_plugins:/home/b/ws_moveit2/install/moveit_setup_framework:/home/b/ws_moveit2/install/moveit_servo:/home/b/ws_moveit2/install/moveit_ros:/home/b/ws_moveit2/install/moveit_ros_visualization:/home/b/ws_moveit2/install/moveit_py:/home/b/ws_moveit2/install/moveit_hybrid_planning:/home/b/ws_moveit2/install/moveit_ros_planning_interface:/home/b/ws_moveit2/install/moveit_ros_benchmarks:/home/b/ws_moveit2/install/moveit_ros_warehouse:/home/b/ws_moveit2/install/moveit_ros_robot_interaction:/home/b/ws_moveit2/install/moveit_ros_perception:/home/b/ws_moveit2/install/moveit_resources_prbt_pg70_support:/home/b/ws_moveit2/install/moveit_resources_prbt_moveit_config:/home/b/ws_moveit2/install/moveit_ros_move_group:/home/b/ws_moveit2/install/moveit_planners_ompl:/home/b/ws_moveit2/install/moveit_ros_planning:/home/b/ws_moveit2/install/moveit_ros_occupancy_map_monitor:/home/b/ws_moveit2/install/moveit_resources_prbt_ikfast_manipulator_plugin:/home/b/ws_moveit2/install/moveit_planners_chomp:/home/b/ws_moveit2/install/moveit_kinematics:/home/b/ws_moveit2/install/moveit_chomp_optimizer_adapter:/home/b/ws_moveit2/install/chomp_motion_planner:/home/b/ws_moveit2/install/moveit_core:/home/b/ws_moveit2/install/srdfdom:/home/b/ws_moveit2/install/rviz_marker_tools:/home/b/ws_moveit2/install/rosparam_shortcuts:/home/b/ws_moveit2/install/moveit_task_constructor_msgs:/home/b/ws_moveit2/install/moveit_resources_prbt_support:/home/b/ws_moveit2/install/moveit_resources:/home/b/ws_moveit2/install/moveit_resources_pr2_description:/home/b/ws_moveit2/install/moveit_resources_panda_moveit_config:/home/b/ws_moveit2/install/moveit_resources_panda_description:/home/b/ws_moveit2/install/moveit_resources_fanuc_moveit_config:/home/b/ws_moveit2/install/moveit_resources_fanuc_description:/home/b/ws_moveit2/install/moveit_common:/opt/ros/humble CMAKE_PREFIX_PATH=/home/b/ws_moveit2/install/moveit_ros_planning_interface:/home/b/ws_moveit2/install/moveit_ros_move_group:/home/b/ws_moveit2/install/moveit_ros_warehouse:/home/b/ws_moveit2/install/moveit_planners_ompl:/home/b/ws_moveit2/install/moveit_kinematics:/home/b/ws_moveit2/install/moveit_ros_planning:/home/b/ws_moveit2/install/moveit_simple_controller_manager:/home/b/ws_moveit2/install/moveit_ros_occupancy_map_monitor:/home/b/ws_moveit2/install/moveit_core:/home/b/ws_moveit2/install/moveit_resources_panda_moveit_config:/home/b/ws_moveit2/install/moveit_resources_fanuc_moveit_config:/home/b/ws_moveit2/install/srdfdom:/home/b/ws_moveit2/install/moveit_resources_pr2_description:/home/b/ws_moveit2/install/moveit_resources_panda_description:/home/b/ws_moveit2/install/moveit_resources_fanuc_description:/home/b/ws_moveit2/install/moveit_common:/home/b/ws_moveit2/install/ur3e_motion_cpp:/home/b/ws_moveit2/install/pilz_industrial_motion_planner_testutils:/home/b/ws_moveit2/install/moveit_runtime:/home/b/ws_moveit2/install/moveit2_tutorials:/home/b/ws_moveit2/install/moveit:/home/b/ws_moveit2/install/moveit_planners:/home/b/ws_moveit2/install/pilz_industrial_motion_planner:/home/b/ws_moveit2/install/moveit_visual_tools:/home/b/ws_moveit2/install/moveit_task_constructor_visualization:/home/b/ws_moveit2/install/moveit_task_constructor_demo:/home/b/ws_moveit2/install/moveit_task_constructor_capabilities:/home/b/ws_moveit2/install/moveit_task_constructor_core:/home/b/ws_moveit2/install/moveit_ros_control_interface:/home/b/ws_moveit2/install/moveit_plugins:/home/b/ws_moveit2/install/moveit_setup_assistant:/home/b/ws_moveit2/install/moveit_setup_srdf_plugins:/home/b/ws_moveit2/install/moveit_setup_core_plugins:/home/b/ws_moveit2/install/moveit_setup_controllers:/home/b/ws_moveit2/install/moveit_setup_app_plugins:/home/b/ws_moveit2/install/moveit_setup_framework:/home/b/ws_moveit2/install/moveit_servo:/home/b/ws_moveit2/install/moveit_ros:/home/b/ws_moveit2/install/moveit_ros_visualization:/home/b/ws_moveit2/install/moveit_py:/home/b/ws_moveit2/install/moveit_hybrid_planning:/home/b/ws_moveit2/install/moveit_ros_benchmarks:/home/b/ws_moveit2/install/moveit_ros_robot_interaction:/home/b/ws_moveit2/install/moveit_ros_perception:/home/b/ws_moveit2/install/moveit_resources_prbt_pg70_support:/home/b/ws_moveit2/install/moveit_resources_prbt_moveit_config:/home/b/ws_moveit2/install/moveit_resources_prbt_ikfast_manipulator_plugin:/home/b/ws_moveit2/install/moveit_planners_chomp:/home/b/ws_moveit2/install/moveit_chomp_optimizer_adapter:/home/b/ws_moveit2/install/chomp_motion_planner:/home/b/ws_moveit2/install/rviz_marker_tools:/home/b/ws_moveit2/install/rosparam_shortcuts:/home/b/ws_moveit2/install/moveit_task_constructor_msgs:/home/b/ws_moveit2/install/moveit_resources_prbt_support:/home/b/ws_moveit2/install/moveit_resources:/home/b/ws_moveit2/install/ur3e_motion:/home/b/ws_moveit2/install/moveit_configs_utils:/home/b/ws_moveit2/install/launch_param_builder:/opt/ros/humble LD_LIBRARY_PATH=/home/b/ws_moveit2/install/moveit_ros_planning_interface/lib:/home/b/ws_moveit2/install/moveit_ros_move_group/lib:/home/b/ws_moveit2/install/moveit_ros_warehouse/lib:/home/b/ws_moveit2/install/moveit_planners_ompl/lib:/home/b/ws_moveit2/install/moveit_kinematics/lib:/home/b/ws_moveit2/install/moveit_ros_planning/lib:/home/b/ws_moveit2/install/moveit_simple_controller_manager/lib:/home/b/ws_moveit2/install/moveit_ros_occupancy_map_monitor/lib:/home/b/ws_moveit2/install/moveit_core/lib:/home/b/ws_moveit2/install/srdfdom/lib:/home/b/ws_moveit2/install/pilz_industrial_motion_planner_testutils/lib:/home/b/ws_moveit2/install/pilz_industrial_motion_planner/lib:/home/b/ws_moveit2/install/moveit_visual_tools/lib:/home/b/ws_moveit2/install/moveit_task_constructor_visualization/lib:/home/b/ws_moveit2/install/moveit_task_constructor_demo/lib:/home/b/ws_moveit2/install/moveit_task_constructor_capabilities/lib:/home/b/ws_moveit2/install/moveit_task_constructor_core/lib:/home/b/ws_moveit2/install/moveit_ros_control_interface/lib:/home/b/ws_moveit2/install/moveit_setup_assistant/lib:/home/b/ws_moveit2/install/moveit_setup_srdf_plugins/lib:/home/b/ws_moveit2/install/moveit_setup_core_plugins/lib:/home/b/ws_moveit2/install/moveit_setup_controllers/lib:/home/b/ws_moveit2/install/moveit_setup_app_plugins/lib:/home/b/ws_moveit2/install/moveit_setup_framework/lib:/home/b/ws_moveit2/install/moveit_servo/lib:/home/b/ws_moveit2/install/moveit_ros_visualization/lib:/home/b/ws_moveit2/install/moveit_py/lib:/home/b/ws_moveit2/install/moveit_hybrid_planning/lib:/home/b/ws_moveit2/install/moveit_ros_benchmarks/lib:/home/b/ws_moveit2/install/moveit_ros_robot_interaction/lib:/home/b/ws_moveit2/install/moveit_ros_perception/lib:/home/b/ws_moveit2/install/moveit_resources_prbt_ikfast_manipulator_plugin/lib:/home/b/ws_moveit2/install/moveit_planners_chomp/lib:/home/b/ws_moveit2/install/moveit_chomp_optimizer_adapter/lib:/home/b/ws_moveit2/install/chomp_motion_planner/lib:/home/b/ws_moveit2/install/rviz_marker_tools/lib:/home/b/ws_moveit2/install/rosparam_shortcuts/lib:/home/b/ws_moveit2/install/moveit_task_constructor_msgs/lib:/usr/lib/x86_64-linux-gnu/gazebo-11/plugins:/opt/ros/humble/opt/rviz_ogre_vendor/lib:/opt/ros/humble/lib/x86_64-linux-gnu:/opt/ros/humble/lib PYTHONPATH=/home/b/ws_moveit2/install/moveit_configs_utils/lib/python3.10/site-packages:/home/b/ws_moveit2/install/launch_param_builder/lib/python3.10/site-packages:/home/b/ws_moveit2/build/ur3e_motion:/home/b/ws_moveit2/install/ur3e_motion/lib/python3.10/site-packages:/home/b/ws_moveit2/install/moveit_task_constructor_core/local/lib/python3.10/dist-packages:/home/b/ws_moveit2/install/moveit_py/local/lib/python3.10/dist-packages:/home/b/ws_moveit2/install/srdfdom/local/lib/python3.10/dist-packages:/home/b/ws_moveit2/install/moveit_task_constructor_msgs/local/lib/python3.10/dist-packages:/opt/ros/humble/lib/python3.10/site-packages:/opt/ros/humble/local/lib/python3.10/dist-packages /usr/bin/cmake --install /home/b/ws_moveit2/build/ur3e_motion_cpp
[45.030s] Level 1:colcon.colcon_core.environment:checking '/home/b/ws_moveit2/install/ur3e_motion_cpp' for CMake module files
[45.034s] Level 1:colcon.colcon_core.environment:checking '/home/b/ws_moveit2/install/ur3e_motion_cpp' for CMake config files
[45.035s] Level 1:colcon.colcon_core.shell:create_environment_hook('ur3e_motion_cpp', 'cmake_prefix_path')
[45.036s] INFO:colcon.colcon_core.shell:Creating environment hook '/home/b/ws_moveit2/install/ur3e_motion_cpp/share/ur3e_motion_cpp/hook/cmake_prefix_path.ps1'
[45.048s] INFO:colcon.colcon_core.shell:Creating environment descriptor '/home/b/ws_moveit2/install/ur3e_motion_cpp/share/ur3e_motion_cpp/hook/cmake_prefix_path.dsv'
[45.050s] INFO:colcon.colcon_core.shell:Creating environment hook '/home/b/ws_moveit2/install/ur3e_motion_cpp/share/ur3e_motion_cpp/hook/cmake_prefix_path.sh'
[45.053s] Level 1:colcon.colcon_core.environment:checking '/home/b/ws_moveit2/install/ur3e_motion_cpp/lib'
[45.053s] Level 1:colcon.colcon_core.environment:checking '/home/b/ws_moveit2/install/ur3e_motion_cpp/bin'
[45.054s] Level 1:colcon.colcon_core.environment:checking '/home/b/ws_moveit2/install/ur3e_motion_cpp/lib/pkgconfig/ur3e_motion_cpp.pc'
[45.054s] Level 1:colcon.colcon_core.environment:checking '/home/b/ws_moveit2/install/ur3e_motion_cpp/lib/python3.10/site-packages'
[45.055s] Level 1:colcon.colcon_core.environment:checking '/home/b/ws_moveit2/install/ur3e_motion_cpp/bin'
[45.055s] INFO:colcon.colcon_core.shell:Creating package script '/home/b/ws_moveit2/install/ur3e_motion_cpp/share/ur3e_motion_cpp/package.ps1'
[45.060s] INFO:colcon.colcon_core.shell:Creating package descriptor '/home/b/ws_moveit2/install/ur3e_motion_cpp/share/ur3e_motion_cpp/package.dsv'
[45.062s] INFO:colcon.colcon_core.shell:Creating package script '/home/b/ws_moveit2/install/ur3e_motion_cpp/share/ur3e_motion_cpp/package.sh'
[45.064s] INFO:colcon.colcon_core.shell:Creating package script '/home/b/ws_moveit2/install/ur3e_motion_cpp/share/ur3e_motion_cpp/package.bash'
[45.066s] INFO:colcon.colcon_core.shell:Creating package script '/home/b/ws_moveit2/install/ur3e_motion_cpp/share/ur3e_motion_cpp/package.zsh'
[45.069s] Level 1:colcon.colcon_core.environment:create_file_with_runtime_dependencies(/home/b/ws_moveit2/install/ur3e_motion_cpp/share/colcon-core/packages/ur3e_motion_cpp)
[45.071s] Level 1:colcon.colcon_core.environment:create_environment_scripts_only(ur3e_motion_cpp)
[45.072s] Level 1:colcon.colcon_core.environment:checking '/home/b/ws_moveit2/install/ur3e_motion_cpp' for CMake module files
[45.073s] Level 1:colcon.colcon_core.environment:checking '/home/b/ws_moveit2/install/ur3e_motion_cpp' for CMake config files
[45.073s] Level 1:colcon.colcon_core.shell:create_environment_hook('ur3e_motion_cpp', 'cmake_prefix_path')
[45.073s] INFO:colcon.colcon_core.shell:Creating environment hook '/home/b/ws_moveit2/install/ur3e_motion_cpp/share/ur3e_motion_cpp/hook/cmake_prefix_path.ps1'
[45.074s] INFO:colcon.colcon_core.shell:Creating environment descriptor '/home/b/ws_moveit2/install/ur3e_motion_cpp/share/ur3e_motion_cpp/hook/cmake_prefix_path.dsv'
[45.078s] INFO:colcon.colcon_core.shell:Creating environment hook '/home/b/ws_moveit2/install/ur3e_motion_cpp/share/ur3e_motion_cpp/hook/cmake_prefix_path.sh'
[45.080s] Level 1:colcon.colcon_core.environment:checking '/home/b/ws_moveit2/install/ur3e_motion_cpp/lib'
[45.080s] Level 1:colcon.colcon_core.environment:checking '/home/b/ws_moveit2/install/ur3e_motion_cpp/bin'
[45.081s] Level 1:colcon.colcon_core.environment:checking '/home/b/ws_moveit2/install/ur3e_motion_cpp/lib/pkgconfig/ur3e_motion_cpp.pc'
[45.081s] Level 1:colcon.colcon_core.environment:checking '/home/b/ws_moveit2/install/ur3e_motion_cpp/lib/python3.10/site-packages'
[45.082s] Level 1:colcon.colcon_core.environment:checking '/home/b/ws_moveit2/install/ur3e_motion_cpp/bin'
[45.083s] INFO:colcon.colcon_core.shell:Creating package script '/home/b/ws_moveit2/install/ur3e_motion_cpp/share/ur3e_motion_cpp/package.ps1'
[45.084s] INFO:colcon.colcon_core.shell:Creating package descriptor '/home/b/ws_moveit2/install/ur3e_motion_cpp/share/ur3e_motion_cpp/package.dsv'
[45.086s] INFO:colcon.colcon_core.shell:Creating package script '/home/b/ws_moveit2/install/ur3e_motion_cpp/share/ur3e_motion_cpp/package.sh'
[45.087s] INFO:colcon.colcon_core.shell:Creating package script '/home/b/ws_moveit2/install/ur3e_motion_cpp/share/ur3e_motion_cpp/package.bash'
[45.088s] INFO:colcon.colcon_core.shell:Creating package script '/home/b/ws_moveit2/install/ur3e_motion_cpp/share/ur3e_motion_cpp/package.zsh'
[45.090s] Level 1:colcon.colcon_core.environment:create_file_with_runtime_dependencies(/home/b/ws_moveit2/install/ur3e_motion_cpp/share/colcon-core/packages/ur3e_motion_cpp)
[45.090s] DEBUG:colcon.colcon_parallel_executor.executor.parallel:closing loop
[45.091s] DEBUG:colcon.colcon_parallel_executor.executor.parallel:loop closed
[45.091s] DEBUG:colcon.colcon_parallel_executor.executor.parallel:run_until_complete finished with '0'
[45.091s] DEBUG:colcon.colcon_core.event_reactor:joining thread
[45.377s] INFO:colcon.colcon_core.plugin_system:Skipping extension 'colcon_notification.desktop_notification.notify_send': Could not find 'notify-send'
[45.378s] INFO:colcon.colcon_core.plugin_system:Skipping extension 'colcon_notification.desktop_notification.terminal_notifier': Not used on non-Darwin systems
[45.378s] INFO:colcon.colcon_core.plugin_system:Skipping extension 'colcon_notification.desktop_notification.win32': Not used on non-Windows systems
[45.378s] INFO:colcon.colcon_notification.desktop_notification:Sending desktop notification using 'notify2'
[45.385s] DEBUG:colcon.colcon_notification.desktop_notification.notify2:Failed to initialize notify2: org.freedesktop.DBus.Error.ServiceUnknown: The name org.freedesktop.Notifications was not provided by any .service files
[45.386s] DEBUG:colcon.colcon_core.event_reactor:joined thread
[45.387s] INFO:colcon.colcon_core.shell:Creating prefix script '/home/b/ws_moveit2/install/local_setup.ps1'
[45.390s] INFO:colcon.colcon_core.shell:Creating prefix util module '/home/b/ws_moveit2/install/_local_setup_util_ps1.py'
[45.397s] INFO:colcon.colcon_core.shell:Creating prefix chain script '/home/b/ws_moveit2/install/setup.ps1'
[45.407s] INFO:colcon.colcon_core.shell:Creating prefix script '/home/b/ws_moveit2/install/local_setup.sh'
[45.409s] INFO:colcon.colcon_core.shell:Creating prefix util module '/home/b/ws_moveit2/install/_local_setup_util_sh.py'
[45.411s] INFO:colcon.colcon_core.shell:Creating prefix chain script '/home/b/ws_moveit2/install/setup.sh'
[45.418s] INFO:colcon.colcon_core.shell:Creating prefix script '/home/b/ws_moveit2/install/local_setup.bash'
[45.420s] INFO:colcon.colcon_core.shell:Creating prefix chain script '/home/b/ws_moveit2/install/setup.bash'
[45.428s] INFO:colcon.colcon_core.shell:Creating prefix script '/home/b/ws_moveit2/install/local_setup.zsh'
[45.430s] INFO:colcon.colcon_core.shell:Creating prefix chain script '/home/b/ws_moveit2/install/setup.zsh'
