[0.724s] DEBUG:colcon:Command line arguments: ['/usr/bin/colcon', 'build', '--packages-select', 'ur3e_motion_cpp']
[0.724s] DEBUG:colcon:Parsed command line arguments: Namespace(log_base=None, log_level=None, verb_name='build', build_base='build', install_base='install', merge_install=False, symlink_install=False, test_result_base=None, continue_on_error=False, executor='parallel', parallel_workers=12, event_handlers=None, ignore_user_meta=False, metas=['./colcon.meta'], base_paths=['.'], packages_ignore=None, packages_ignore_regex=None, paths=None, packages_up_to=None, packages_up_to_regex=None, packages_above=None, packages_above_and_dependencies=None, packages_above_depth=None, packages_select_by_dep=None, packages_skip_by_dep=None, packages_skip_up_to=None, packages_select_build_failed=False, packages_skip_build_finished=False, packages_select_test_failures=False, packages_skip_test_passed=False, packages_select=['ur3e_motion_cpp'], packages_skip=None, packages_select_regex=None, packages_skip_regex=None, packages_start=None, packages_end=None, allow_overriding=[], cmake_args=None, cmake_target=None, cmake_target_skip_unavailable=False, cmake_clean_cache=False, cmake_clean_first=False, cmake_force_configure=False, ament_cmake_args=None, catkin_cmake_args=None, catkin_skip_building_tests=False, mixin_files=None, mixin=None, verb_parser=<colcon_mixin.mixin.mixin_argument.MixinArgumentDecorator object at 0x7cc4de26a830>, verb_extension=<colcon_core.verb.build.BuildVerb object at 0x7cc4de26a230>, main=<bound method BuildVerb.main of <colcon_core.verb.build.BuildVerb object at 0x7cc4de26a230>>, mixin_verb=('build',))
[1.196s] Level 1:colcon.colcon_core.package_discovery:discover_packages(colcon_meta) check parameters
[1.197s] Level 1:colcon.colcon_core.package_discovery:discover_packages(recursive) check parameters
[1.198s] Level 1:colcon.colcon_core.package_discovery:discover_packages(ignore) check parameters
[1.198s] Level 1:colcon.colcon_core.package_discovery:discover_packages(path) check parameters
[1.198s] Level 1:colcon.colcon_core.package_discovery:discover_packages(colcon_meta) discover
[1.198s] Level 1:colcon.colcon_core.package_discovery:discover_packages(recursive) discover
[1.198s] INFO:colcon.colcon_core.package_discovery:Crawling recursively for packages in '/home/b/ws_moveit2'
[1.198s] Level 1:colcon.colcon_core.package_identification:_identify(.) by extensions ['ignore', 'ignore_ament_install']
[1.199s] Level 1:colcon.colcon_core.package_identification:_identify(.) by extension 'ignore'
[1.200s] Level 1:colcon.colcon_core.package_identification:_identify(.) by extension 'ignore_ament_install'
[1.200s] Level 1:colcon.colcon_core.package_identification:_identify(.) by extensions ['colcon_pkg']
[1.200s] Level 1:colcon.colcon_core.package_identification:_identify(.) by extension 'colcon_pkg'
[1.200s] Level 1:colcon.colcon_core.package_identification:_identify(.) by extensions ['colcon_meta']
[1.200s] Level 1:colcon.colcon_core.package_identification:_identify(.) by extension 'colcon_meta'
[1.200s] Level 1:colcon.colcon_core.package_identification:_identify(.) by extensions ['ros']
[1.201s] Level 1:colcon.colcon_core.package_identification:_identify(.) by extension 'ros'
[1.233s] Level 1:colcon.colcon_core.package_identification:_identify(.) by extensions ['cmake', 'python']
[1.234s] Level 1:colcon.colcon_core.package_identification:_identify(.) by extension 'cmake'
[1.234s] Level 1:colcon.colcon_core.package_identification:_identify(.) by extension 'python'
[1.234s] Level 1:colcon.colcon_core.package_identification:_identify(.) by extensions ['python_setup_py']
[1.234s] Level 1:colcon.colcon_core.package_identification:_identify(.) by extension 'python_setup_py'
[1.234s] Level 1:colcon.colcon_core.package_identification:_identify(build) by extensions ['ignore', 'ignore_ament_install']
[1.235s] Level 1:colcon.colcon_core.package_identification:_identify(build) by extension 'ignore'
[1.235s] Level 1:colcon.colcon_core.package_identification:_identify(build) ignored
[1.235s] Level 1:colcon.colcon_core.package_identification:_identify(config_override) by extensions ['ignore', 'ignore_ament_install']
[1.235s] Level 1:colcon.colcon_core.package_identification:_identify(config_override) by extension 'ignore'
[1.235s] Level 1:colcon.colcon_core.package_identification:_identify(config_override) by extension 'ignore_ament_install'
[1.235s] Level 1:colcon.colcon_core.package_identification:_identify(config_override) by extensions ['colcon_pkg']
[1.236s] Level 1:colcon.colcon_core.package_identification:_identify(config_override) by extension 'colcon_pkg'
[1.236s] Level 1:colcon.colcon_core.package_identification:_identify(config_override) by extensions ['colcon_meta']
[1.236s] Level 1:colcon.colcon_core.package_identification:_identify(config_override) by extension 'colcon_meta'
[1.236s] Level 1:colcon.colcon_core.package_identification:_identify(config_override) by extensions ['ros']
[1.236s] Level 1:colcon.colcon_core.package_identification:_identify(config_override) by extension 'ros'
[1.236s] Level 1:colcon.colcon_core.package_identification:_identify(config_override) by extensions ['cmake', 'python']
[1.236s] Level 1:colcon.colcon_core.package_identification:_identify(config_override) by extension 'cmake'
[1.236s] Level 1:colcon.colcon_core.package_identification:_identify(config_override) by extension 'python'
[1.236s] Level 1:colcon.colcon_core.package_identification:_identify(config_override) by extensions ['python_setup_py']
[1.236s] Level 1:colcon.colcon_core.package_identification:_identify(config_override) by extension 'python_setup_py'
[1.236s] Level 1:colcon.colcon_core.package_identification:_identify(config_override/ur_moveit_config) by extensions ['ignore', 'ignore_ament_install']
[1.236s] Level 1:colcon.colcon_core.package_identification:_identify(config_override/ur_moveit_config) by extension 'ignore'
[1.236s] Level 1:colcon.colcon_core.package_identification:_identify(config_override/ur_moveit_config) by extension 'ignore_ament_install'
[1.236s] Level 1:colcon.colcon_core.package_identification:_identify(config_override/ur_moveit_config) by extensions ['colcon_pkg']
[1.236s] Level 1:colcon.colcon_core.package_identification:_identify(config_override/ur_moveit_config) by extension 'colcon_pkg'
[1.236s] Level 1:colcon.colcon_core.package_identification:_identify(config_override/ur_moveit_config) by extensions ['colcon_meta']
[1.236s] Level 1:colcon.colcon_core.package_identification:_identify(config_override/ur_moveit_config) by extension 'colcon_meta'
[1.236s] Level 1:colcon.colcon_core.package_identification:_identify(config_override/ur_moveit_config) by extensions ['ros']
[1.236s] Level 1:colcon.colcon_core.package_identification:_identify(config_override/ur_moveit_config) by extension 'ros'
[1.237s] Level 1:colcon.colcon_core.package_identification:_identify(config_override/ur_moveit_config) by extensions ['cmake', 'python']
[1.237s] Level 1:colcon.colcon_core.package_identification:_identify(config_override/ur_moveit_config) by extension 'cmake'
[1.237s] Level 1:colcon.colcon_core.package_identification:_identify(config_override/ur_moveit_config) by extension 'python'
[1.237s] Level 1:colcon.colcon_core.package_identification:_identify(config_override/ur_moveit_config) by extensions ['python_setup_py']
[1.237s] Level 1:colcon.colcon_core.package_identification:_identify(config_override/ur_moveit_config) by extension 'python_setup_py'
[1.237s] Level 1:colcon.colcon_core.package_identification:_identify(config_override/ur_moveit_config/config) by extensions ['ignore', 'ignore_ament_install']
[1.237s] Level 1:colcon.colcon_core.package_identification:_identify(config_override/ur_moveit_config/config) by extension 'ignore'
[1.237s] Level 1:colcon.colcon_core.package_identification:_identify(config_override/ur_moveit_config/config) by extension 'ignore_ament_install'
[1.237s] Level 1:colcon.colcon_core.package_identification:_identify(config_override/ur_moveit_config/config) by extensions ['colcon_pkg']
[1.237s] Level 1:colcon.colcon_core.package_identification:_identify(config_override/ur_moveit_config/config) by extension 'colcon_pkg'
[1.237s] Level 1:colcon.colcon_core.package_identification:_identify(config_override/ur_moveit_config/config) by extensions ['colcon_meta']
[1.237s] Level 1:colcon.colcon_core.package_identification:_identify(config_override/ur_moveit_config/config) by extension 'colcon_meta'
[1.237s] Level 1:colcon.colcon_core.package_identification:_identify(config_override/ur_moveit_config/config) by extensions ['ros']
[1.237s] Level 1:colcon.colcon_core.package_identification:_identify(config_override/ur_moveit_config/config) by extension 'ros'
[1.238s] Level 1:colcon.colcon_core.package_identification:_identify(config_override/ur_moveit_config/config) by extensions ['cmake', 'python']
[1.238s] Level 1:colcon.colcon_core.package_identification:_identify(config_override/ur_moveit_config/config) by extension 'cmake'
[1.238s] Level 1:colcon.colcon_core.package_identification:_identify(config_override/ur_moveit_config/config) by extension 'python'
[1.238s] Level 1:colcon.colcon_core.package_identification:_identify(config_override/ur_moveit_config/config) by extensions ['python_setup_py']
[1.238s] Level 1:colcon.colcon_core.package_identification:_identify(config_override/ur_moveit_config/config) by extension 'python_setup_py'
[1.239s] Level 1:colcon.colcon_core.package_identification:_identify(install) by extensions ['ignore', 'ignore_ament_install']
[1.239s] Level 1:colcon.colcon_core.package_identification:_identify(install) by extension 'ignore'
[1.239s] Level 1:colcon.colcon_core.package_identification:_identify(install) ignored
[1.239s] Level 1:colcon.colcon_core.package_identification:_identify(log) by extensions ['ignore', 'ignore_ament_install']
[1.240s] Level 1:colcon.colcon_core.package_identification:_identify(log) by extension 'ignore'
[1.240s] Level 1:colcon.colcon_core.package_identification:_identify(log) ignored
[1.240s] Level 1:colcon.colcon_core.package_identification:_identify(src) by extensions ['ignore', 'ignore_ament_install']
[1.241s] Level 1:colcon.colcon_core.package_identification:_identify(src) by extension 'ignore'
[1.241s] Level 1:colcon.colcon_core.package_identification:_identify(src) by extension 'ignore_ament_install'
[1.241s] Level 1:colcon.colcon_core.package_identification:_identify(src) by extensions ['colcon_pkg']
[1.242s] Level 1:colcon.colcon_core.package_identification:_identify(src) by extension 'colcon_pkg'
[1.242s] Level 1:colcon.colcon_core.package_identification:_identify(src) by extensions ['colcon_meta']
[1.242s] Level 1:colcon.colcon_core.package_identification:_identify(src) by extension 'colcon_meta'
[1.242s] Level 1:colcon.colcon_core.package_identification:_identify(src) by extensions ['ros']
[1.242s] Level 1:colcon.colcon_core.package_identification:_identify(src) by extension 'ros'
[1.243s] Level 1:colcon.colcon_core.package_identification:_identify(src) by extensions ['cmake', 'python']
[1.243s] Level 1:colcon.colcon_core.package_identification:_identify(src) by extension 'cmake'
[1.243s] Level 1:colcon.colcon_core.package_identification:_identify(src) by extension 'python'
[1.244s] Level 1:colcon.colcon_core.package_identification:_identify(src) by extensions ['python_setup_py']
[1.244s] Level 1:colcon.colcon_core.package_identification:_identify(src) by extension 'python_setup_py'
[1.244s] Level 1:colcon.colcon_core.package_identification:_identify(src/build) by extensions ['ignore', 'ignore_ament_install']
[1.245s] Level 1:colcon.colcon_core.package_identification:_identify(src/build) by extension 'ignore'
[1.245s] Level 1:colcon.colcon_core.package_identification:_identify(src/build) ignored
[1.245s] Level 1:colcon.colcon_core.package_identification:_identify(src/install) by extensions ['ignore', 'ignore_ament_install']
[1.246s] Level 1:colcon.colcon_core.package_identification:_identify(src/install) by extension 'ignore'
[1.246s] Level 1:colcon.colcon_core.package_identification:_identify(src/install) ignored
[1.246s] Level 1:colcon.colcon_core.package_identification:_identify(src/launch_param_builder) by extensions ['ignore', 'ignore_ament_install']
[1.247s] Level 1:colcon.colcon_core.package_identification:_identify(src/launch_param_builder) by extension 'ignore'
[1.247s] Level 1:colcon.colcon_core.package_identification:_identify(src/launch_param_builder) by extension 'ignore_ament_install'
[1.247s] Level 1:colcon.colcon_core.package_identification:_identify(src/launch_param_builder) by extensions ['colcon_pkg']
[1.247s] Level 1:colcon.colcon_core.package_identification:_identify(src/launch_param_builder) by extension 'colcon_pkg'
[1.247s] Level 1:colcon.colcon_core.package_identification:_identify(src/launch_param_builder) by extensions ['colcon_meta']
[1.248s] Level 1:colcon.colcon_core.package_identification:_identify(src/launch_param_builder) by extension 'colcon_meta'
[1.248s] Level 1:colcon.colcon_core.package_identification:_identify(src/launch_param_builder) by extensions ['ros']
[1.248s] Level 1:colcon.colcon_core.package_identification:_identify(src/launch_param_builder) by extension 'ros'
[1.254s] DEBUG:colcon.colcon_core.package_identification:Package 'src/launch_param_builder' with type 'ros.ament_python' and name 'launch_param_builder'
[1.254s] Level 1:colcon.colcon_core.package_identification:_identify(src/log) by extensions ['ignore', 'ignore_ament_install']
[1.255s] Level 1:colcon.colcon_core.package_identification:_identify(src/log) by extension 'ignore'
[1.255s] Level 1:colcon.colcon_core.package_identification:_identify(src/log) ignored
[1.255s] Level 1:colcon.colcon_core.package_identification:_identify(src/moveit2) by extensions ['ignore', 'ignore_ament_install']
[1.255s] Level 1:colcon.colcon_core.package_identification:_identify(src/moveit2) by extension 'ignore'
[1.255s] Level 1:colcon.colcon_core.package_identification:_identify(src/moveit2) by extension 'ignore_ament_install'
[1.255s] Level 1:colcon.colcon_core.package_identification:_identify(src/moveit2) by extensions ['colcon_pkg']
[1.256s] Level 1:colcon.colcon_core.package_identification:_identify(src/moveit2) by extension 'colcon_pkg'
[1.256s] Level 1:colcon.colcon_core.package_identification:_identify(src/moveit2) by extensions ['colcon_meta']
[1.256s] Level 1:colcon.colcon_core.package_identification:_identify(src/moveit2) by extension 'colcon_meta'
[1.256s] Level 1:colcon.colcon_core.package_identification:_identify(src/moveit2) by extensions ['ros']
[1.256s] Level 1:colcon.colcon_core.package_identification:_identify(src/moveit2) by extension 'ros'
[1.256s] Level 1:colcon.colcon_core.package_identification:_identify(src/moveit2) by extensions ['cmake', 'python']
[1.256s] Level 1:colcon.colcon_core.package_identification:_identify(src/moveit2) by extension 'cmake'
[1.256s] Level 1:colcon.colcon_core.package_identification:_identify(src/moveit2) by extension 'python'
[1.256s] Level 1:colcon.colcon_core.package_identification:_identify(src/moveit2) by extensions ['python_setup_py']
[1.256s] Level 1:colcon.colcon_core.package_identification:_identify(src/moveit2) by extension 'python_setup_py'
[1.256s] Level 1:colcon.colcon_core.package_identification:_identify(src/moveit2/doc) by extensions ['ignore', 'ignore_ament_install']
[1.256s] Level 1:colcon.colcon_core.package_identification:_identify(src/moveit2/doc) by extension 'ignore'
[1.256s] Level 1:colcon.colcon_core.package_identification:_identify(src/moveit2/doc) by extension 'ignore_ament_install'
[1.256s] Level 1:colcon.colcon_core.package_identification:_identify(src/moveit2/doc) by extensions ['colcon_pkg']
[1.256s] Level 1:colcon.colcon_core.package_identification:_identify(src/moveit2/doc) by extension 'colcon_pkg'
[1.257s] Level 1:colcon.colcon_core.package_identification:_identify(src/moveit2/doc) by extensions ['colcon_meta']
[1.257s] Level 1:colcon.colcon_core.package_identification:_identify(src/moveit2/doc) by extension 'colcon_meta'
[1.257s] Level 1:colcon.colcon_core.package_identification:_identify(src/moveit2/doc) by extensions ['ros']
[1.257s] Level 1:colcon.colcon_core.package_identification:_identify(src/moveit2/doc) by extension 'ros'
[1.257s] Level 1:colcon.colcon_core.package_identification:_identify(src/moveit2/doc) by extensions ['cmake', 'python']
[1.257s] Level 1:colcon.colcon_core.package_identification:_identify(src/moveit2/doc) by extension 'cmake'
[1.257s] Level 1:colcon.colcon_core.package_identification:_identify(src/moveit2/doc) by extension 'python'
[1.257s] Level 1:colcon.colcon_core.package_identification:_identify(src/moveit2/doc) by extensions ['python_setup_py']
[1.257s] Level 1:colcon.colcon_core.package_identification:_identify(src/moveit2/doc) by extension 'python_setup_py'
[1.257s] Level 1:colcon.colcon_core.package_identification:_identify(src/moveit2/moveit) by extensions ['ignore', 'ignore_ament_install']
[1.257s] Level 1:colcon.colcon_core.package_identification:_identify(src/moveit2/moveit) by extension 'ignore'
[1.257s] Level 1:colcon.colcon_core.package_identification:_identify(src/moveit2/moveit) by extension 'ignore_ament_install'
[1.257s] Level 1:colcon.colcon_core.package_identification:_identify(src/moveit2/moveit) by extensions ['colcon_pkg']
[1.257s] Level 1:colcon.colcon_core.package_identification:_identify(src/moveit2/moveit) by extension 'colcon_pkg'
[1.257s] Level 1:colcon.colcon_core.package_identification:_identify(src/moveit2/moveit) by extensions ['colcon_meta']
[1.257s] Level 1:colcon.colcon_core.package_identification:_identify(src/moveit2/moveit) by extension 'colcon_meta'
[1.258s] Level 1:colcon.colcon_core.package_identification:_identify(src/moveit2/moveit) by extensions ['ros']
[1.258s] Level 1:colcon.colcon_core.package_identification:_identify(src/moveit2/moveit) by extension 'ros'
[1.258s] DEBUG:colcon.colcon_core.package_identification:Package 'src/moveit2/moveit' with type 'ros.ament_cmake' and name 'moveit'
[1.258s] Level 1:colcon.colcon_core.package_identification:_identify(src/moveit2/moveit_common) by extensions ['ignore', 'ignore_ament_install']
[1.259s] Level 1:colcon.colcon_core.package_identification:_identify(src/moveit2/moveit_common) by extension 'ignore'
[1.259s] Level 1:colcon.colcon_core.package_identification:_identify(src/moveit2/moveit_common) by extension 'ignore_ament_install'
[1.259s] Level 1:colcon.colcon_core.package_identification:_identify(src/moveit2/moveit_common) by extensions ['colcon_pkg']
[1.259s] Level 1:colcon.colcon_core.package_identification:_identify(src/moveit2/moveit_common) by extension 'colcon_pkg'
[1.259s] Level 1:colcon.colcon_core.package_identification:_identify(src/moveit2/moveit_common) by extensions ['colcon_meta']
[1.259s] Level 1:colcon.colcon_core.package_identification:_identify(src/moveit2/moveit_common) by extension 'colcon_meta'
[1.259s] Level 1:colcon.colcon_core.package_identification:_identify(src/moveit2/moveit_common) by extensions ['ros']
[1.259s] Level 1:colcon.colcon_core.package_identification:_identify(src/moveit2/moveit_common) by extension 'ros'
[1.260s] DEBUG:colcon.colcon_core.package_identification:Package 'src/moveit2/moveit_common' with type 'ros.ament_cmake' and name 'moveit_common'
[1.260s] Level 1:colcon.colcon_core.package_identification:_identify(src/moveit2/moveit_configs_utils) by extensions ['ignore', 'ignore_ament_install']
[1.260s] Level 1:colcon.colcon_core.package_identification:_identify(src/moveit2/moveit_configs_utils) by extension 'ignore'
[1.260s] Level 1:colcon.colcon_core.package_identification:_identify(src/moveit2/moveit_configs_utils) by extension 'ignore_ament_install'
[1.261s] Level 1:colcon.colcon_core.package_identification:_identify(src/moveit2/moveit_configs_utils) by extensions ['colcon_pkg']
[1.261s] Level 1:colcon.colcon_core.package_identification:_identify(src/moveit2/moveit_configs_utils) by extension 'colcon_pkg'
[1.261s] Level 1:colcon.colcon_core.package_identification:_identify(src/moveit2/moveit_configs_utils) by extensions ['colcon_meta']
[1.261s] Level 1:colcon.colcon_core.package_identification:_identify(src/moveit2/moveit_configs_utils) by extension 'colcon_meta'
[1.261s] Level 1:colcon.colcon_core.package_identification:_identify(src/moveit2/moveit_configs_utils) by extensions ['ros']
[1.261s] Level 1:colcon.colcon_core.package_identification:_identify(src/moveit2/moveit_configs_utils) by extension 'ros'
[1.262s] DEBUG:colcon.colcon_core.package_identification:Package 'src/moveit2/moveit_configs_utils' with type 'ros.ament_python' and name 'moveit_configs_utils'
[1.262s] Level 1:colcon.colcon_core.package_identification:_identify(src/moveit2/moveit_core) by extensions ['ignore', 'ignore_ament_install']
[1.262s] Level 1:colcon.colcon_core.package_identification:_identify(src/moveit2/moveit_core) by extension 'ignore'
[1.262s] Level 1:colcon.colcon_core.package_identification:_identify(src/moveit2/moveit_core) by extension 'ignore_ament_install'
[1.262s] Level 1:colcon.colcon_core.package_identification:_identify(src/moveit2/moveit_core) by extensions ['colcon_pkg']
[1.262s] Level 1:colcon.colcon_core.package_identification:_identify(src/moveit2/moveit_core) by extension 'colcon_pkg'
[1.262s] Level 1:colcon.colcon_core.package_identification:_identify(src/moveit2/moveit_core) by extensions ['colcon_meta']
[1.262s] Level 1:colcon.colcon_core.package_identification:_identify(src/moveit2/moveit_core) by extension 'colcon_meta'
[1.262s] Level 1:colcon.colcon_core.package_identification:_identify(src/moveit2/moveit_core) by extensions ['ros']
[1.262s] Level 1:colcon.colcon_core.package_identification:_identify(src/moveit2/moveit_core) by extension 'ros'
[1.273s] DEBUG:colcon.colcon_core.package_identification:Package 'src/moveit2/moveit_core' with type 'ros.ament_cmake' and name 'moveit_core'
[1.273s] Level 1:colcon.colcon_core.package_identification:_identify(src/moveit2/moveit_experimental) by extensions ['ignore', 'ignore_ament_install']
[1.273s] Level 1:colcon.colcon_core.package_identification:_identify(src/moveit2/moveit_experimental) by extension 'ignore'
[1.273s] Level 1:colcon.colcon_core.package_identification:_identify(src/moveit2/moveit_experimental) ignored
[1.274s] Level 1:colcon.colcon_core.package_identification:_identify(src/moveit2/moveit_kinematics) by extensions ['ignore', 'ignore_ament_install']
[1.274s] Level 1:colcon.colcon_core.package_identification:_identify(src/moveit2/moveit_kinematics) by extension 'ignore'
[1.274s] Level 1:colcon.colcon_core.package_identification:_identify(src/moveit2/moveit_kinematics) by extension 'ignore_ament_install'
[1.274s] Level 1:colcon.colcon_core.package_identification:_identify(src/moveit2/moveit_kinematics) by extensions ['colcon_pkg']
[1.274s] Level 1:colcon.colcon_core.package_identification:_identify(src/moveit2/moveit_kinematics) by extension 'colcon_pkg'
[1.274s] Level 1:colcon.colcon_core.package_identification:_identify(src/moveit2/moveit_kinematics) by extensions ['colcon_meta']
[1.274s] Level 1:colcon.colcon_core.package_identification:_identify(src/moveit2/moveit_kinematics) by extension 'colcon_meta'
[1.274s] Level 1:colcon.colcon_core.package_identification:_identify(src/moveit2/moveit_kinematics) by extensions ['ros']
[1.274s] Level 1:colcon.colcon_core.package_identification:_identify(src/moveit2/moveit_kinematics) by extension 'ros'
[1.304s] DEBUG:colcon.colcon_core.package_identification:Package 'src/moveit2/moveit_kinematics' with type 'ros.ament_cmake' and name 'moveit_kinematics'
[1.305s] Level 1:colcon.colcon_core.package_identification:_identify(src/moveit2/moveit_planners) by extensions ['ignore', 'ignore_ament_install']
[1.305s] Level 1:colcon.colcon_core.package_identification:_identify(src/moveit2/moveit_planners) by extension 'ignore'
[1.306s] Level 1:colcon.colcon_core.package_identification:_identify(src/moveit2/moveit_planners) by extension 'ignore_ament_install'
[1.306s] Level 1:colcon.colcon_core.package_identification:_identify(src/moveit2/moveit_planners) by extensions ['colcon_pkg']
[1.306s] Level 1:colcon.colcon_core.package_identification:_identify(src/moveit2/moveit_planners) by extension 'colcon_pkg'
[1.306s] Level 1:colcon.colcon_core.package_identification:_identify(src/moveit2/moveit_planners) by extensions ['colcon_meta']
[1.306s] Level 1:colcon.colcon_core.package_identification:_identify(src/moveit2/moveit_planners) by extension 'colcon_meta'
[1.306s] Level 1:colcon.colcon_core.package_identification:_identify(src/moveit2/moveit_planners) by extensions ['ros']
[1.306s] Level 1:colcon.colcon_core.package_identification:_identify(src/moveit2/moveit_planners) by extension 'ros'
[1.307s] Level 1:colcon.colcon_core.package_identification:_identify(src/moveit2/moveit_planners) by extensions ['cmake', 'python']
[1.308s] Level 1:colcon.colcon_core.package_identification:_identify(src/moveit2/moveit_planners) by extension 'cmake'
[1.308s] Level 1:colcon.colcon_core.package_identification:_identify(src/moveit2/moveit_planners) by extension 'python'
[1.308s] Level 1:colcon.colcon_core.package_identification:_identify(src/moveit2/moveit_planners) by extensions ['python_setup_py']
[1.308s] Level 1:colcon.colcon_core.package_identification:_identify(src/moveit2/moveit_planners) by extension 'python_setup_py'
[1.309s] Level 1:colcon.colcon_core.package_identification:_identify(src/moveit2/moveit_planners/chomp) by extensions ['ignore', 'ignore_ament_install']
[1.310s] Level 1:colcon.colcon_core.package_identification:_identify(src/moveit2/moveit_planners/chomp) by extension 'ignore'
[1.310s] Level 1:colcon.colcon_core.package_identification:_identify(src/moveit2/moveit_planners/chomp) by extension 'ignore_ament_install'
[1.310s] Level 1:colcon.colcon_core.package_identification:_identify(src/moveit2/moveit_planners/chomp) by extensions ['colcon_pkg']
[1.310s] Level 1:colcon.colcon_core.package_identification:_identify(src/moveit2/moveit_planners/chomp) by extension 'colcon_pkg'
[1.311s] Level 1:colcon.colcon_core.package_identification:_identify(src/moveit2/moveit_planners/chomp) by extensions ['colcon_meta']
[1.311s] Level 1:colcon.colcon_core.package_identification:_identify(src/moveit2/moveit_planners/chomp) by extension 'colcon_meta'
[1.311s] Level 1:colcon.colcon_core.package_identification:_identify(src/moveit2/moveit_planners/chomp) by extensions ['ros']
[1.311s] Level 1:colcon.colcon_core.package_identification:_identify(src/moveit2/moveit_planners/chomp) by extension 'ros'
[1.312s] Level 1:colcon.colcon_core.package_identification:_identify(src/moveit2/moveit_planners/chomp) by extensions ['cmake', 'python']
[1.312s] Level 1:colcon.colcon_core.package_identification:_identify(src/moveit2/moveit_planners/chomp) by extension 'cmake'
[1.312s] Level 1:colcon.colcon_core.package_identification:_identify(src/moveit2/moveit_planners/chomp) by extension 'python'
[1.312s] Level 1:colcon.colcon_core.package_identification:_identify(src/moveit2/moveit_planners/chomp) by extensions ['python_setup_py']
[1.312s] Level 1:colcon.colcon_core.package_identification:_identify(src/moveit2/moveit_planners/chomp) by extension 'python_setup_py'
[1.313s] Level 1:colcon.colcon_core.package_identification:_identify(src/moveit2/moveit_planners/chomp/chomp_interface) by extensions ['ignore', 'ignore_ament_install']
[1.313s] Level 1:colcon.colcon_core.package_identification:_identify(src/moveit2/moveit_planners/chomp/chomp_interface) by extension 'ignore'
[1.313s] Level 1:colcon.colcon_core.package_identification:_identify(src/moveit2/moveit_planners/chomp/chomp_interface) by extension 'ignore_ament_install'
[1.313s] Level 1:colcon.colcon_core.package_identification:_identify(src/moveit2/moveit_planners/chomp/chomp_interface) by extensions ['colcon_pkg']
[1.314s] Level 1:colcon.colcon_core.package_identification:_identify(src/moveit2/moveit_planners/chomp/chomp_interface) by extension 'colcon_pkg'
[1.314s] Level 1:colcon.colcon_core.package_identification:_identify(src/moveit2/moveit_planners/chomp/chomp_interface) by extensions ['colcon_meta']
[1.314s] Level 1:colcon.colcon_core.package_identification:_identify(src/moveit2/moveit_planners/chomp/chomp_interface) by extension 'colcon_meta'
[1.314s] Level 1:colcon.colcon_core.package_identification:_identify(src/moveit2/moveit_planners/chomp/chomp_interface) by extensions ['ros']
[1.314s] Level 1:colcon.colcon_core.package_identification:_identify(src/moveit2/moveit_planners/chomp/chomp_interface) by extension 'ros'
[1.319s] DEBUG:colcon.colcon_core.package_identification:Package 'src/moveit2/moveit_planners/chomp/chomp_interface' with type 'ros.ament_cmake' and name 'moveit_planners_chomp'
[1.320s] Level 1:colcon.colcon_core.package_identification:_identify(src/moveit2/moveit_planners/chomp/chomp_motion_planner) by extensions ['ignore', 'ignore_ament_install']
[1.321s] Level 1:colcon.colcon_core.package_identification:_identify(src/moveit2/moveit_planners/chomp/chomp_motion_planner) by extension 'ignore'
[1.321s] Level 1:colcon.colcon_core.package_identification:_identify(src/moveit2/moveit_planners/chomp/chomp_motion_planner) by extension 'ignore_ament_install'
[1.321s] Level 1:colcon.colcon_core.package_identification:_identify(src/moveit2/moveit_planners/chomp/chomp_motion_planner) by extensions ['colcon_pkg']
[1.321s] Level 1:colcon.colcon_core.package_identification:_identify(src/moveit2/moveit_planners/chomp/chomp_motion_planner) by extension 'colcon_pkg'
[1.321s] Level 1:colcon.colcon_core.package_identification:_identify(src/moveit2/moveit_planners/chomp/chomp_motion_planner) by extensions ['colcon_meta']
[1.322s] Level 1:colcon.colcon_core.package_identification:_identify(src/moveit2/moveit_planners/chomp/chomp_motion_planner) by extension 'colcon_meta'
[1.322s] Level 1:colcon.colcon_core.package_identification:_identify(src/moveit2/moveit_planners/chomp/chomp_motion_planner) by extensions ['ros']
[1.323s] Level 1:colcon.colcon_core.package_identification:_identify(src/moveit2/moveit_planners/chomp/chomp_motion_planner) by extension 'ros'
[1.327s] DEBUG:colcon.colcon_core.package_identification:Package 'src/moveit2/moveit_planners/chomp/chomp_motion_planner' with type 'ros.ament_cmake' and name 'chomp_motion_planner'
[1.327s] Level 1:colcon.colcon_core.package_identification:_identify(src/moveit2/moveit_planners/chomp/chomp_optimizer_adapter) by extensions ['ignore', 'ignore_ament_install']
[1.328s] Level 1:colcon.colcon_core.package_identification:_identify(src/moveit2/moveit_planners/chomp/chomp_optimizer_adapter) by extension 'ignore'
[1.328s] Level 1:colcon.colcon_core.package_identification:_identify(src/moveit2/moveit_planners/chomp/chomp_optimizer_adapter) by extension 'ignore_ament_install'
[1.328s] Level 1:colcon.colcon_core.package_identification:_identify(src/moveit2/moveit_planners/chomp/chomp_optimizer_adapter) by extensions ['colcon_pkg']
[1.328s] Level 1:colcon.colcon_core.package_identification:_identify(src/moveit2/moveit_planners/chomp/chomp_optimizer_adapter) by extension 'colcon_pkg'
[1.328s] Level 1:colcon.colcon_core.package_identification:_identify(src/moveit2/moveit_planners/chomp/chomp_optimizer_adapter) by extensions ['colcon_meta']
[1.329s] Level 1:colcon.colcon_core.package_identification:_identify(src/moveit2/moveit_planners/chomp/chomp_optimizer_adapter) by extension 'colcon_meta'
[1.329s] Level 1:colcon.colcon_core.package_identification:_identify(src/moveit2/moveit_planners/chomp/chomp_optimizer_adapter) by extensions ['ros']
[1.329s] Level 1:colcon.colcon_core.package_identification:_identify(src/moveit2/moveit_planners/chomp/chomp_optimizer_adapter) by extension 'ros'
[1.332s] DEBUG:colcon.colcon_core.package_identification:Package 'src/moveit2/moveit_planners/chomp/chomp_optimizer_adapter' with type 'ros.ament_cmake' and name 'moveit_chomp_optimizer_adapter'
[1.332s] Level 1:colcon.colcon_core.package_identification:_identify(src/moveit2/moveit_planners/moveit_planners) by extensions ['ignore', 'ignore_ament_install']
[1.332s] Level 1:colcon.colcon_core.package_identification:_identify(src/moveit2/moveit_planners/moveit_planners) by extension 'ignore'
[1.333s] Level 1:colcon.colcon_core.package_identification:_identify(src/moveit2/moveit_planners/moveit_planners) by extension 'ignore_ament_install'
[1.333s] Level 1:colcon.colcon_core.package_identification:_identify(src/moveit2/moveit_planners/moveit_planners) by extensions ['colcon_pkg']
[1.333s] Level 1:colcon.colcon_core.package_identification:_identify(src/moveit2/moveit_planners/moveit_planners) by extension 'colcon_pkg'
[1.333s] Level 1:colcon.colcon_core.package_identification:_identify(src/moveit2/moveit_planners/moveit_planners) by extensions ['colcon_meta']
[1.333s] Level 1:colcon.colcon_core.package_identification:_identify(src/moveit2/moveit_planners/moveit_planners) by extension 'colcon_meta'
[1.333s] Level 1:colcon.colcon_core.package_identification:_identify(src/moveit2/moveit_planners/moveit_planners) by extensions ['ros']
[1.333s] Level 1:colcon.colcon_core.package_identification:_identify(src/moveit2/moveit_planners/moveit_planners) by extension 'ros'
[1.336s] DEBUG:colcon.colcon_core.package_identification:Package 'src/moveit2/moveit_planners/moveit_planners' with type 'ros.ament_cmake' and name 'moveit_planners'
[1.336s] Level 1:colcon.colcon_core.package_identification:_identify(src/moveit2/moveit_planners/ompl) by extensions ['ignore', 'ignore_ament_install']
[1.337s] Level 1:colcon.colcon_core.package_identification:_identify(src/moveit2/moveit_planners/ompl) by extension 'ignore'
[1.337s] Level 1:colcon.colcon_core.package_identification:_identify(src/moveit2/moveit_planners/ompl) by extension 'ignore_ament_install'
[1.337s] Level 1:colcon.colcon_core.package_identification:_identify(src/moveit2/moveit_planners/ompl) by extensions ['colcon_pkg']
[1.337s] Level 1:colcon.colcon_core.package_identification:_identify(src/moveit2/moveit_planners/ompl) by extension 'colcon_pkg'
[1.337s] Level 1:colcon.colcon_core.package_identification:_identify(src/moveit2/moveit_planners/ompl) by extensions ['colcon_meta']
[1.337s] Level 1:colcon.colcon_core.package_identification:_identify(src/moveit2/moveit_planners/ompl) by extension 'colcon_meta'
[1.338s] Level 1:colcon.colcon_core.package_identification:_identify(src/moveit2/moveit_planners/ompl) by extensions ['ros']
[1.338s] Level 1:colcon.colcon_core.package_identification:_identify(src/moveit2/moveit_planners/ompl) by extension 'ros'
[1.344s] DEBUG:colcon.colcon_core.package_identification:Package 'src/moveit2/moveit_planners/ompl' with type 'ros.ament_cmake' and name 'moveit_planners_ompl'
[1.345s] Level 1:colcon.colcon_core.package_identification:_identify(src/moveit2/moveit_planners/pilz_industrial_motion_planner) by extensions ['ignore', 'ignore_ament_install']
[1.345s] Level 1:colcon.colcon_core.package_identification:_identify(src/moveit2/moveit_planners/pilz_industrial_motion_planner) by extension 'ignore'
[1.345s] Level 1:colcon.colcon_core.package_identification:_identify(src/moveit2/moveit_planners/pilz_industrial_motion_planner) by extension 'ignore_ament_install'
[1.345s] Level 1:colcon.colcon_core.package_identification:_identify(src/moveit2/moveit_planners/pilz_industrial_motion_planner) by extensions ['colcon_pkg']
[1.345s] Level 1:colcon.colcon_core.package_identification:_identify(src/moveit2/moveit_planners/pilz_industrial_motion_planner) by extension 'colcon_pkg'
[1.346s] Level 1:colcon.colcon_core.package_identification:_identify(src/moveit2/moveit_planners/pilz_industrial_motion_planner) by extensions ['colcon_meta']
[1.346s] Level 1:colcon.colcon_core.package_identification:_identify(src/moveit2/moveit_planners/pilz_industrial_motion_planner) by extension 'colcon_meta'
[1.346s] Level 1:colcon.colcon_core.package_identification:_identify(src/moveit2/moveit_planners/pilz_industrial_motion_planner) by extensions ['ros']
[1.346s] Level 1:colcon.colcon_core.package_identification:_identify(src/moveit2/moveit_planners/pilz_industrial_motion_planner) by extension 'ros'
[1.351s] DEBUG:colcon.colcon_core.package_identification:Package 'src/moveit2/moveit_planners/pilz_industrial_motion_planner' with type 'ros.ament_cmake' and name 'pilz_industrial_motion_planner'
[1.351s] Level 1:colcon.colcon_core.package_identification:_identify(src/moveit2/moveit_planners/pilz_industrial_motion_planner_testutils) by extensions ['ignore', 'ignore_ament_install']
[1.351s] Level 1:colcon.colcon_core.package_identification:_identify(src/moveit2/moveit_planners/pilz_industrial_motion_planner_testutils) by extension 'ignore'
[1.352s] Level 1:colcon.colcon_core.package_identification:_identify(src/moveit2/moveit_planners/pilz_industrial_motion_planner_testutils) by extension 'ignore_ament_install'
[1.352s] Level 1:colcon.colcon_core.package_identification:_identify(src/moveit2/moveit_planners/pilz_industrial_motion_planner_testutils) by extensions ['colcon_pkg']
[1.352s] Level 1:colcon.colcon_core.package_identification:_identify(src/moveit2/moveit_planners/pilz_industrial_motion_planner_testutils) by extension 'colcon_pkg'
[1.352s] Level 1:colcon.colcon_core.package_identification:_identify(src/moveit2/moveit_planners/pilz_industrial_motion_planner_testutils) by extensions ['colcon_meta']
[1.352s] Level 1:colcon.colcon_core.package_identification:_identify(src/moveit2/moveit_planners/pilz_industrial_motion_planner_testutils) by extension 'colcon_meta'
[1.352s] Level 1:colcon.colcon_core.package_identification:_identify(src/moveit2/moveit_planners/pilz_industrial_motion_planner_testutils) by extensions ['ros']
[1.352s] Level 1:colcon.colcon_core.package_identification:_identify(src/moveit2/moveit_planners/pilz_industrial_motion_planner_testutils) by extension 'ros'
[1.354s] DEBUG:colcon.colcon_core.package_identification:Package 'src/moveit2/moveit_planners/pilz_industrial_motion_planner_testutils' with type 'ros.ament_cmake' and name 'pilz_industrial_motion_planner_testutils'
[1.354s] Level 1:colcon.colcon_core.package_identification:_identify(src/moveit2/moveit_planners/test_configs) by extensions ['ignore', 'ignore_ament_install']
[1.355s] Level 1:colcon.colcon_core.package_identification:_identify(src/moveit2/moveit_planners/test_configs) by extension 'ignore'
[1.355s] Level 1:colcon.colcon_core.package_identification:_identify(src/moveit2/moveit_planners/test_configs) by extension 'ignore_ament_install'
[1.355s] Level 1:colcon.colcon_core.package_identification:_identify(src/moveit2/moveit_planners/test_configs) by extensions ['colcon_pkg']
[1.355s] Level 1:colcon.colcon_core.package_identification:_identify(src/moveit2/moveit_planners/test_configs) by extension 'colcon_pkg'
[1.355s] Level 1:colcon.colcon_core.package_identification:_identify(src/moveit2/moveit_planners/test_configs) by extensions ['colcon_meta']
[1.355s] Level 1:colcon.colcon_core.package_identification:_identify(src/moveit2/moveit_planners/test_configs) by extension 'colcon_meta'
[1.355s] Level 1:colcon.colcon_core.package_identification:_identify(src/moveit2/moveit_planners/test_configs) by extensions ['ros']
[1.355s] Level 1:colcon.colcon_core.package_identification:_identify(src/moveit2/moveit_planners/test_configs) by extension 'ros'
[1.355s] Level 1:colcon.colcon_core.package_identification:_identify(src/moveit2/moveit_planners/test_configs) by extensions ['cmake', 'python']
[1.355s] Level 1:colcon.colcon_core.package_identification:_identify(src/moveit2/moveit_planners/test_configs) by extension 'cmake'
[1.356s] Level 1:colcon.colcon_core.package_identification:_identify(src/moveit2/moveit_planners/test_configs) by extension 'python'
[1.356s] Level 1:colcon.colcon_core.package_identification:_identify(src/moveit2/moveit_planners/test_configs) by extensions ['python_setup_py']
[1.356s] Level 1:colcon.colcon_core.package_identification:_identify(src/moveit2/moveit_planners/test_configs) by extension 'python_setup_py'
[1.356s] Level 1:colcon.colcon_core.package_identification:_identify(src/moveit2/moveit_planners/test_configs/prbt_ikfast_manipulator_plugin) by extensions ['ignore', 'ignore_ament_install']
[1.356s] Level 1:colcon.colcon_core.package_identification:_identify(src/moveit2/moveit_planners/test_configs/prbt_ikfast_manipulator_plugin) by extension 'ignore'
[1.356s] Level 1:colcon.colcon_core.package_identification:_identify(src/moveit2/moveit_planners/test_configs/prbt_ikfast_manipulator_plugin) by extension 'ignore_ament_install'
[1.356s] Level 1:colcon.colcon_core.package_identification:_identify(src/moveit2/moveit_planners/test_configs/prbt_ikfast_manipulator_plugin) by extensions ['colcon_pkg']
[1.356s] Level 1:colcon.colcon_core.package_identification:_identify(src/moveit2/moveit_planners/test_configs/prbt_ikfast_manipulator_plugin) by extension 'colcon_pkg'
[1.356s] Level 1:colcon.colcon_core.package_identification:_identify(src/moveit2/moveit_planners/test_configs/prbt_ikfast_manipulator_plugin) by extensions ['colcon_meta']
[1.356s] Level 1:colcon.colcon_core.package_identification:_identify(src/moveit2/moveit_planners/test_configs/prbt_ikfast_manipulator_plugin) by extension 'colcon_meta'
[1.357s] Level 1:colcon.colcon_core.package_identification:_identify(src/moveit2/moveit_planners/test_configs/prbt_ikfast_manipulator_plugin) by extensions ['ros']
[1.357s] Level 1:colcon.colcon_core.package_identification:_identify(src/moveit2/moveit_planners/test_configs/prbt_ikfast_manipulator_plugin) by extension 'ros'
[1.358s] DEBUG:colcon.colcon_core.package_identification:Package 'src/moveit2/moveit_planners/test_configs/prbt_ikfast_manipulator_plugin' with type 'ros.ament_cmake' and name 'moveit_resources_prbt_ikfast_manipulator_plugin'
[1.358s] Level 1:colcon.colcon_core.package_identification:_identify(src/moveit2/moveit_planners/test_configs/prbt_moveit_config) by extensions ['ignore', 'ignore_ament_install']
[1.359s] Level 1:colcon.colcon_core.package_identification:_identify(src/moveit2/moveit_planners/test_configs/prbt_moveit_config) by extension 'ignore'
[1.359s] Level 1:colcon.colcon_core.package_identification:_identify(src/moveit2/moveit_planners/test_configs/prbt_moveit_config) by extension 'ignore_ament_install'
[1.359s] Level 1:colcon.colcon_core.package_identification:_identify(src/moveit2/moveit_planners/test_configs/prbt_moveit_config) by extensions ['colcon_pkg']
[1.359s] Level 1:colcon.colcon_core.package_identification:_identify(src/moveit2/moveit_planners/test_configs/prbt_moveit_config) by extension 'colcon_pkg'
[1.359s] Level 1:colcon.colcon_core.package_identification:_identify(src/moveit2/moveit_planners/test_configs/prbt_moveit_config) by extensions ['colcon_meta']
[1.359s] Level 1:colcon.colcon_core.package_identification:_identify(src/moveit2/moveit_planners/test_configs/prbt_moveit_config) by extension 'colcon_meta'
[1.360s] Level 1:colcon.colcon_core.package_identification:_identify(src/moveit2/moveit_planners/test_configs/prbt_moveit_config) by extensions ['ros']
[1.360s] Level 1:colcon.colcon_core.package_identification:_identify(src/moveit2/moveit_planners/test_configs/prbt_moveit_config) by extension 'ros'
[1.363s] DEBUG:colcon.colcon_core.package_identification:Package 'src/moveit2/moveit_planners/test_configs/prbt_moveit_config' with type 'ros.ament_cmake' and name 'moveit_resources_prbt_moveit_config'
[1.364s] Level 1:colcon.colcon_core.package_identification:_identify(src/moveit2/moveit_planners/test_configs/prbt_pg70_support) by extensions ['ignore', 'ignore_ament_install']
[1.364s] Level 1:colcon.colcon_core.package_identification:_identify(src/moveit2/moveit_planners/test_configs/prbt_pg70_support) by extension 'ignore'
[1.364s] Level 1:colcon.colcon_core.package_identification:_identify(src/moveit2/moveit_planners/test_configs/prbt_pg70_support) by extension 'ignore_ament_install'
[1.364s] Level 1:colcon.colcon_core.package_identification:_identify(src/moveit2/moveit_planners/test_configs/prbt_pg70_support) by extensions ['colcon_pkg']
[1.364s] Level 1:colcon.colcon_core.package_identification:_identify(src/moveit2/moveit_planners/test_configs/prbt_pg70_support) by extension 'colcon_pkg'
[1.364s] Level 1:colcon.colcon_core.package_identification:_identify(src/moveit2/moveit_planners/test_configs/prbt_pg70_support) by extensions ['colcon_meta']
[1.365s] Level 1:colcon.colcon_core.package_identification:_identify(src/moveit2/moveit_planners/test_configs/prbt_pg70_support) by extension 'colcon_meta'
[1.365s] Level 1:colcon.colcon_core.package_identification:_identify(src/moveit2/moveit_planners/test_configs/prbt_pg70_support) by extensions ['ros']
[1.365s] Level 1:colcon.colcon_core.package_identification:_identify(src/moveit2/moveit_planners/test_configs/prbt_pg70_support) by extension 'ros'
[1.366s] DEBUG:colcon.colcon_core.package_identification:Package 'src/moveit2/moveit_planners/test_configs/prbt_pg70_support' with type 'ros.ament_cmake' and name 'moveit_resources_prbt_pg70_support'
[1.367s] Level 1:colcon.colcon_core.package_identification:_identify(src/moveit2/moveit_planners/test_configs/prbt_support) by extensions ['ignore', 'ignore_ament_install']
[1.367s] Level 1:colcon.colcon_core.package_identification:_identify(src/moveit2/moveit_planners/test_configs/prbt_support) by extension 'ignore'
[1.368s] Level 1:colcon.colcon_core.package_identification:_identify(src/moveit2/moveit_planners/test_configs/prbt_support) by extension 'ignore_ament_install'
[1.368s] Level 1:colcon.colcon_core.package_identification:_identify(src/moveit2/moveit_planners/test_configs/prbt_support) by extensions ['colcon_pkg']
[1.368s] Level 1:colcon.colcon_core.package_identification:_identify(src/moveit2/moveit_planners/test_configs/prbt_support) by extension 'colcon_pkg'
[1.368s] Level 1:colcon.colcon_core.package_identification:_identify(src/moveit2/moveit_planners/test_configs/prbt_support) by extensions ['colcon_meta']
[1.368s] Level 1:colcon.colcon_core.package_identification:_identify(src/moveit2/moveit_planners/test_configs/prbt_support) by extension 'colcon_meta'
[1.368s] Level 1:colcon.colcon_core.package_identification:_identify(src/moveit2/moveit_planners/test_configs/prbt_support) by extensions ['ros']
[1.368s] Level 1:colcon.colcon_core.package_identification:_identify(src/moveit2/moveit_planners/test_configs/prbt_support) by extension 'ros'
[1.369s] DEBUG:colcon.colcon_core.package_identification:Package 'src/moveit2/moveit_planners/test_configs/prbt_support' with type 'ros.ament_cmake' and name 'moveit_resources_prbt_support'
[1.369s] Level 1:colcon.colcon_core.package_identification:_identify(src/moveit2/moveit_planners/trajopt) by extensions ['ignore', 'ignore_ament_install']
[1.369s] Level 1:colcon.colcon_core.package_identification:_identify(src/moveit2/moveit_planners/trajopt) by extension 'ignore'
[1.370s] Level 1:colcon.colcon_core.package_identification:_identify(src/moveit2/moveit_planners/trajopt) ignored
[1.370s] Level 1:colcon.colcon_core.package_identification:_identify(src/moveit2/moveit_plugins) by extensions ['ignore', 'ignore_ament_install']
[1.370s] Level 1:colcon.colcon_core.package_identification:_identify(src/moveit2/moveit_plugins) by extension 'ignore'
[1.370s] Level 1:colcon.colcon_core.package_identification:_identify(src/moveit2/moveit_plugins) by extension 'ignore_ament_install'
[1.370s] Level 1:colcon.colcon_core.package_identification:_identify(src/moveit2/moveit_plugins) by extensions ['colcon_pkg']
[1.370s] Level 1:colcon.colcon_core.package_identification:_identify(src/moveit2/moveit_plugins) by extension 'colcon_pkg'
[1.370s] Level 1:colcon.colcon_core.package_identification:_identify(src/moveit2/moveit_plugins) by extensions ['colcon_meta']
[1.370s] Level 1:colcon.colcon_core.package_identification:_identify(src/moveit2/moveit_plugins) by extension 'colcon_meta'
[1.370s] Level 1:colcon.colcon_core.package_identification:_identify(src/moveit2/moveit_plugins) by extensions ['ros']
[1.370s] Level 1:colcon.colcon_core.package_identification:_identify(src/moveit2/moveit_plugins) by extension 'ros'
[1.370s] Level 1:colcon.colcon_core.package_identification:_identify(src/moveit2/moveit_plugins) by extensions ['cmake', 'python']
[1.370s] Level 1:colcon.colcon_core.package_identification:_identify(src/moveit2/moveit_plugins) by extension 'cmake'
[1.371s] Level 1:colcon.colcon_core.package_identification:_identify(src/moveit2/moveit_plugins) by extension 'python'
[1.371s] Level 1:colcon.colcon_core.package_identification:_identify(src/moveit2/moveit_plugins) by extensions ['python_setup_py']
[1.371s] Level 1:colcon.colcon_core.package_identification:_identify(src/moveit2/moveit_plugins) by extension 'python_setup_py'
[1.371s] Level 1:colcon.colcon_core.package_identification:_identify(src/moveit2/moveit_plugins/moveit_plugins) by extensions ['ignore', 'ignore_ament_install']
[1.371s] Level 1:colcon.colcon_core.package_identification:_identify(src/moveit2/moveit_plugins/moveit_plugins) by extension 'ignore'
[1.371s] Level 1:colcon.colcon_core.package_identification:_identify(src/moveit2/moveit_plugins/moveit_plugins) by extension 'ignore_ament_install'
[1.371s] Level 1:colcon.colcon_core.package_identification:_identify(src/moveit2/moveit_plugins/moveit_plugins) by extensions ['colcon_pkg']
[1.371s] Level 1:colcon.colcon_core.package_identification:_identify(src/moveit2/moveit_plugins/moveit_plugins) by extension 'colcon_pkg'
[1.371s] Level 1:colcon.colcon_core.package_identification:_identify(src/moveit2/moveit_plugins/moveit_plugins) by extensions ['colcon_meta']
[1.371s] Level 1:colcon.colcon_core.package_identification:_identify(src/moveit2/moveit_plugins/moveit_plugins) by extension 'colcon_meta'
[1.371s] Level 1:colcon.colcon_core.package_identification:_identify(src/moveit2/moveit_plugins/moveit_plugins) by extensions ['ros']
[1.372s] Level 1:colcon.colcon_core.package_identification:_identify(src/moveit2/moveit_plugins/moveit_plugins) by extension 'ros'
[1.378s] DEBUG:colcon.colcon_core.package_identification:Package 'src/moveit2/moveit_plugins/moveit_plugins' with type 'ros.ament_cmake' and name 'moveit_plugins'
[1.384s] Level 1:colcon.colcon_core.package_identification:_identify(src/moveit2/moveit_plugins/moveit_ros_control_interface) by extensions ['ignore', 'ignore_ament_install']
[1.384s] Level 1:colcon.colcon_core.package_identification:_identify(src/moveit2/moveit_plugins/moveit_ros_control_interface) by extension 'ignore'
[1.384s] Level 1:colcon.colcon_core.package_identification:_identify(src/moveit2/moveit_plugins/moveit_ros_control_interface) by extension 'ignore_ament_install'
[1.384s] Level 1:colcon.colcon_core.package_identification:_identify(src/moveit2/moveit_plugins/moveit_ros_control_interface) by extensions ['colcon_pkg']
[1.384s] Level 1:colcon.colcon_core.package_identification:_identify(src/moveit2/moveit_plugins/moveit_ros_control_interface) by extension 'colcon_pkg'
[1.384s] Level 1:colcon.colcon_core.package_identification:_identify(src/moveit2/moveit_plugins/moveit_ros_control_interface) by extensions ['colcon_meta']
[1.385s] Level 1:colcon.colcon_core.package_identification:_identify(src/moveit2/moveit_plugins/moveit_ros_control_interface) by extension 'colcon_meta'
[1.385s] Level 1:colcon.colcon_core.package_identification:_identify(src/moveit2/moveit_plugins/moveit_ros_control_interface) by extensions ['ros']
[1.385s] Level 1:colcon.colcon_core.package_identification:_identify(src/moveit2/moveit_plugins/moveit_ros_control_interface) by extension 'ros'
[1.387s] DEBUG:colcon.colcon_core.package_identification:Package 'src/moveit2/moveit_plugins/moveit_ros_control_interface' with type 'ros.ament_cmake' and name 'moveit_ros_control_interface'
[1.387s] Level 1:colcon.colcon_core.package_identification:_identify(src/moveit2/moveit_plugins/moveit_simple_controller_manager) by extensions ['ignore', 'ignore_ament_install']
[1.388s] Level 1:colcon.colcon_core.package_identification:_identify(src/moveit2/moveit_plugins/moveit_simple_controller_manager) by extension 'ignore'
[1.388s] Level 1:colcon.colcon_core.package_identification:_identify(src/moveit2/moveit_plugins/moveit_simple_controller_manager) by extension 'ignore_ament_install'
[1.388s] Level 1:colcon.colcon_core.package_identification:_identify(src/moveit2/moveit_plugins/moveit_simple_controller_manager) by extensions ['colcon_pkg']
[1.388s] Level 1:colcon.colcon_core.package_identification:_identify(src/moveit2/moveit_plugins/moveit_simple_controller_manager) by extension 'colcon_pkg'
[1.388s] Level 1:colcon.colcon_core.package_identification:_identify(src/moveit2/moveit_plugins/moveit_simple_controller_manager) by extensions ['colcon_meta']
[1.388s] Level 1:colcon.colcon_core.package_identification:_identify(src/moveit2/moveit_plugins/moveit_simple_controller_manager) by extension 'colcon_meta'
[1.388s] Level 1:colcon.colcon_core.package_identification:_identify(src/moveit2/moveit_plugins/moveit_simple_controller_manager) by extensions ['ros']
[1.388s] Level 1:colcon.colcon_core.package_identification:_identify(src/moveit2/moveit_plugins/moveit_simple_controller_manager) by extension 'ros'
[1.390s] DEBUG:colcon.colcon_core.package_identification:Package 'src/moveit2/moveit_plugins/moveit_simple_controller_manager' with type 'ros.ament_cmake' and name 'moveit_simple_controller_manager'
[1.392s] Level 1:colcon.colcon_core.package_identification:_identify(src/moveit2/moveit_py) by extensions ['ignore', 'ignore_ament_install']
[1.393s] Level 1:colcon.colcon_core.package_identification:_identify(src/moveit2/moveit_py) by extension 'ignore'
[1.394s] Level 1:colcon.colcon_core.package_identification:_identify(src/moveit2/moveit_py) by extension 'ignore_ament_install'
[1.394s] Level 1:colcon.colcon_core.package_identification:_identify(src/moveit2/moveit_py) by extensions ['colcon_pkg']
[1.394s] Level 1:colcon.colcon_core.package_identification:_identify(src/moveit2/moveit_py) by extension 'colcon_pkg'
[1.394s] Level 1:colcon.colcon_core.package_identification:_identify(src/moveit2/moveit_py) by extensions ['colcon_meta']
[1.395s] Level 1:colcon.colcon_core.package_identification:_identify(src/moveit2/moveit_py) by extension 'colcon_meta'
[1.395s] Level 1:colcon.colcon_core.package_identification:_identify(src/moveit2/moveit_py) by extensions ['ros']
[1.395s] Level 1:colcon.colcon_core.package_identification:_identify(src/moveit2/moveit_py) by extension 'ros'
[1.399s] DEBUG:colcon.colcon_core.package_identification:Package 'src/moveit2/moveit_py' with type 'ros.ament_cmake' and name 'moveit_py'
[1.400s] Level 1:colcon.colcon_core.package_identification:_identify(src/moveit2/moveit_ros) by extensions ['ignore', 'ignore_ament_install']
[1.400s] Level 1:colcon.colcon_core.package_identification:_identify(src/moveit2/moveit_ros) by extension 'ignore'
[1.401s] Level 1:colcon.colcon_core.package_identification:_identify(src/moveit2/moveit_ros) by extension 'ignore_ament_install'
[1.401s] Level 1:colcon.colcon_core.package_identification:_identify(src/moveit2/moveit_ros) by extensions ['colcon_pkg']
[1.401s] Level 1:colcon.colcon_core.package_identification:_identify(src/moveit2/moveit_ros) by extension 'colcon_pkg'
[1.401s] Level 1:colcon.colcon_core.package_identification:_identify(src/moveit2/moveit_ros) by extensions ['colcon_meta']
[1.401s] Level 1:colcon.colcon_core.package_identification:_identify(src/moveit2/moveit_ros) by extension 'colcon_meta'
[1.401s] Level 1:colcon.colcon_core.package_identification:_identify(src/moveit2/moveit_ros) by extensions ['ros']
[1.401s] Level 1:colcon.colcon_core.package_identification:_identify(src/moveit2/moveit_ros) by extension 'ros'
[1.402s] Level 1:colcon.colcon_core.package_identification:_identify(src/moveit2/moveit_ros) by extensions ['cmake', 'python']
[1.402s] Level 1:colcon.colcon_core.package_identification:_identify(src/moveit2/moveit_ros) by extension 'cmake'
[1.402s] Level 1:colcon.colcon_core.package_identification:_identify(src/moveit2/moveit_ros) by extension 'python'
[1.402s] Level 1:colcon.colcon_core.package_identification:_identify(src/moveit2/moveit_ros) by extensions ['python_setup_py']
[1.403s] Level 1:colcon.colcon_core.package_identification:_identify(src/moveit2/moveit_ros) by extension 'python_setup_py'
[1.403s] Level 1:colcon.colcon_core.package_identification:_identify(src/moveit2/moveit_ros/benchmarks) by extensions ['ignore', 'ignore_ament_install']
[1.403s] Level 1:colcon.colcon_core.package_identification:_identify(src/moveit2/moveit_ros/benchmarks) by extension 'ignore'
[1.404s] Level 1:colcon.colcon_core.package_identification:_identify(src/moveit2/moveit_ros/benchmarks) by extension 'ignore_ament_install'
[1.404s] Level 1:colcon.colcon_core.package_identification:_identify(src/moveit2/moveit_ros/benchmarks) by extensions ['colcon_pkg']
[1.404s] Level 1:colcon.colcon_core.package_identification:_identify(src/moveit2/moveit_ros/benchmarks) by extension 'colcon_pkg'
[1.404s] Level 1:colcon.colcon_core.package_identification:_identify(src/moveit2/moveit_ros/benchmarks) by extensions ['colcon_meta']
[1.404s] Level 1:colcon.colcon_core.package_identification:_identify(src/moveit2/moveit_ros/benchmarks) by extension 'colcon_meta'
[1.404s] Level 1:colcon.colcon_core.package_identification:_identify(src/moveit2/moveit_ros/benchmarks) by extensions ['ros']
[1.404s] Level 1:colcon.colcon_core.package_identification:_identify(src/moveit2/moveit_ros/benchmarks) by extension 'ros'
[1.406s] DEBUG:colcon.colcon_core.package_identification:Package 'src/moveit2/moveit_ros/benchmarks' with type 'ros.ament_cmake' and name 'moveit_ros_benchmarks'
[1.406s] Level 1:colcon.colcon_core.package_identification:_identify(src/moveit2/moveit_ros/hybrid_planning) by extensions ['ignore', 'ignore_ament_install']
[1.406s] Level 1:colcon.colcon_core.package_identification:_identify(src/moveit2/moveit_ros/hybrid_planning) by extension 'ignore'
[1.406s] Level 1:colcon.colcon_core.package_identification:_identify(src/moveit2/moveit_ros/hybrid_planning) by extension 'ignore_ament_install'
[1.407s] Level 1:colcon.colcon_core.package_identification:_identify(src/moveit2/moveit_ros/hybrid_planning) by extensions ['colcon_pkg']
[1.407s] Level 1:colcon.colcon_core.package_identification:_identify(src/moveit2/moveit_ros/hybrid_planning) by extension 'colcon_pkg'
[1.407s] Level 1:colcon.colcon_core.package_identification:_identify(src/moveit2/moveit_ros/hybrid_planning) by extensions ['colcon_meta']
[1.407s] Level 1:colcon.colcon_core.package_identification:_identify(src/moveit2/moveit_ros/hybrid_planning) by extension 'colcon_meta'
[1.407s] Level 1:colcon.colcon_core.package_identification:_identify(src/moveit2/moveit_ros/hybrid_planning) by extensions ['ros']
[1.407s] Level 1:colcon.colcon_core.package_identification:_identify(src/moveit2/moveit_ros/hybrid_planning) by extension 'ros'
[1.410s] DEBUG:colcon.colcon_core.package_identification:Package 'src/moveit2/moveit_ros/hybrid_planning' with type 'ros.ament_cmake' and name 'moveit_hybrid_planning'
[1.410s] Level 1:colcon.colcon_core.package_identification:_identify(src/moveit2/moveit_ros/move_group) by extensions ['ignore', 'ignore_ament_install']
[1.411s] Level 1:colcon.colcon_core.package_identification:_identify(src/moveit2/moveit_ros/move_group) by extension 'ignore'
[1.411s] Level 1:colcon.colcon_core.package_identification:_identify(src/moveit2/moveit_ros/move_group) by extension 'ignore_ament_install'
[1.411s] Level 1:colcon.colcon_core.package_identification:_identify(src/moveit2/moveit_ros/move_group) by extensions ['colcon_pkg']
[1.411s] Level 1:colcon.colcon_core.package_identification:_identify(src/moveit2/moveit_ros/move_group) by extension 'colcon_pkg'
[1.411s] Level 1:colcon.colcon_core.package_identification:_identify(src/moveit2/moveit_ros/move_group) by extensions ['colcon_meta']
[1.411s] Level 1:colcon.colcon_core.package_identification:_identify(src/moveit2/moveit_ros/move_group) by extension 'colcon_meta'
[1.411s] Level 1:colcon.colcon_core.package_identification:_identify(src/moveit2/moveit_ros/move_group) by extensions ['ros']
[1.411s] Level 1:colcon.colcon_core.package_identification:_identify(src/moveit2/moveit_ros/move_group) by extension 'ros'
[1.416s] DEBUG:colcon.colcon_core.package_identification:Package 'src/moveit2/moveit_ros/move_group' with type 'ros.ament_cmake' and name 'moveit_ros_move_group'
[1.417s] Level 1:colcon.colcon_core.package_identification:_identify(src/moveit2/moveit_ros/moveit_ros) by extensions ['ignore', 'ignore_ament_install']
[1.418s] Level 1:colcon.colcon_core.package_identification:_identify(src/moveit2/moveit_ros/moveit_ros) by extension 'ignore'
[1.418s] Level 1:colcon.colcon_core.package_identification:_identify(src/moveit2/moveit_ros/moveit_ros) by extension 'ignore_ament_install'
[1.418s] Level 1:colcon.colcon_core.package_identification:_identify(src/moveit2/moveit_ros/moveit_ros) by extensions ['colcon_pkg']
[1.418s] Level 1:colcon.colcon_core.package_identification:_identify(src/moveit2/moveit_ros/moveit_ros) by extension 'colcon_pkg'
[1.418s] Level 1:colcon.colcon_core.package_identification:_identify(src/moveit2/moveit_ros/moveit_ros) by extensions ['colcon_meta']
[1.419s] Level 1:colcon.colcon_core.package_identification:_identify(src/moveit2/moveit_ros/moveit_ros) by extension 'colcon_meta'
[1.419s] Level 1:colcon.colcon_core.package_identification:_identify(src/moveit2/moveit_ros/moveit_ros) by extensions ['ros']
[1.420s] Level 1:colcon.colcon_core.package_identification:_identify(src/moveit2/moveit_ros/moveit_ros) by extension 'ros'
[1.422s] DEBUG:colcon.colcon_core.package_identification:Package 'src/moveit2/moveit_ros/moveit_ros' with type 'ros.ament_cmake' and name 'moveit_ros'
[1.423s] Level 1:colcon.colcon_core.package_identification:_identify(src/moveit2/moveit_ros/moveit_servo) by extensions ['ignore', 'ignore_ament_install']
[1.423s] Level 1:colcon.colcon_core.package_identification:_identify(src/moveit2/moveit_ros/moveit_servo) by extension 'ignore'
[1.423s] Level 1:colcon.colcon_core.package_identification:_identify(src/moveit2/moveit_ros/moveit_servo) by extension 'ignore_ament_install'
[1.423s] Level 1:colcon.colcon_core.package_identification:_identify(src/moveit2/moveit_ros/moveit_servo) by extensions ['colcon_pkg']
[1.424s] Level 1:colcon.colcon_core.package_identification:_identify(src/moveit2/moveit_ros/moveit_servo) by extension 'colcon_pkg'
[1.424s] Level 1:colcon.colcon_core.package_identification:_identify(src/moveit2/moveit_ros/moveit_servo) by extensions ['colcon_meta']
[1.424s] Level 1:colcon.colcon_core.package_identification:_identify(src/moveit2/moveit_ros/moveit_servo) by extension 'colcon_meta'
[1.424s] Level 1:colcon.colcon_core.package_identification:_identify(src/moveit2/moveit_ros/moveit_servo) by extensions ['ros']
[1.424s] Level 1:colcon.colcon_core.package_identification:_identify(src/moveit2/moveit_ros/moveit_servo) by extension 'ros'
[1.428s] DEBUG:colcon.colcon_core.package_identification:Package 'src/moveit2/moveit_ros/moveit_servo' with type 'ros.ament_cmake' and name 'moveit_servo'
[1.428s] Level 1:colcon.colcon_core.package_identification:_identify(src/moveit2/moveit_ros/occupancy_map_monitor) by extensions ['ignore', 'ignore_ament_install']
[1.429s] Level 1:colcon.colcon_core.package_identification:_identify(src/moveit2/moveit_ros/occupancy_map_monitor) by extension 'ignore'
[1.429s] Level 1:colcon.colcon_core.package_identification:_identify(src/moveit2/moveit_ros/occupancy_map_monitor) by extension 'ignore_ament_install'
[1.429s] Level 1:colcon.colcon_core.package_identification:_identify(src/moveit2/moveit_ros/occupancy_map_monitor) by extensions ['colcon_pkg']
[1.429s] Level 1:colcon.colcon_core.package_identification:_identify(src/moveit2/moveit_ros/occupancy_map_monitor) by extension 'colcon_pkg'
[1.429s] Level 1:colcon.colcon_core.package_identification:_identify(src/moveit2/moveit_ros/occupancy_map_monitor) by extensions ['colcon_meta']
[1.429s] Level 1:colcon.colcon_core.package_identification:_identify(src/moveit2/moveit_ros/occupancy_map_monitor) by extension 'colcon_meta'
[1.429s] Level 1:colcon.colcon_core.package_identification:_identify(src/moveit2/moveit_ros/occupancy_map_monitor) by extensions ['ros']
[1.430s] Level 1:colcon.colcon_core.package_identification:_identify(src/moveit2/moveit_ros/occupancy_map_monitor) by extension 'ros'
[1.432s] DEBUG:colcon.colcon_core.package_identification:Package 'src/moveit2/moveit_ros/occupancy_map_monitor' with type 'ros.ament_cmake' and name 'moveit_ros_occupancy_map_monitor'
[1.433s] Level 1:colcon.colcon_core.package_identification:_identify(src/moveit2/moveit_ros/perception) by extensions ['ignore', 'ignore_ament_install']
[1.433s] Level 1:colcon.colcon_core.package_identification:_identify(src/moveit2/moveit_ros/perception) by extension 'ignore'
[1.433s] Level 1:colcon.colcon_core.package_identification:_identify(src/moveit2/moveit_ros/perception) by extension 'ignore_ament_install'
[1.433s] Level 1:colcon.colcon_core.package_identification:_identify(src/moveit2/moveit_ros/perception) by extensions ['colcon_pkg']
[1.433s] Level 1:colcon.colcon_core.package_identification:_identify(src/moveit2/moveit_ros/perception) by extension 'colcon_pkg'
[1.433s] Level 1:colcon.colcon_core.package_identification:_identify(src/moveit2/moveit_ros/perception) by extensions ['colcon_meta']
[1.433s] Level 1:colcon.colcon_core.package_identification:_identify(src/moveit2/moveit_ros/perception) by extension 'colcon_meta'
[1.433s] Level 1:colcon.colcon_core.package_identification:_identify(src/moveit2/moveit_ros/perception) by extensions ['ros']
[1.433s] Level 1:colcon.colcon_core.package_identification:_identify(src/moveit2/moveit_ros/perception) by extension 'ros'
[1.438s] DEBUG:colcon.colcon_core.package_identification:Package 'src/moveit2/moveit_ros/perception' with type 'ros.ament_cmake' and name 'moveit_ros_perception'
[1.439s] Level 1:colcon.colcon_core.package_identification:_identify(src/moveit2/moveit_ros/planning) by extensions ['ignore', 'ignore_ament_install']
[1.439s] Level 1:colcon.colcon_core.package_identification:_identify(src/moveit2/moveit_ros/planning) by extension 'ignore'
[1.439s] Level 1:colcon.colcon_core.package_identification:_identify(src/moveit2/moveit_ros/planning) by extension 'ignore_ament_install'
[1.439s] Level 1:colcon.colcon_core.package_identification:_identify(src/moveit2/moveit_ros/planning) by extensions ['colcon_pkg']
[1.439s] Level 1:colcon.colcon_core.package_identification:_identify(src/moveit2/moveit_ros/planning) by extension 'colcon_pkg'
[1.440s] Level 1:colcon.colcon_core.package_identification:_identify(src/moveit2/moveit_ros/planning) by extensions ['colcon_meta']
[1.440s] Level 1:colcon.colcon_core.package_identification:_identify(src/moveit2/moveit_ros/planning) by extension 'colcon_meta'
[1.440s] Level 1:colcon.colcon_core.package_identification:_identify(src/moveit2/moveit_ros/planning) by extensions ['ros']
[1.440s] Level 1:colcon.colcon_core.package_identification:_identify(src/moveit2/moveit_ros/planning) by extension 'ros'
[1.444s] DEBUG:colcon.colcon_core.package_identification:Package 'src/moveit2/moveit_ros/planning' with type 'ros.ament_cmake' and name 'moveit_ros_planning'
[1.444s] Level 1:colcon.colcon_core.package_identification:_identify(src/moveit2/moveit_ros/planning_interface) by extensions ['ignore', 'ignore_ament_install']
[1.444s] Level 1:colcon.colcon_core.package_identification:_identify(src/moveit2/moveit_ros/planning_interface) by extension 'ignore'
[1.445s] Level 1:colcon.colcon_core.package_identification:_identify(src/moveit2/moveit_ros/planning_interface) by extension 'ignore_ament_install'
[1.445s] Level 1:colcon.colcon_core.package_identification:_identify(src/moveit2/moveit_ros/planning_interface) by extensions ['colcon_pkg']
[1.445s] Level 1:colcon.colcon_core.package_identification:_identify(src/moveit2/moveit_ros/planning_interface) by extension 'colcon_pkg'
[1.445s] Level 1:colcon.colcon_core.package_identification:_identify(src/moveit2/moveit_ros/planning_interface) by extensions ['colcon_meta']
[1.445s] Level 1:colcon.colcon_core.package_identification:_identify(src/moveit2/moveit_ros/planning_interface) by extension 'colcon_meta'
[1.445s] Level 1:colcon.colcon_core.package_identification:_identify(src/moveit2/moveit_ros/planning_interface) by extensions ['ros']
[1.445s] Level 1:colcon.colcon_core.package_identification:_identify(src/moveit2/moveit_ros/planning_interface) by extension 'ros'
[1.447s] DEBUG:colcon.colcon_core.package_identification:Package 'src/moveit2/moveit_ros/planning_interface' with type 'ros.ament_cmake' and name 'moveit_ros_planning_interface'
[1.447s] Level 1:colcon.colcon_core.package_identification:_identify(src/moveit2/moveit_ros/robot_interaction) by extensions ['ignore', 'ignore_ament_install']
[1.447s] Level 1:colcon.colcon_core.package_identification:_identify(src/moveit2/moveit_ros/robot_interaction) by extension 'ignore'
[1.447s] Level 1:colcon.colcon_core.package_identification:_identify(src/moveit2/moveit_ros/robot_interaction) by extension 'ignore_ament_install'
[1.447s] Level 1:colcon.colcon_core.package_identification:_identify(src/moveit2/moveit_ros/robot_interaction) by extensions ['colcon_pkg']
[1.447s] Level 1:colcon.colcon_core.package_identification:_identify(src/moveit2/moveit_ros/robot_interaction) by extension 'colcon_pkg'
[1.448s] Level 1:colcon.colcon_core.package_identification:_identify(src/moveit2/moveit_ros/robot_interaction) by extensions ['colcon_meta']
[1.448s] Level 1:colcon.colcon_core.package_identification:_identify(src/moveit2/moveit_ros/robot_interaction) by extension 'colcon_meta'
[1.448s] Level 1:colcon.colcon_core.package_identification:_identify(src/moveit2/moveit_ros/robot_interaction) by extensions ['ros']
[1.448s] Level 1:colcon.colcon_core.package_identification:_identify(src/moveit2/moveit_ros/robot_interaction) by extension 'ros'
[1.451s] DEBUG:colcon.colcon_core.package_identification:Package 'src/moveit2/moveit_ros/robot_interaction' with type 'ros.ament_cmake' and name 'moveit_ros_robot_interaction'
[1.452s] Level 1:colcon.colcon_core.package_identification:_identify(src/moveit2/moveit_ros/visualization) by extensions ['ignore', 'ignore_ament_install']
[1.452s] Level 1:colcon.colcon_core.package_identification:_identify(src/moveit2/moveit_ros/visualization) by extension 'ignore'
[1.452s] Level 1:colcon.colcon_core.package_identification:_identify(src/moveit2/moveit_ros/visualization) by extension 'ignore_ament_install'
[1.452s] Level 1:colcon.colcon_core.package_identification:_identify(src/moveit2/moveit_ros/visualization) by extensions ['colcon_pkg']
[1.452s] Level 1:colcon.colcon_core.package_identification:_identify(src/moveit2/moveit_ros/visualization) by extension 'colcon_pkg'
[1.452s] Level 1:colcon.colcon_core.package_identification:_identify(src/moveit2/moveit_ros/visualization) by extensions ['colcon_meta']
[1.452s] Level 1:colcon.colcon_core.package_identification:_identify(src/moveit2/moveit_ros/visualization) by extension 'colcon_meta'
[1.452s] Level 1:colcon.colcon_core.package_identification:_identify(src/moveit2/moveit_ros/visualization) by extensions ['ros']
[1.452s] Level 1:colcon.colcon_core.package_identification:_identify(src/moveit2/moveit_ros/visualization) by extension 'ros'
[1.455s] DEBUG:colcon.colcon_core.package_identification:Package 'src/moveit2/moveit_ros/visualization' with type 'ros.ament_cmake' and name 'moveit_ros_visualization'
[1.456s] Level 1:colcon.colcon_core.package_identification:_identify(src/moveit2/moveit_ros/warehouse) by extensions ['ignore', 'ignore_ament_install']
[1.456s] Level 1:colcon.colcon_core.package_identification:_identify(src/moveit2/moveit_ros/warehouse) by extension 'ignore'
[1.456s] Level 1:colcon.colcon_core.package_identification:_identify(src/moveit2/moveit_ros/warehouse) by extension 'ignore_ament_install'
[1.456s] Level 1:colcon.colcon_core.package_identification:_identify(src/moveit2/moveit_ros/warehouse) by extensions ['colcon_pkg']
[1.456s] Level 1:colcon.colcon_core.package_identification:_identify(src/moveit2/moveit_ros/warehouse) by extension 'colcon_pkg'
[1.456s] Level 1:colcon.colcon_core.package_identification:_identify(src/moveit2/moveit_ros/warehouse) by extensions ['colcon_meta']
[1.456s] Level 1:colcon.colcon_core.package_identification:_identify(src/moveit2/moveit_ros/warehouse) by extension 'colcon_meta'
[1.456s] Level 1:colcon.colcon_core.package_identification:_identify(src/moveit2/moveit_ros/warehouse) by extensions ['ros']
[1.456s] Level 1:colcon.colcon_core.package_identification:_identify(src/moveit2/moveit_ros/warehouse) by extension 'ros'
[1.457s] DEBUG:colcon.colcon_core.package_identification:Package 'src/moveit2/moveit_ros/warehouse' with type 'ros.ament_cmake' and name 'moveit_ros_warehouse'
[1.457s] Level 1:colcon.colcon_core.package_identification:_identify(src/moveit2/moveit_runtime) by extensions ['ignore', 'ignore_ament_install']
[1.457s] Level 1:colcon.colcon_core.package_identification:_identify(src/moveit2/moveit_runtime) by extension 'ignore'
[1.458s] Level 1:colcon.colcon_core.package_identification:_identify(src/moveit2/moveit_runtime) by extension 'ignore_ament_install'
[1.458s] Level 1:colcon.colcon_core.package_identification:_identify(src/moveit2/moveit_runtime) by extensions ['colcon_pkg']
[1.458s] Level 1:colcon.colcon_core.package_identification:_identify(src/moveit2/moveit_runtime) by extension 'colcon_pkg'
[1.458s] Level 1:colcon.colcon_core.package_identification:_identify(src/moveit2/moveit_runtime) by extensions ['colcon_meta']
[1.458s] Level 1:colcon.colcon_core.package_identification:_identify(src/moveit2/moveit_runtime) by extension 'colcon_meta'
[1.458s] Level 1:colcon.colcon_core.package_identification:_identify(src/moveit2/moveit_runtime) by extensions ['ros']
[1.458s] Level 1:colcon.colcon_core.package_identification:_identify(src/moveit2/moveit_runtime) by extension 'ros'
[1.458s] DEBUG:colcon.colcon_core.package_identification:Package 'src/moveit2/moveit_runtime' with type 'ros.ament_cmake' and name 'moveit_runtime'
[1.459s] Level 1:colcon.colcon_core.package_identification:_identify(src/moveit2/moveit_setup_assistant) by extensions ['ignore', 'ignore_ament_install']
[1.459s] Level 1:colcon.colcon_core.package_identification:_identify(src/moveit2/moveit_setup_assistant) by extension 'ignore'
[1.459s] Level 1:colcon.colcon_core.package_identification:_identify(src/moveit2/moveit_setup_assistant) by extension 'ignore_ament_install'
[1.459s] Level 1:colcon.colcon_core.package_identification:_identify(src/moveit2/moveit_setup_assistant) by extensions ['colcon_pkg']
[1.459s] Level 1:colcon.colcon_core.package_identification:_identify(src/moveit2/moveit_setup_assistant) by extension 'colcon_pkg'
[1.459s] Level 1:colcon.colcon_core.package_identification:_identify(src/moveit2/moveit_setup_assistant) by extensions ['colcon_meta']
[1.459s] Level 1:colcon.colcon_core.package_identification:_identify(src/moveit2/moveit_setup_assistant) by extension 'colcon_meta'
[1.459s] Level 1:colcon.colcon_core.package_identification:_identify(src/moveit2/moveit_setup_assistant) by extensions ['ros']
[1.459s] Level 1:colcon.colcon_core.package_identification:_identify(src/moveit2/moveit_setup_assistant) by extension 'ros'
[1.459s] Level 1:colcon.colcon_core.package_identification:_identify(src/moveit2/moveit_setup_assistant) by extensions ['cmake', 'python']
[1.459s] Level 1:colcon.colcon_core.package_identification:_identify(src/moveit2/moveit_setup_assistant) by extension 'cmake'
[1.459s] Level 1:colcon.colcon_core.package_identification:_identify(src/moveit2/moveit_setup_assistant) by extension 'python'
[1.459s] Level 1:colcon.colcon_core.package_identification:_identify(src/moveit2/moveit_setup_assistant) by extensions ['python_setup_py']
[1.459s] Level 1:colcon.colcon_core.package_identification:_identify(src/moveit2/moveit_setup_assistant) by extension 'python_setup_py'
[1.460s] Level 1:colcon.colcon_core.package_identification:_identify(src/moveit2/moveit_setup_assistant/graphics) by extensions ['ignore', 'ignore_ament_install']
[1.460s] Level 1:colcon.colcon_core.package_identification:_identify(src/moveit2/moveit_setup_assistant/graphics) by extension 'ignore'
[1.460s] Level 1:colcon.colcon_core.package_identification:_identify(src/moveit2/moveit_setup_assistant/graphics) by extension 'ignore_ament_install'
[1.460s] Level 1:colcon.colcon_core.package_identification:_identify(src/moveit2/moveit_setup_assistant/graphics) by extensions ['colcon_pkg']
[1.460s] Level 1:colcon.colcon_core.package_identification:_identify(src/moveit2/moveit_setup_assistant/graphics) by extension 'colcon_pkg'
[1.460s] Level 1:colcon.colcon_core.package_identification:_identify(src/moveit2/moveit_setup_assistant/graphics) by extensions ['colcon_meta']
[1.460s] Level 1:colcon.colcon_core.package_identification:_identify(src/moveit2/moveit_setup_assistant/graphics) by extension 'colcon_meta'
[1.460s] Level 1:colcon.colcon_core.package_identification:_identify(src/moveit2/moveit_setup_assistant/graphics) by extensions ['ros']
[1.460s] Level 1:colcon.colcon_core.package_identification:_identify(src/moveit2/moveit_setup_assistant/graphics) by extension 'ros'
[1.460s] Level 1:colcon.colcon_core.package_identification:_identify(src/moveit2/moveit_setup_assistant/graphics) by extensions ['cmake', 'python']
[1.460s] Level 1:colcon.colcon_core.package_identification:_identify(src/moveit2/moveit_setup_assistant/graphics) by extension 'cmake'
[1.460s] Level 1:colcon.colcon_core.package_identification:_identify(src/moveit2/moveit_setup_assistant/graphics) by extension 'python'
[1.460s] Level 1:colcon.colcon_core.package_identification:_identify(src/moveit2/moveit_setup_assistant/graphics) by extensions ['python_setup_py']
[1.460s] Level 1:colcon.colcon_core.package_identification:_identify(src/moveit2/moveit_setup_assistant/graphics) by extension 'python_setup_py'
[1.460s] Level 1:colcon.colcon_core.package_identification:_identify(src/moveit2/moveit_setup_assistant/graphics/source) by extensions ['ignore', 'ignore_ament_install']
[1.460s] Level 1:colcon.colcon_core.package_identification:_identify(src/moveit2/moveit_setup_assistant/graphics/source) by extension 'ignore'
[1.460s] Level 1:colcon.colcon_core.package_identification:_identify(src/moveit2/moveit_setup_assistant/graphics/source) by extension 'ignore_ament_install'
[1.460s] Level 1:colcon.colcon_core.package_identification:_identify(src/moveit2/moveit_setup_assistant/graphics/source) by extensions ['colcon_pkg']
[1.460s] Level 1:colcon.colcon_core.package_identification:_identify(src/moveit2/moveit_setup_assistant/graphics/source) by extension 'colcon_pkg'
[1.460s] Level 1:colcon.colcon_core.package_identification:_identify(src/moveit2/moveit_setup_assistant/graphics/source) by extensions ['colcon_meta']
[1.461s] Level 1:colcon.colcon_core.package_identification:_identify(src/moveit2/moveit_setup_assistant/graphics/source) by extension 'colcon_meta'
[1.461s] Level 1:colcon.colcon_core.package_identification:_identify(src/moveit2/moveit_setup_assistant/graphics/source) by extensions ['ros']
[1.461s] Level 1:colcon.colcon_core.package_identification:_identify(src/moveit2/moveit_setup_assistant/graphics/source) by extension 'ros'
[1.461s] Level 1:colcon.colcon_core.package_identification:_identify(src/moveit2/moveit_setup_assistant/graphics/source) by extensions ['cmake', 'python']
[1.461s] Level 1:colcon.colcon_core.package_identification:_identify(src/moveit2/moveit_setup_assistant/graphics/source) by extension 'cmake'
[1.461s] Level 1:colcon.colcon_core.package_identification:_identify(src/moveit2/moveit_setup_assistant/graphics/source) by extension 'python'
[1.461s] Level 1:colcon.colcon_core.package_identification:_identify(src/moveit2/moveit_setup_assistant/graphics/source) by extensions ['python_setup_py']
[1.461s] Level 1:colcon.colcon_core.package_identification:_identify(src/moveit2/moveit_setup_assistant/graphics/source) by extension 'python_setup_py'
[1.461s] Level 1:colcon.colcon_core.package_identification:_identify(src/moveit2/moveit_setup_assistant/moveit_setup_app_plugins) by extensions ['ignore', 'ignore_ament_install']
[1.461s] Level 1:colcon.colcon_core.package_identification:_identify(src/moveit2/moveit_setup_assistant/moveit_setup_app_plugins) by extension 'ignore'
[1.461s] Level 1:colcon.colcon_core.package_identification:_identify(src/moveit2/moveit_setup_assistant/moveit_setup_app_plugins) by extension 'ignore_ament_install'
[1.461s] Level 1:colcon.colcon_core.package_identification:_identify(src/moveit2/moveit_setup_assistant/moveit_setup_app_plugins) by extensions ['colcon_pkg']
[1.461s] Level 1:colcon.colcon_core.package_identification:_identify(src/moveit2/moveit_setup_assistant/moveit_setup_app_plugins) by extension 'colcon_pkg'
[1.461s] Level 1:colcon.colcon_core.package_identification:_identify(src/moveit2/moveit_setup_assistant/moveit_setup_app_plugins) by extensions ['colcon_meta']
[1.461s] Level 1:colcon.colcon_core.package_identification:_identify(src/moveit2/moveit_setup_assistant/moveit_setup_app_plugins) by extension 'colcon_meta'
[1.461s] Level 1:colcon.colcon_core.package_identification:_identify(src/moveit2/moveit_setup_assistant/moveit_setup_app_plugins) by extensions ['ros']
[1.461s] Level 1:colcon.colcon_core.package_identification:_identify(src/moveit2/moveit_setup_assistant/moveit_setup_app_plugins) by extension 'ros'
[1.463s] DEBUG:colcon.colcon_core.package_identification:Package 'src/moveit2/moveit_setup_assistant/moveit_setup_app_plugins' with type 'ros.ament_cmake' and name 'moveit_setup_app_plugins'
[1.463s] Level 1:colcon.colcon_core.package_identification:_identify(src/moveit2/moveit_setup_assistant/moveit_setup_assistant) by extensions ['ignore', 'ignore_ament_install']
[1.463s] Level 1:colcon.colcon_core.package_identification:_identify(src/moveit2/moveit_setup_assistant/moveit_setup_assistant) by extension 'ignore'
[1.463s] Level 1:colcon.colcon_core.package_identification:_identify(src/moveit2/moveit_setup_assistant/moveit_setup_assistant) by extension 'ignore_ament_install'
[1.463s] Level 1:colcon.colcon_core.package_identification:_identify(src/moveit2/moveit_setup_assistant/moveit_setup_assistant) by extensions ['colcon_pkg']
[1.463s] Level 1:colcon.colcon_core.package_identification:_identify(src/moveit2/moveit_setup_assistant/moveit_setup_assistant) by extension 'colcon_pkg'
[1.463s] Level 1:colcon.colcon_core.package_identification:_identify(src/moveit2/moveit_setup_assistant/moveit_setup_assistant) by extensions ['colcon_meta']
[1.463s] Level 1:colcon.colcon_core.package_identification:_identify(src/moveit2/moveit_setup_assistant/moveit_setup_assistant) by extension 'colcon_meta'
[1.463s] Level 1:colcon.colcon_core.package_identification:_identify(src/moveit2/moveit_setup_assistant/moveit_setup_assistant) by extensions ['ros']
[1.463s] Level 1:colcon.colcon_core.package_identification:_identify(src/moveit2/moveit_setup_assistant/moveit_setup_assistant) by extension 'ros'
[1.465s] DEBUG:colcon.colcon_core.package_identification:Package 'src/moveit2/moveit_setup_assistant/moveit_setup_assistant' with type 'ros.ament_cmake' and name 'moveit_setup_assistant'
[1.466s] Level 1:colcon.colcon_core.package_identification:_identify(src/moveit2/moveit_setup_assistant/moveit_setup_controllers) by extensions ['ignore', 'ignore_ament_install']
[1.467s] Level 1:colcon.colcon_core.package_identification:_identify(src/moveit2/moveit_setup_assistant/moveit_setup_controllers) by extension 'ignore'
[1.467s] Level 1:colcon.colcon_core.package_identification:_identify(src/moveit2/moveit_setup_assistant/moveit_setup_controllers) by extension 'ignore_ament_install'
[1.468s] Level 1:colcon.colcon_core.package_identification:_identify(src/moveit2/moveit_setup_assistant/moveit_setup_controllers) by extensions ['colcon_pkg']
[1.468s] Level 1:colcon.colcon_core.package_identification:_identify(src/moveit2/moveit_setup_assistant/moveit_setup_controllers) by extension 'colcon_pkg'
[1.468s] Level 1:colcon.colcon_core.package_identification:_identify(src/moveit2/moveit_setup_assistant/moveit_setup_controllers) by extensions ['colcon_meta']
[1.468s] Level 1:colcon.colcon_core.package_identification:_identify(src/moveit2/moveit_setup_assistant/moveit_setup_controllers) by extension 'colcon_meta'
[1.468s] Level 1:colcon.colcon_core.package_identification:_identify(src/moveit2/moveit_setup_assistant/moveit_setup_controllers) by extensions ['ros']
[1.468s] Level 1:colcon.colcon_core.package_identification:_identify(src/moveit2/moveit_setup_assistant/moveit_setup_controllers) by extension 'ros'
[1.469s] DEBUG:colcon.colcon_core.package_identification:Package 'src/moveit2/moveit_setup_assistant/moveit_setup_controllers' with type 'ros.ament_cmake' and name 'moveit_setup_controllers'
[1.469s] Level 1:colcon.colcon_core.package_identification:_identify(src/moveit2/moveit_setup_assistant/moveit_setup_core_plugins) by extensions ['ignore', 'ignore_ament_install']
[1.470s] Level 1:colcon.colcon_core.package_identification:_identify(src/moveit2/moveit_setup_assistant/moveit_setup_core_plugins) by extension 'ignore'
[1.470s] Level 1:colcon.colcon_core.package_identification:_identify(src/moveit2/moveit_setup_assistant/moveit_setup_core_plugins) by extension 'ignore_ament_install'
[1.470s] Level 1:colcon.colcon_core.package_identification:_identify(src/moveit2/moveit_setup_assistant/moveit_setup_core_plugins) by extensions ['colcon_pkg']
[1.470s] Level 1:colcon.colcon_core.package_identification:_identify(src/moveit2/moveit_setup_assistant/moveit_setup_core_plugins) by extension 'colcon_pkg'
[1.470s] Level 1:colcon.colcon_core.package_identification:_identify(src/moveit2/moveit_setup_assistant/moveit_setup_core_plugins) by extensions ['colcon_meta']
[1.470s] Level 1:colcon.colcon_core.package_identification:_identify(src/moveit2/moveit_setup_assistant/moveit_setup_core_plugins) by extension 'colcon_meta'
[1.470s] Level 1:colcon.colcon_core.package_identification:_identify(src/moveit2/moveit_setup_assistant/moveit_setup_core_plugins) by extensions ['ros']
[1.470s] Level 1:colcon.colcon_core.package_identification:_identify(src/moveit2/moveit_setup_assistant/moveit_setup_core_plugins) by extension 'ros'
[1.472s] DEBUG:colcon.colcon_core.package_identification:Package 'src/moveit2/moveit_setup_assistant/moveit_setup_core_plugins' with type 'ros.ament_cmake' and name 'moveit_setup_core_plugins'
[1.472s] Level 1:colcon.colcon_core.package_identification:_identify(src/moveit2/moveit_setup_assistant/moveit_setup_framework) by extensions ['ignore', 'ignore_ament_install']
[1.473s] Level 1:colcon.colcon_core.package_identification:_identify(src/moveit2/moveit_setup_assistant/moveit_setup_framework) by extension 'ignore'
[1.473s] Level 1:colcon.colcon_core.package_identification:_identify(src/moveit2/moveit_setup_assistant/moveit_setup_framework) by extension 'ignore_ament_install'
[1.473s] Level 1:colcon.colcon_core.package_identification:_identify(src/moveit2/moveit_setup_assistant/moveit_setup_framework) by extensions ['colcon_pkg']
[1.473s] Level 1:colcon.colcon_core.package_identification:_identify(src/moveit2/moveit_setup_assistant/moveit_setup_framework) by extension 'colcon_pkg'
[1.473s] Level 1:colcon.colcon_core.package_identification:_identify(src/moveit2/moveit_setup_assistant/moveit_setup_framework) by extensions ['colcon_meta']
[1.474s] Level 1:colcon.colcon_core.package_identification:_identify(src/moveit2/moveit_setup_assistant/moveit_setup_framework) by extension 'colcon_meta'
[1.474s] Level 1:colcon.colcon_core.package_identification:_identify(src/moveit2/moveit_setup_assistant/moveit_setup_framework) by extensions ['ros']
[1.474s] Level 1:colcon.colcon_core.package_identification:_identify(src/moveit2/moveit_setup_assistant/moveit_setup_framework) by extension 'ros'
[1.476s] DEBUG:colcon.colcon_core.package_identification:Package 'src/moveit2/moveit_setup_assistant/moveit_setup_framework' with type 'ros.ament_cmake' and name 'moveit_setup_framework'
[1.477s] Level 1:colcon.colcon_core.package_identification:_identify(src/moveit2/moveit_setup_assistant/moveit_setup_simulation) by extensions ['ignore', 'ignore_ament_install']
[1.477s] Level 1:colcon.colcon_core.package_identification:_identify(src/moveit2/moveit_setup_assistant/moveit_setup_simulation) by extension 'ignore'
[1.477s] Level 1:colcon.colcon_core.package_identification:_identify(src/moveit2/moveit_setup_assistant/moveit_setup_simulation) ignored
[1.477s] Level 1:colcon.colcon_core.package_identification:_identify(src/moveit2/moveit_setup_assistant/moveit_setup_srdf_plugins) by extensions ['ignore', 'ignore_ament_install']
[1.477s] Level 1:colcon.colcon_core.package_identification:_identify(src/moveit2/moveit_setup_assistant/moveit_setup_srdf_plugins) by extension 'ignore'
[1.477s] Level 1:colcon.colcon_core.package_identification:_identify(src/moveit2/moveit_setup_assistant/moveit_setup_srdf_plugins) by extension 'ignore_ament_install'
[1.478s] Level 1:colcon.colcon_core.package_identification:_identify(src/moveit2/moveit_setup_assistant/moveit_setup_srdf_plugins) by extensions ['colcon_pkg']
[1.478s] Level 1:colcon.colcon_core.package_identification:_identify(src/moveit2/moveit_setup_assistant/moveit_setup_srdf_plugins) by extension 'colcon_pkg'
[1.478s] Level 1:colcon.colcon_core.package_identification:_identify(src/moveit2/moveit_setup_assistant/moveit_setup_srdf_plugins) by extensions ['colcon_meta']
[1.478s] Level 1:colcon.colcon_core.package_identification:_identify(src/moveit2/moveit_setup_assistant/moveit_setup_srdf_plugins) by extension 'colcon_meta'
[1.478s] Level 1:colcon.colcon_core.package_identification:_identify(src/moveit2/moveit_setup_assistant/moveit_setup_srdf_plugins) by extensions ['ros']
[1.478s] Level 1:colcon.colcon_core.package_identification:_identify(src/moveit2/moveit_setup_assistant/moveit_setup_srdf_plugins) by extension 'ros'
[1.479s] DEBUG:colcon.colcon_core.package_identification:Package 'src/moveit2/moveit_setup_assistant/moveit_setup_srdf_plugins' with type 'ros.ament_cmake' and name 'moveit_setup_srdf_plugins'
[1.480s] Level 1:colcon.colcon_core.package_identification:_identify(src/moveit2/moveit_setup_assistant/unported_templates) by extensions ['ignore', 'ignore_ament_install']
[1.480s] Level 1:colcon.colcon_core.package_identification:_identify(src/moveit2/moveit_setup_assistant/unported_templates) by extension 'ignore'
[1.480s] Level 1:colcon.colcon_core.package_identification:_identify(src/moveit2/moveit_setup_assistant/unported_templates) by extension 'ignore_ament_install'
[1.480s] Level 1:colcon.colcon_core.package_identification:_identify(src/moveit2/moveit_setup_assistant/unported_templates) by extensions ['colcon_pkg']
[1.480s] Level 1:colcon.colcon_core.package_identification:_identify(src/moveit2/moveit_setup_assistant/unported_templates) by extension 'colcon_pkg'
[1.480s] Level 1:colcon.colcon_core.package_identification:_identify(src/moveit2/moveit_setup_assistant/unported_templates) by extensions ['colcon_meta']
[1.480s] Level 1:colcon.colcon_core.package_identification:_identify(src/moveit2/moveit_setup_assistant/unported_templates) by extension 'colcon_meta'
[1.480s] Level 1:colcon.colcon_core.package_identification:_identify(src/moveit2/moveit_setup_assistant/unported_templates) by extensions ['ros']
[1.480s] Level 1:colcon.colcon_core.package_identification:_identify(src/moveit2/moveit_setup_assistant/unported_templates) by extension 'ros'
[1.480s] Level 1:colcon.colcon_core.package_identification:_identify(src/moveit2/moveit_setup_assistant/unported_templates) by extensions ['cmake', 'python']
[1.480s] Level 1:colcon.colcon_core.package_identification:_identify(src/moveit2/moveit_setup_assistant/unported_templates) by extension 'cmake'
[1.480s] Level 1:colcon.colcon_core.package_identification:_identify(src/moveit2/moveit_setup_assistant/unported_templates) by extension 'python'
[1.480s] Level 1:colcon.colcon_core.package_identification:_identify(src/moveit2/moveit_setup_assistant/unported_templates) by extensions ['python_setup_py']
[1.480s] Level 1:colcon.colcon_core.package_identification:_identify(src/moveit2/moveit_setup_assistant/unported_templates) by extension 'python_setup_py'
[1.480s] Level 1:colcon.colcon_core.package_identification:_identify(src/moveit2_tutorials) by extensions ['ignore', 'ignore_ament_install']
[1.480s] Level 1:colcon.colcon_core.package_identification:_identify(src/moveit2_tutorials) by extension 'ignore'
[1.481s] Level 1:colcon.colcon_core.package_identification:_identify(src/moveit2_tutorials) by extension 'ignore_ament_install'
[1.481s] Level 1:colcon.colcon_core.package_identification:_identify(src/moveit2_tutorials) by extensions ['colcon_pkg']
[1.481s] Level 1:colcon.colcon_core.package_identification:_identify(src/moveit2_tutorials) by extension 'colcon_pkg'
[1.481s] Level 1:colcon.colcon_core.package_identification:_identify(src/moveit2_tutorials) by extensions ['colcon_meta']
[1.481s] Level 1:colcon.colcon_core.package_identification:_identify(src/moveit2_tutorials) by extension 'colcon_meta'
[1.481s] Level 1:colcon.colcon_core.package_identification:_identify(src/moveit2_tutorials) by extensions ['ros']
[1.481s] Level 1:colcon.colcon_core.package_identification:_identify(src/moveit2_tutorials) by extension 'ros'
[1.486s] DEBUG:colcon.colcon_core.package_identification:Package 'src/moveit2_tutorials' with type 'ros.ament_cmake' and name 'moveit2_tutorials'
[1.486s] Level 1:colcon.colcon_core.package_identification:_identify(src/moveit_resources) by extensions ['ignore', 'ignore_ament_install']
[1.486s] Level 1:colcon.colcon_core.package_identification:_identify(src/moveit_resources) by extension 'ignore'
[1.486s] Level 1:colcon.colcon_core.package_identification:_identify(src/moveit_resources) by extension 'ignore_ament_install'
[1.486s] Level 1:colcon.colcon_core.package_identification:_identify(src/moveit_resources) by extensions ['colcon_pkg']
[1.486s] Level 1:colcon.colcon_core.package_identification:_identify(src/moveit_resources) by extension 'colcon_pkg'
[1.486s] Level 1:colcon.colcon_core.package_identification:_identify(src/moveit_resources) by extensions ['colcon_meta']
[1.487s] Level 1:colcon.colcon_core.package_identification:_identify(src/moveit_resources) by extension 'colcon_meta'
[1.487s] Level 1:colcon.colcon_core.package_identification:_identify(src/moveit_resources) by extensions ['ros']
[1.487s] Level 1:colcon.colcon_core.package_identification:_identify(src/moveit_resources) by extension 'ros'
[1.487s] Level 1:colcon.colcon_core.package_identification:_identify(src/moveit_resources) by extensions ['cmake', 'python']
[1.487s] Level 1:colcon.colcon_core.package_identification:_identify(src/moveit_resources) by extension 'cmake'
[1.487s] Level 1:colcon.colcon_core.package_identification:_identify(src/moveit_resources) by extension 'python'
[1.487s] Level 1:colcon.colcon_core.package_identification:_identify(src/moveit_resources) by extensions ['python_setup_py']
[1.487s] Level 1:colcon.colcon_core.package_identification:_identify(src/moveit_resources) by extension 'python_setup_py'
[1.488s] Level 1:colcon.colcon_core.package_identification:_identify(src/moveit_resources/fanuc_description) by extensions ['ignore', 'ignore_ament_install']
[1.488s] Level 1:colcon.colcon_core.package_identification:_identify(src/moveit_resources/fanuc_description) by extension 'ignore'
[1.488s] Level 1:colcon.colcon_core.package_identification:_identify(src/moveit_resources/fanuc_description) by extension 'ignore_ament_install'
[1.488s] Level 1:colcon.colcon_core.package_identification:_identify(src/moveit_resources/fanuc_description) by extensions ['colcon_pkg']
[1.488s] Level 1:colcon.colcon_core.package_identification:_identify(src/moveit_resources/fanuc_description) by extension 'colcon_pkg'
[1.488s] Level 1:colcon.colcon_core.package_identification:_identify(src/moveit_resources/fanuc_description) by extensions ['colcon_meta']
[1.488s] Level 1:colcon.colcon_core.package_identification:_identify(src/moveit_resources/fanuc_description) by extension 'colcon_meta'
[1.489s] Level 1:colcon.colcon_core.package_identification:_identify(src/moveit_resources/fanuc_description) by extensions ['ros']
[1.489s] Level 1:colcon.colcon_core.package_identification:_identify(src/moveit_resources/fanuc_description) by extension 'ros'
[1.490s] DEBUG:colcon.colcon_core.package_identification:Package 'src/moveit_resources/fanuc_description' with type 'ros.ament_cmake' and name 'moveit_resources_fanuc_description'
[1.490s] Level 1:colcon.colcon_core.package_identification:_identify(src/moveit_resources/fanuc_moveit_config) by extensions ['ignore', 'ignore_ament_install']
[1.490s] Level 1:colcon.colcon_core.package_identification:_identify(src/moveit_resources/fanuc_moveit_config) by extension 'ignore'
[1.490s] Level 1:colcon.colcon_core.package_identification:_identify(src/moveit_resources/fanuc_moveit_config) by extension 'ignore_ament_install'
[1.491s] Level 1:colcon.colcon_core.package_identification:_identify(src/moveit_resources/fanuc_moveit_config) by extensions ['colcon_pkg']
[1.491s] Level 1:colcon.colcon_core.package_identification:_identify(src/moveit_resources/fanuc_moveit_config) by extension 'colcon_pkg'
[1.491s] Level 1:colcon.colcon_core.package_identification:_identify(src/moveit_resources/fanuc_moveit_config) by extensions ['colcon_meta']
[1.491s] Level 1:colcon.colcon_core.package_identification:_identify(src/moveit_resources/fanuc_moveit_config) by extension 'colcon_meta'
[1.491s] Level 1:colcon.colcon_core.package_identification:_identify(src/moveit_resources/fanuc_moveit_config) by extensions ['ros']
[1.491s] Level 1:colcon.colcon_core.package_identification:_identify(src/moveit_resources/fanuc_moveit_config) by extension 'ros'
[1.492s] DEBUG:colcon.colcon_core.package_identification:Package 'src/moveit_resources/fanuc_moveit_config' with type 'ros.ament_cmake' and name 'moveit_resources_fanuc_moveit_config'
[1.493s] Level 1:colcon.colcon_core.package_identification:_identify(src/moveit_resources/moveit_resources) by extensions ['ignore', 'ignore_ament_install']
[1.493s] Level 1:colcon.colcon_core.package_identification:_identify(src/moveit_resources/moveit_resources) by extension 'ignore'
[1.493s] Level 1:colcon.colcon_core.package_identification:_identify(src/moveit_resources/moveit_resources) by extension 'ignore_ament_install'
[1.493s] Level 1:colcon.colcon_core.package_identification:_identify(src/moveit_resources/moveit_resources) by extensions ['colcon_pkg']
[1.494s] Level 1:colcon.colcon_core.package_identification:_identify(src/moveit_resources/moveit_resources) by extension 'colcon_pkg'
[1.494s] Level 1:colcon.colcon_core.package_identification:_identify(src/moveit_resources/moveit_resources) by extensions ['colcon_meta']
[1.494s] Level 1:colcon.colcon_core.package_identification:_identify(src/moveit_resources/moveit_resources) by extension 'colcon_meta'
[1.494s] Level 1:colcon.colcon_core.package_identification:_identify(src/moveit_resources/moveit_resources) by extensions ['ros']
[1.494s] Level 1:colcon.colcon_core.package_identification:_identify(src/moveit_resources/moveit_resources) by extension 'ros'
[1.494s] DEBUG:colcon.colcon_core.package_identification:Package 'src/moveit_resources/moveit_resources' with type 'ros.ament_cmake' and name 'moveit_resources'
[1.495s] Level 1:colcon.colcon_core.package_identification:_identify(src/moveit_resources/panda_description) by extensions ['ignore', 'ignore_ament_install']
[1.495s] Level 1:colcon.colcon_core.package_identification:_identify(src/moveit_resources/panda_description) by extension 'ignore'
[1.496s] Level 1:colcon.colcon_core.package_identification:_identify(src/moveit_resources/panda_description) by extension 'ignore_ament_install'
[1.496s] Level 1:colcon.colcon_core.package_identification:_identify(src/moveit_resources/panda_description) by extensions ['colcon_pkg']
[1.496s] Level 1:colcon.colcon_core.package_identification:_identify(src/moveit_resources/panda_description) by extension 'colcon_pkg'
[1.496s] Level 1:colcon.colcon_core.package_identification:_identify(src/moveit_resources/panda_description) by extensions ['colcon_meta']
[1.496s] Level 1:colcon.colcon_core.package_identification:_identify(src/moveit_resources/panda_description) by extension 'colcon_meta'
[1.496s] Level 1:colcon.colcon_core.package_identification:_identify(src/moveit_resources/panda_description) by extensions ['ros']
[1.496s] Level 1:colcon.colcon_core.package_identification:_identify(src/moveit_resources/panda_description) by extension 'ros'
[1.496s] DEBUG:colcon.colcon_core.package_identification:Package 'src/moveit_resources/panda_description' with type 'ros.ament_cmake' and name 'moveit_resources_panda_description'
[1.497s] Level 1:colcon.colcon_core.package_identification:_identify(src/moveit_resources/panda_moveit_config) by extensions ['ignore', 'ignore_ament_install']
[1.497s] Level 1:colcon.colcon_core.package_identification:_identify(src/moveit_resources/panda_moveit_config) by extension 'ignore'
[1.497s] Level 1:colcon.colcon_core.package_identification:_identify(src/moveit_resources/panda_moveit_config) by extension 'ignore_ament_install'
[1.497s] Level 1:colcon.colcon_core.package_identification:_identify(src/moveit_resources/panda_moveit_config) by extensions ['colcon_pkg']
[1.497s] Level 1:colcon.colcon_core.package_identification:_identify(src/moveit_resources/panda_moveit_config) by extension 'colcon_pkg'
[1.497s] Level 1:colcon.colcon_core.package_identification:_identify(src/moveit_resources/panda_moveit_config) by extensions ['colcon_meta']
[1.497s] Level 1:colcon.colcon_core.package_identification:_identify(src/moveit_resources/panda_moveit_config) by extension 'colcon_meta'
[1.497s] Level 1:colcon.colcon_core.package_identification:_identify(src/moveit_resources/panda_moveit_config) by extensions ['ros']
[1.497s] Level 1:colcon.colcon_core.package_identification:_identify(src/moveit_resources/panda_moveit_config) by extension 'ros'
[1.498s] DEBUG:colcon.colcon_core.package_identification:Package 'src/moveit_resources/panda_moveit_config' with type 'ros.ament_cmake' and name 'moveit_resources_panda_moveit_config'
[1.498s] Level 1:colcon.colcon_core.package_identification:_identify(src/moveit_resources/pr2_description) by extensions ['ignore', 'ignore_ament_install']
[1.498s] Level 1:colcon.colcon_core.package_identification:_identify(src/moveit_resources/pr2_description) by extension 'ignore'
[1.498s] Level 1:colcon.colcon_core.package_identification:_identify(src/moveit_resources/pr2_description) by extension 'ignore_ament_install'
[1.498s] Level 1:colcon.colcon_core.package_identification:_identify(src/moveit_resources/pr2_description) by extensions ['colcon_pkg']
[1.498s] Level 1:colcon.colcon_core.package_identification:_identify(src/moveit_resources/pr2_description) by extension 'colcon_pkg'
[1.498s] Level 1:colcon.colcon_core.package_identification:_identify(src/moveit_resources/pr2_description) by extensions ['colcon_meta']
[1.498s] Level 1:colcon.colcon_core.package_identification:_identify(src/moveit_resources/pr2_description) by extension 'colcon_meta'
[1.498s] Level 1:colcon.colcon_core.package_identification:_identify(src/moveit_resources/pr2_description) by extensions ['ros']
[1.498s] Level 1:colcon.colcon_core.package_identification:_identify(src/moveit_resources/pr2_description) by extension 'ros'
[1.499s] DEBUG:colcon.colcon_core.package_identification:Package 'src/moveit_resources/pr2_description' with type 'ros.ament_cmake' and name 'moveit_resources_pr2_description'
[1.499s] Level 1:colcon.colcon_core.package_identification:_identify(src/moveit_task_constructor) by extensions ['ignore', 'ignore_ament_install']
[1.499s] Level 1:colcon.colcon_core.package_identification:_identify(src/moveit_task_constructor) by extension 'ignore'
[1.500s] Level 1:colcon.colcon_core.package_identification:_identify(src/moveit_task_constructor) by extension 'ignore_ament_install'
[1.500s] Level 1:colcon.colcon_core.package_identification:_identify(src/moveit_task_constructor) by extensions ['colcon_pkg']
[1.500s] Level 1:colcon.colcon_core.package_identification:_identify(src/moveit_task_constructor) by extension 'colcon_pkg'
[1.500s] Level 1:colcon.colcon_core.package_identification:_identify(src/moveit_task_constructor) by extensions ['colcon_meta']
[1.500s] Level 1:colcon.colcon_core.package_identification:_identify(src/moveit_task_constructor) by extension 'colcon_meta'
[1.500s] Level 1:colcon.colcon_core.package_identification:_identify(src/moveit_task_constructor) by extensions ['ros']
[1.500s] Level 1:colcon.colcon_core.package_identification:_identify(src/moveit_task_constructor) by extension 'ros'
[1.500s] Level 1:colcon.colcon_core.package_identification:_identify(src/moveit_task_constructor) by extensions ['cmake', 'python']
[1.500s] Level 1:colcon.colcon_core.package_identification:_identify(src/moveit_task_constructor) by extension 'cmake'
[1.500s] Level 1:colcon.colcon_core.package_identification:_identify(src/moveit_task_constructor) by extension 'python'
[1.500s] Level 1:colcon.colcon_core.package_identification:_identify(src/moveit_task_constructor) by extensions ['python_setup_py']
[1.500s] Level 1:colcon.colcon_core.package_identification:_identify(src/moveit_task_constructor) by extension 'python_setup_py'
[1.500s] Level 1:colcon.colcon_core.package_identification:_identify(src/moveit_task_constructor/capabilities) by extensions ['ignore', 'ignore_ament_install']
[1.500s] Level 1:colcon.colcon_core.package_identification:_identify(src/moveit_task_constructor/capabilities) by extension 'ignore'
[1.500s] Level 1:colcon.colcon_core.package_identification:_identify(src/moveit_task_constructor/capabilities) by extension 'ignore_ament_install'
[1.500s] Level 1:colcon.colcon_core.package_identification:_identify(src/moveit_task_constructor/capabilities) by extensions ['colcon_pkg']
[1.500s] Level 1:colcon.colcon_core.package_identification:_identify(src/moveit_task_constructor/capabilities) by extension 'colcon_pkg'
[1.500s] Level 1:colcon.colcon_core.package_identification:_identify(src/moveit_task_constructor/capabilities) by extensions ['colcon_meta']
[1.500s] Level 1:colcon.colcon_core.package_identification:_identify(src/moveit_task_constructor/capabilities) by extension 'colcon_meta'
[1.500s] Level 1:colcon.colcon_core.package_identification:_identify(src/moveit_task_constructor/capabilities) by extensions ['ros']
[1.500s] Level 1:colcon.colcon_core.package_identification:_identify(src/moveit_task_constructor/capabilities) by extension 'ros'
[1.502s] DEBUG:colcon.colcon_core.package_identification:Package 'src/moveit_task_constructor/capabilities' with type 'ros.ament_cmake' and name 'moveit_task_constructor_capabilities'
[1.502s] Level 1:colcon.colcon_core.package_identification:_identify(src/moveit_task_constructor/core) by extensions ['ignore', 'ignore_ament_install']
[1.502s] Level 1:colcon.colcon_core.package_identification:_identify(src/moveit_task_constructor/core) by extension 'ignore'
[1.502s] Level 1:colcon.colcon_core.package_identification:_identify(src/moveit_task_constructor/core) by extension 'ignore_ament_install'
[1.502s] Level 1:colcon.colcon_core.package_identification:_identify(src/moveit_task_constructor/core) by extensions ['colcon_pkg']
[1.503s] Level 1:colcon.colcon_core.package_identification:_identify(src/moveit_task_constructor/core) by extension 'colcon_pkg'
[1.503s] Level 1:colcon.colcon_core.package_identification:_identify(src/moveit_task_constructor/core) by extensions ['colcon_meta']
[1.503s] Level 1:colcon.colcon_core.package_identification:_identify(src/moveit_task_constructor/core) by extension 'colcon_meta'
[1.503s] Level 1:colcon.colcon_core.package_identification:_identify(src/moveit_task_constructor/core) by extensions ['ros']
[1.503s] Level 1:colcon.colcon_core.package_identification:_identify(src/moveit_task_constructor/core) by extension 'ros'
[1.506s] DEBUG:colcon.colcon_core.package_identification:Package 'src/moveit_task_constructor/core' with type 'ros.ament_cmake' and name 'moveit_task_constructor_core'
[1.507s] Level 1:colcon.colcon_core.package_identification:_identify(src/moveit_task_constructor/demo) by extensions ['ignore', 'ignore_ament_install']
[1.507s] Level 1:colcon.colcon_core.package_identification:_identify(src/moveit_task_constructor/demo) by extension 'ignore'
[1.507s] Level 1:colcon.colcon_core.package_identification:_identify(src/moveit_task_constructor/demo) by extension 'ignore_ament_install'
[1.507s] Level 1:colcon.colcon_core.package_identification:_identify(src/moveit_task_constructor/demo) by extensions ['colcon_pkg']
[1.507s] Level 1:colcon.colcon_core.package_identification:_identify(src/moveit_task_constructor/demo) by extension 'colcon_pkg'
[1.507s] Level 1:colcon.colcon_core.package_identification:_identify(src/moveit_task_constructor/demo) by extensions ['colcon_meta']
[1.507s] Level 1:colcon.colcon_core.package_identification:_identify(src/moveit_task_constructor/demo) by extension 'colcon_meta'
[1.507s] Level 1:colcon.colcon_core.package_identification:_identify(src/moveit_task_constructor/demo) by extensions ['ros']
[1.507s] Level 1:colcon.colcon_core.package_identification:_identify(src/moveit_task_constructor/demo) by extension 'ros'
[1.508s] DEBUG:colcon.colcon_core.package_identification:Package 'src/moveit_task_constructor/demo' with type 'ros.ament_cmake' and name 'moveit_task_constructor_demo'
[1.508s] Level 1:colcon.colcon_core.package_identification:_identify(src/moveit_task_constructor/msgs) by extensions ['ignore', 'ignore_ament_install']
[1.509s] Level 1:colcon.colcon_core.package_identification:_identify(src/moveit_task_constructor/msgs) by extension 'ignore'
[1.509s] Level 1:colcon.colcon_core.package_identification:_identify(src/moveit_task_constructor/msgs) by extension 'ignore_ament_install'
[1.509s] Level 1:colcon.colcon_core.package_identification:_identify(src/moveit_task_constructor/msgs) by extensions ['colcon_pkg']
[1.509s] Level 1:colcon.colcon_core.package_identification:_identify(src/moveit_task_constructor/msgs) by extension 'colcon_pkg'
[1.509s] Level 1:colcon.colcon_core.package_identification:_identify(src/moveit_task_constructor/msgs) by extensions ['colcon_meta']
[1.509s] Level 1:colcon.colcon_core.package_identification:_identify(src/moveit_task_constructor/msgs) by extension 'colcon_meta'
[1.509s] Level 1:colcon.colcon_core.package_identification:_identify(src/moveit_task_constructor/msgs) by extensions ['ros']
[1.509s] Level 1:colcon.colcon_core.package_identification:_identify(src/moveit_task_constructor/msgs) by extension 'ros'
[1.509s] DEBUG:colcon.colcon_core.package_identification:Package 'src/moveit_task_constructor/msgs' with type 'ros.ament_cmake' and name 'moveit_task_constructor_msgs'
[1.510s] Level 1:colcon.colcon_core.package_identification:_identify(src/moveit_task_constructor/rviz_marker_tools) by extensions ['ignore', 'ignore_ament_install']
[1.510s] Level 1:colcon.colcon_core.package_identification:_identify(src/moveit_task_constructor/rviz_marker_tools) by extension 'ignore'
[1.510s] Level 1:colcon.colcon_core.package_identification:_identify(src/moveit_task_constructor/rviz_marker_tools) by extension 'ignore_ament_install'
[1.510s] Level 1:colcon.colcon_core.package_identification:_identify(src/moveit_task_constructor/rviz_marker_tools) by extensions ['colcon_pkg']
[1.510s] Level 1:colcon.colcon_core.package_identification:_identify(src/moveit_task_constructor/rviz_marker_tools) by extension 'colcon_pkg'
[1.510s] Level 1:colcon.colcon_core.package_identification:_identify(src/moveit_task_constructor/rviz_marker_tools) by extensions ['colcon_meta']
[1.510s] Level 1:colcon.colcon_core.package_identification:_identify(src/moveit_task_constructor/rviz_marker_tools) by extension 'colcon_meta'
[1.510s] Level 1:colcon.colcon_core.package_identification:_identify(src/moveit_task_constructor/rviz_marker_tools) by extensions ['ros']
[1.510s] Level 1:colcon.colcon_core.package_identification:_identify(src/moveit_task_constructor/rviz_marker_tools) by extension 'ros'
[1.511s] DEBUG:colcon.colcon_core.package_identification:Package 'src/moveit_task_constructor/rviz_marker_tools' with type 'ros.ament_cmake' and name 'rviz_marker_tools'
[1.511s] Level 1:colcon.colcon_core.package_identification:_identify(src/moveit_task_constructor/visualization) by extensions ['ignore', 'ignore_ament_install']
[1.511s] Level 1:colcon.colcon_core.package_identification:_identify(src/moveit_task_constructor/visualization) by extension 'ignore'
[1.511s] Level 1:colcon.colcon_core.package_identification:_identify(src/moveit_task_constructor/visualization) by extension 'ignore_ament_install'
[1.511s] Level 1:colcon.colcon_core.package_identification:_identify(src/moveit_task_constructor/visualization) by extensions ['colcon_pkg']
[1.511s] Level 1:colcon.colcon_core.package_identification:_identify(src/moveit_task_constructor/visualization) by extension 'colcon_pkg'
[1.511s] Level 1:colcon.colcon_core.package_identification:_identify(src/moveit_task_constructor/visualization) by extensions ['colcon_meta']
[1.511s] Level 1:colcon.colcon_core.package_identification:_identify(src/moveit_task_constructor/visualization) by extension 'colcon_meta'
[1.511s] Level 1:colcon.colcon_core.package_identification:_identify(src/moveit_task_constructor/visualization) by extensions ['ros']
[1.511s] Level 1:colcon.colcon_core.package_identification:_identify(src/moveit_task_constructor/visualization) by extension 'ros'
[1.512s] DEBUG:colcon.colcon_core.package_identification:Package 'src/moveit_task_constructor/visualization' with type 'ros.ament_cmake' and name 'moveit_task_constructor_visualization'
[1.512s] Level 1:colcon.colcon_core.package_identification:_identify(src/moveit_visual_tools) by extensions ['ignore', 'ignore_ament_install']
[1.512s] Level 1:colcon.colcon_core.package_identification:_identify(src/moveit_visual_tools) by extension 'ignore'
[1.513s] Level 1:colcon.colcon_core.package_identification:_identify(src/moveit_visual_tools) by extension 'ignore_ament_install'
[1.513s] Level 1:colcon.colcon_core.package_identification:_identify(src/moveit_visual_tools) by extensions ['colcon_pkg']
[1.513s] Level 1:colcon.colcon_core.package_identification:_identify(src/moveit_visual_tools) by extension 'colcon_pkg'
[1.513s] Level 1:colcon.colcon_core.package_identification:_identify(src/moveit_visual_tools) by extensions ['colcon_meta']
[1.513s] Level 1:colcon.colcon_core.package_identification:_identify(src/moveit_visual_tools) by extension 'colcon_meta'
[1.513s] Level 1:colcon.colcon_core.package_identification:_identify(src/moveit_visual_tools) by extensions ['ros']
[1.513s] Level 1:colcon.colcon_core.package_identification:_identify(src/moveit_visual_tools) by extension 'ros'
[1.514s] DEBUG:colcon.colcon_core.package_identification:Package 'src/moveit_visual_tools' with type 'ros.ament_cmake' and name 'moveit_visual_tools'
[1.514s] Level 1:colcon.colcon_core.package_identification:_identify(src/rosparam_shortcuts) by extensions ['ignore', 'ignore_ament_install']
[1.515s] Level 1:colcon.colcon_core.package_identification:_identify(src/rosparam_shortcuts) by extension 'ignore'
[1.515s] Level 1:colcon.colcon_core.package_identification:_identify(src/rosparam_shortcuts) by extension 'ignore_ament_install'
[1.515s] Level 1:colcon.colcon_core.package_identification:_identify(src/rosparam_shortcuts) by extensions ['colcon_pkg']
[1.515s] Level 1:colcon.colcon_core.package_identification:_identify(src/rosparam_shortcuts) by extension 'colcon_pkg'
[1.515s] Level 1:colcon.colcon_core.package_identification:_identify(src/rosparam_shortcuts) by extensions ['colcon_meta']
[1.515s] Level 1:colcon.colcon_core.package_identification:_identify(src/rosparam_shortcuts) by extension 'colcon_meta'
[1.515s] Level 1:colcon.colcon_core.package_identification:_identify(src/rosparam_shortcuts) by extensions ['ros']
[1.515s] Level 1:colcon.colcon_core.package_identification:_identify(src/rosparam_shortcuts) by extension 'ros'
[1.516s] DEBUG:colcon.colcon_core.package_identification:Package 'src/rosparam_shortcuts' with type 'ros.ament_cmake' and name 'rosparam_shortcuts'
[1.516s] Level 1:colcon.colcon_core.package_identification:_identify(src/srdfdom) by extensions ['ignore', 'ignore_ament_install']
[1.516s] Level 1:colcon.colcon_core.package_identification:_identify(src/srdfdom) by extension 'ignore'
[1.516s] Level 1:colcon.colcon_core.package_identification:_identify(src/srdfdom) by extension 'ignore_ament_install'
[1.516s] Level 1:colcon.colcon_core.package_identification:_identify(src/srdfdom) by extensions ['colcon_pkg']
[1.516s] Level 1:colcon.colcon_core.package_identification:_identify(src/srdfdom) by extension 'colcon_pkg'
[1.516s] Level 1:colcon.colcon_core.package_identification:_identify(src/srdfdom) by extensions ['colcon_meta']
[1.516s] Level 1:colcon.colcon_core.package_identification:_identify(src/srdfdom) by extension 'colcon_meta'
[1.517s] Level 1:colcon.colcon_core.package_identification:_identify(src/srdfdom) by extensions ['ros']
[1.517s] Level 1:colcon.colcon_core.package_identification:_identify(src/srdfdom) by extension 'ros'
[1.518s] DEBUG:colcon.colcon_core.package_identification:Package 'src/srdfdom' with type 'ros.ament_cmake' and name 'srdfdom'
[1.518s] Level 1:colcon.colcon_core.package_identification:_identify(src/ur3e_motion) by extensions ['ignore', 'ignore_ament_install']
[1.518s] Level 1:colcon.colcon_core.package_identification:_identify(src/ur3e_motion) by extension 'ignore'
[1.518s] Level 1:colcon.colcon_core.package_identification:_identify(src/ur3e_motion) by extension 'ignore_ament_install'
[1.518s] Level 1:colcon.colcon_core.package_identification:_identify(src/ur3e_motion) by extensions ['colcon_pkg']
[1.518s] Level 1:colcon.colcon_core.package_identification:_identify(src/ur3e_motion) by extension 'colcon_pkg'
[1.518s] Level 1:colcon.colcon_core.package_identification:_identify(src/ur3e_motion) by extensions ['colcon_meta']
[1.518s] Level 1:colcon.colcon_core.package_identification:_identify(src/ur3e_motion) by extension 'colcon_meta'
[1.518s] Level 1:colcon.colcon_core.package_identification:_identify(src/ur3e_motion) by extensions ['ros']
[1.518s] Level 1:colcon.colcon_core.package_identification:_identify(src/ur3e_motion) by extension 'ros'
[1.519s] DEBUG:colcon.colcon_core.package_identification:Package 'src/ur3e_motion' with type 'ros.ament_python' and name 'ur3e_motion'
[1.519s] Level 1:colcon.colcon_core.package_identification:_identify(src/ur3e_motion_cpp) by extensions ['ignore', 'ignore_ament_install']
[1.520s] Level 1:colcon.colcon_core.package_identification:_identify(src/ur3e_motion_cpp) by extension 'ignore'
[1.520s] Level 1:colcon.colcon_core.package_identification:_identify(src/ur3e_motion_cpp) by extension 'ignore_ament_install'
[1.520s] Level 1:colcon.colcon_core.package_identification:_identify(src/ur3e_motion_cpp) by extensions ['colcon_pkg']
[1.520s] Level 1:colcon.colcon_core.package_identification:_identify(src/ur3e_motion_cpp) by extension 'colcon_pkg'
[1.520s] Level 1:colcon.colcon_core.package_identification:_identify(src/ur3e_motion_cpp) by extensions ['colcon_meta']
[1.520s] Level 1:colcon.colcon_core.package_identification:_identify(src/ur3e_motion_cpp) by extension 'colcon_meta'
[1.520s] Level 1:colcon.colcon_core.package_identification:_identify(src/ur3e_motion_cpp) by extensions ['ros']
[1.520s] Level 1:colcon.colcon_core.package_identification:_identify(src/ur3e_motion_cpp) by extension 'ros'
[1.521s] DEBUG:colcon.colcon_core.package_identification:Package 'src/ur3e_motion_cpp' with type 'ros.ament_cmake' and name 'ur3e_motion_cpp'
[1.521s] Level 1:colcon.colcon_core.package_identification:_identify(src/ur_moveit_config) by extensions ['ignore', 'ignore_ament_install']
[1.521s] Level 1:colcon.colcon_core.package_identification:_identify(src/ur_moveit_config) by extension 'ignore'
[1.521s] Level 1:colcon.colcon_core.package_identification:_identify(src/ur_moveit_config) by extension 'ignore_ament_install'
[1.521s] Level 1:colcon.colcon_core.package_identification:_identify(src/ur_moveit_config) by extensions ['colcon_pkg']
[1.521s] Level 1:colcon.colcon_core.package_identification:_identify(src/ur_moveit_config) by extension 'colcon_pkg'
[1.521s] Level 1:colcon.colcon_core.package_identification:_identify(src/ur_moveit_config) by extensions ['colcon_meta']
[1.521s] Level 1:colcon.colcon_core.package_identification:_identify(src/ur_moveit_config) by extension 'colcon_meta'
[1.521s] Level 1:colcon.colcon_core.package_identification:_identify(src/ur_moveit_config) by extensions ['ros']
[1.521s] Level 1:colcon.colcon_core.package_identification:_identify(src/ur_moveit_config) by extension 'ros'
[1.521s] Level 1:colcon.colcon_core.package_identification:_identify(src/ur_moveit_config) by extensions ['cmake', 'python']
[1.522s] Level 1:colcon.colcon_core.package_identification:_identify(src/ur_moveit_config) by extension 'cmake'
[1.522s] Level 1:colcon.colcon_core.package_identification:_identify(src/ur_moveit_config) by extension 'python'
[1.522s] Level 1:colcon.colcon_core.package_identification:_identify(src/ur_moveit_config) by extensions ['python_setup_py']
[1.522s] Level 1:colcon.colcon_core.package_identification:_identify(src/ur_moveit_config) by extension 'python_setup_py'
[1.522s] Level 1:colcon.colcon_core.package_identification:_identify(src/ur_moveit_config/config) by extensions ['ignore', 'ignore_ament_install']
[1.522s] Level 1:colcon.colcon_core.package_identification:_identify(src/ur_moveit_config/config) by extension 'ignore'
[1.522s] Level 1:colcon.colcon_core.package_identification:_identify(src/ur_moveit_config/config) by extension 'ignore_ament_install'
[1.522s] Level 1:colcon.colcon_core.package_identification:_identify(src/ur_moveit_config/config) by extensions ['colcon_pkg']
[1.522s] Level 1:colcon.colcon_core.package_identification:_identify(src/ur_moveit_config/config) by extension 'colcon_pkg'
[1.522s] Level 1:colcon.colcon_core.package_identification:_identify(src/ur_moveit_config/config) by extensions ['colcon_meta']
[1.522s] Level 1:colcon.colcon_core.package_identification:_identify(src/ur_moveit_config/config) by extension 'colcon_meta'
[1.522s] Level 1:colcon.colcon_core.package_identification:_identify(src/ur_moveit_config/config) by extensions ['ros']
[1.522s] Level 1:colcon.colcon_core.package_identification:_identify(src/ur_moveit_config/config) by extension 'ros'
[1.522s] Level 1:colcon.colcon_core.package_identification:_identify(src/ur_moveit_config/config) by extensions ['cmake', 'python']
[1.522s] Level 1:colcon.colcon_core.package_identification:_identify(src/ur_moveit_config/config) by extension 'cmake'
[1.522s] Level 1:colcon.colcon_core.package_identification:_identify(src/ur_moveit_config/config) by extension 'python'
[1.522s] Level 1:colcon.colcon_core.package_identification:_identify(src/ur_moveit_config/config) by extensions ['python_setup_py']
[1.522s] Level 1:colcon.colcon_core.package_identification:_identify(src/ur_moveit_config/config) by extension 'python_setup_py'
[1.523s] Level 1:colcon.colcon_core.package_identification:_identify(src/ur_moveit_config/launch) by extensions ['ignore', 'ignore_ament_install']
[1.523s] Level 1:colcon.colcon_core.package_identification:_identify(src/ur_moveit_config/launch) by extension 'ignore'
[1.523s] Level 1:colcon.colcon_core.package_identification:_identify(src/ur_moveit_config/launch) by extension 'ignore_ament_install'
[1.524s] Level 1:colcon.colcon_core.package_identification:_identify(src/ur_moveit_config/launch) by extensions ['colcon_pkg']
[1.524s] Level 1:colcon.colcon_core.package_identification:_identify(src/ur_moveit_config/launch) by extension 'colcon_pkg'
[1.524s] Level 1:colcon.colcon_core.package_identification:_identify(src/ur_moveit_config/launch) by extensions ['colcon_meta']
[1.524s] Level 1:colcon.colcon_core.package_identification:_identify(src/ur_moveit_config/launch) by extension 'colcon_meta'
[1.524s] Level 1:colcon.colcon_core.package_identification:_identify(src/ur_moveit_config/launch) by extensions ['ros']
[1.524s] Level 1:colcon.colcon_core.package_identification:_identify(src/ur_moveit_config/launch) by extension 'ros'
[1.524s] Level 1:colcon.colcon_core.package_identification:_identify(src/ur_moveit_config/launch) by extensions ['cmake', 'python']
[1.524s] Level 1:colcon.colcon_core.package_identification:_identify(src/ur_moveit_config/launch) by extension 'cmake'
[1.524s] Level 1:colcon.colcon_core.package_identification:_identify(src/ur_moveit_config/launch) by extension 'python'
[1.524s] Level 1:colcon.colcon_core.package_identification:_identify(src/ur_moveit_config/launch) by extensions ['python_setup_py']
[1.524s] Level 1:colcon.colcon_core.package_identification:_identify(src/ur_moveit_config/launch) by extension 'python_setup_py'
[1.524s] Level 1:colcon.colcon_core.package_discovery:discover_packages(recursive) using defaults
[1.524s] Level 1:colcon.colcon_core.package_discovery:discover_packages(ignore) discover
[1.524s] Level 1:colcon.colcon_core.package_discovery:discover_packages(ignore) using defaults
[1.524s] Level 1:colcon.colcon_core.package_discovery:discover_packages(path) discover
[1.524s] Level 1:colcon.colcon_core.package_discovery:discover_packages(path) using defaults
[1.633s] INFO:colcon.colcon_core.package_selection:Skipping not selected package 'launch_param_builder' in 'src/launch_param_builder'
[1.633s] INFO:colcon.colcon_core.package_selection:Skipping not selected package 'moveit_common' in 'src/moveit2/moveit_common'
[1.633s] INFO:colcon.colcon_core.package_selection:Skipping not selected package 'moveit_resources_fanuc_description' in 'src/moveit_resources/fanuc_description'
[1.633s] INFO:colcon.colcon_core.package_selection:Skipping not selected package 'moveit_resources_panda_description' in 'src/moveit_resources/panda_description'
[1.633s] INFO:colcon.colcon_core.package_selection:Skipping not selected package 'moveit_resources_pr2_description' in 'src/moveit_resources/pr2_description'
[1.633s] INFO:colcon.colcon_core.package_selection:Skipping not selected package 'moveit_resources_prbt_support' in 'src/moveit2/moveit_planners/test_configs/prbt_support'
[1.633s] INFO:colcon.colcon_core.package_selection:Skipping not selected package 'moveit_task_constructor_msgs' in 'src/moveit_task_constructor/msgs'
[1.633s] INFO:colcon.colcon_core.package_selection:Skipping not selected package 'rosparam_shortcuts' in 'src/rosparam_shortcuts'
[1.633s] INFO:colcon.colcon_core.package_selection:Skipping not selected package 'srdfdom' in 'src/srdfdom'
[1.633s] INFO:colcon.colcon_core.package_selection:Skipping not selected package 'moveit_configs_utils' in 'src/moveit2/moveit_configs_utils'
[1.633s] INFO:colcon.colcon_core.package_selection:Skipping not selected package 'moveit_resources_fanuc_moveit_config' in 'src/moveit_resources/fanuc_moveit_config'
[1.633s] INFO:colcon.colcon_core.package_selection:Skipping not selected package 'moveit_resources_panda_moveit_config' in 'src/moveit_resources/panda_moveit_config'
[1.633s] INFO:colcon.colcon_core.package_selection:Skipping not selected package 'rviz_marker_tools' in 'src/moveit_task_constructor/rviz_marker_tools'
[1.633s] INFO:colcon.colcon_core.package_selection:Skipping not selected package 'moveit_core' in 'src/moveit2/moveit_core'
[1.633s] INFO:colcon.colcon_core.package_selection:Skipping not selected package 'moveit_resources' in 'src/moveit_resources/moveit_resources'
[1.634s] INFO:colcon.colcon_core.package_selection:Skipping not selected package 'chomp_motion_planner' in 'src/moveit2/moveit_planners/chomp/chomp_motion_planner'
[1.634s] INFO:colcon.colcon_core.package_selection:Skipping not selected package 'moveit_resources_prbt_ikfast_manipulator_plugin' in 'src/moveit2/moveit_planners/test_configs/prbt_ikfast_manipulator_plugin'
[1.634s] INFO:colcon.colcon_core.package_selection:Skipping not selected package 'moveit_ros_occupancy_map_monitor' in 'src/moveit2/moveit_ros/occupancy_map_monitor'
[1.634s] INFO:colcon.colcon_core.package_selection:Skipping not selected package 'moveit_simple_controller_manager' in 'src/moveit2/moveit_plugins/moveit_simple_controller_manager'
[1.634s] INFO:colcon.colcon_core.package_selection:Skipping not selected package 'pilz_industrial_motion_planner_testutils' in 'src/moveit2/moveit_planners/pilz_industrial_motion_planner_testutils'
[1.634s] INFO:colcon.colcon_core.package_selection:Skipping not selected package 'moveit_chomp_optimizer_adapter' in 'src/moveit2/moveit_planners/chomp/chomp_optimizer_adapter'
[1.634s] INFO:colcon.colcon_core.package_selection:Skipping not selected package 'moveit_planners_chomp' in 'src/moveit2/moveit_planners/chomp/chomp_interface'
[1.634s] INFO:colcon.colcon_core.package_selection:Skipping not selected package 'moveit_plugins' in 'src/moveit2/moveit_plugins/moveit_plugins'
[1.634s] INFO:colcon.colcon_core.package_selection:Skipping not selected package 'moveit_ros_control_interface' in 'src/moveit2/moveit_plugins/moveit_ros_control_interface'
[1.634s] INFO:colcon.colcon_core.package_selection:Skipping not selected package 'moveit_ros_planning' in 'src/moveit2/moveit_ros/planning'
[1.634s] INFO:colcon.colcon_core.package_selection:Skipping not selected package 'moveit_kinematics' in 'src/moveit2/moveit_kinematics'
[1.634s] INFO:colcon.colcon_core.package_selection:Skipping not selected package 'moveit_planners_ompl' in 'src/moveit2/moveit_planners/ompl'
[1.634s] INFO:colcon.colcon_core.package_selection:Skipping not selected package 'moveit_ros_perception' in 'src/moveit2/moveit_ros/perception'
[1.634s] INFO:colcon.colcon_core.package_selection:Skipping not selected package 'moveit_ros_robot_interaction' in 'src/moveit2/moveit_ros/robot_interaction'
[1.634s] INFO:colcon.colcon_core.package_selection:Skipping not selected package 'moveit_ros_warehouse' in 'src/moveit2/moveit_ros/warehouse'
[1.634s] INFO:colcon.colcon_core.package_selection:Skipping not selected package 'moveit_visual_tools' in 'src/moveit_visual_tools'
[1.634s] INFO:colcon.colcon_core.package_selection:Skipping not selected package 'moveit_ros_benchmarks' in 'src/moveit2/moveit_ros/benchmarks'
[1.634s] INFO:colcon.colcon_core.package_selection:Skipping not selected package 'moveit_ros_move_group' in 'src/moveit2/moveit_ros/move_group'
[1.634s] INFO:colcon.colcon_core.package_selection:Skipping not selected package 'moveit_resources_prbt_moveit_config' in 'src/moveit2/moveit_planners/test_configs/prbt_moveit_config'
[1.634s] INFO:colcon.colcon_core.package_selection:Skipping not selected package 'moveit_ros_planning_interface' in 'src/moveit2/moveit_ros/planning_interface'
[1.634s] INFO:colcon.colcon_core.package_selection:Skipping not selected package 'moveit_hybrid_planning' in 'src/moveit2/moveit_ros/hybrid_planning'
[1.634s] INFO:colcon.colcon_core.package_selection:Skipping not selected package 'moveit_py' in 'src/moveit2/moveit_py'
[1.634s] INFO:colcon.colcon_core.package_selection:Skipping not selected package 'moveit_resources_prbt_pg70_support' in 'src/moveit2/moveit_planners/test_configs/prbt_pg70_support'
[1.634s] INFO:colcon.colcon_core.package_selection:Skipping not selected package 'moveit_ros_visualization' in 'src/moveit2/moveit_ros/visualization'
[1.634s] INFO:colcon.colcon_core.package_selection:Skipping not selected package 'moveit_servo' in 'src/moveit2/moveit_ros/moveit_servo'
[1.634s] INFO:colcon.colcon_core.package_selection:Skipping not selected package 'moveit_ros' in 'src/moveit2/moveit_ros/moveit_ros'
[1.634s] INFO:colcon.colcon_core.package_selection:Skipping not selected package 'moveit_setup_framework' in 'src/moveit2/moveit_setup_assistant/moveit_setup_framework'
[1.634s] INFO:colcon.colcon_core.package_selection:Skipping not selected package 'pilz_industrial_motion_planner' in 'src/moveit2/moveit_planners/pilz_industrial_motion_planner'
[1.634s] INFO:colcon.colcon_core.package_selection:Skipping not selected package 'ur3e_motion' in 'src/ur3e_motion'
[1.634s] INFO:colcon.colcon_core.package_selection:Skipping not selected package 'moveit_planners' in 'src/moveit2/moveit_planners/moveit_planners'
[1.634s] INFO:colcon.colcon_core.package_selection:Skipping not selected package 'moveit_setup_app_plugins' in 'src/moveit2/moveit_setup_assistant/moveit_setup_app_plugins'
[1.634s] INFO:colcon.colcon_core.package_selection:Skipping not selected package 'moveit_setup_controllers' in 'src/moveit2/moveit_setup_assistant/moveit_setup_controllers'
[1.634s] INFO:colcon.colcon_core.package_selection:Skipping not selected package 'moveit_setup_core_plugins' in 'src/moveit2/moveit_setup_assistant/moveit_setup_core_plugins'
[1.634s] INFO:colcon.colcon_core.package_selection:Skipping not selected package 'moveit_setup_srdf_plugins' in 'src/moveit2/moveit_setup_assistant/moveit_setup_srdf_plugins'
[1.634s] INFO:colcon.colcon_core.package_selection:Skipping not selected package 'moveit_runtime' in 'src/moveit2/moveit_runtime'
[1.634s] INFO:colcon.colcon_core.package_selection:Skipping not selected package 'moveit_setup_assistant' in 'src/moveit2/moveit_setup_assistant/moveit_setup_assistant'
[1.634s] INFO:colcon.colcon_core.package_selection:Skipping not selected package 'moveit_task_constructor_core' in 'src/moveit_task_constructor/core'
[1.634s] INFO:colcon.colcon_core.package_selection:Skipping not selected package 'moveit' in 'src/moveit2/moveit'
[1.634s] INFO:colcon.colcon_core.package_selection:Skipping not selected package 'moveit_task_constructor_capabilities' in 'src/moveit_task_constructor/capabilities'
[1.634s] INFO:colcon.colcon_core.package_selection:Skipping not selected package 'moveit_task_constructor_visualization' in 'src/moveit_task_constructor/visualization'
[1.634s] INFO:colcon.colcon_core.package_selection:Skipping not selected package 'moveit2_tutorials' in 'src/moveit2_tutorials'
[1.634s] INFO:colcon.colcon_core.package_selection:Skipping not selected package 'moveit_task_constructor_demo' in 'src/moveit_task_constructor/demo'
[1.635s] Level 1:colcon.colcon_core.package_discovery:discover_packages(prefix_path) check parameters
[1.635s] Level 1:colcon.colcon_core.package_discovery:discover_packages(prefix_path) discover
[1.642s] DEBUG:colcon.colcon_installed_package_information.package_discovery:Found 58 installed packages in /home/b/ws_moveit2/install
[1.645s] DEBUG:colcon.colcon_installed_package_information.package_discovery:Found 414 installed packages in /opt/ros/humble
[1.652s] Level 1:colcon.colcon_core.package_discovery:discover_packages(prefix_path) using defaults
[2.092s] Level 5:colcon.colcon_core.verb:set package 'ur3e_motion_cpp' build argument 'cmake_args' from command line to 'None'
[2.092s] Level 5:colcon.colcon_core.verb:set package 'ur3e_motion_cpp' build argument 'cmake_target' from command line to 'None'
[2.092s] Level 5:colcon.colcon_core.verb:set package 'ur3e_motion_cpp' build argument 'cmake_target_skip_unavailable' from command line to 'False'
[2.092s] Level 5:colcon.colcon_core.verb:set package 'ur3e_motion_cpp' build argument 'cmake_clean_cache' from command line to 'False'
[2.092s] Level 5:colcon.colcon_core.verb:set package 'ur3e_motion_cpp' build argument 'cmake_clean_first' from command line to 'False'
[2.092s] Level 5:colcon.colcon_core.verb:set package 'ur3e_motion_cpp' build argument 'cmake_force_configure' from command line to 'False'
[2.092s] Level 5:colcon.colcon_core.verb:set package 'ur3e_motion_cpp' build argument 'ament_cmake_args' from command line to 'None'
[2.092s] Level 5:colcon.colcon_core.verb:set package 'ur3e_motion_cpp' build argument 'catkin_cmake_args' from command line to 'None'
[2.092s] Level 5:colcon.colcon_core.verb:set package 'ur3e_motion_cpp' build argument 'catkin_skip_building_tests' from command line to 'False'
[2.092s] DEBUG:colcon.colcon_core.verb:Building package 'ur3e_motion_cpp' with the following arguments: {'ament_cmake_args': None, 'build_base': '/home/b/ws_moveit2/build/ur3e_motion_cpp', 'catkin_cmake_args': None, 'catkin_skip_building_tests': False, 'cmake_args': None, 'cmake_clean_cache': False, 'cmake_clean_first': False, 'cmake_force_configure': False, 'cmake_target': None, 'cmake_target_skip_unavailable': False, 'install_base': '/home/b/ws_moveit2/install/ur3e_motion_cpp', 'merge_install': False, 'path': '/home/b/ws_moveit2/src/ur3e_motion_cpp', 'symlink_install': False, 'test_result_base': None}
[2.092s] INFO:colcon.colcon_core.executor:Executing jobs using 'parallel' executor
[2.095s] DEBUG:colcon.colcon_parallel_executor.executor.parallel:run_until_complete
[2.096s] INFO:colcon.colcon_ros.task.ament_cmake.build:Building ROS package in '/home/b/ws_moveit2/src/ur3e_motion_cpp' with build type 'ament_cmake'
[2.096s] INFO:colcon.colcon_cmake.task.cmake.build:Building CMake package in '/home/b/ws_moveit2/src/ur3e_motion_cpp'
[2.108s] INFO:colcon.colcon_core.plugin_system:Skipping extension 'colcon_core.shell.bat': Not used on non-Windows systems
[2.108s] INFO:colcon.colcon_core.shell:Skip shell extension 'powershell' for command environment: Not usable outside of PowerShell
[2.108s] DEBUG:colcon.colcon_core.shell:Skip shell extension 'dsv' for command environment
[8.661s] DEBUG:colcon.colcon_core.event_handler.log_command:Invoking command in '/home/b/ws_moveit2/build/ur3e_motion_cpp': AMENT_PREFIX_PATH=/home/b/ws_moveit2/install/moveit_configs_utils:/home/b/ws_moveit2/install/launch_param_builder:/home/b/ws_moveit2/install/ur3e_motion_cpp:/home/b/ws_moveit2/install/ur3e_motion:/home/b/ws_moveit2/install/pilz_industrial_motion_planner_testutils:/home/b/ws_moveit2/install/moveit_runtime:/home/b/ws_moveit2/install/moveit2_tutorials:/home/b/ws_moveit2/install/moveit:/home/b/ws_moveit2/install/moveit_planners:/home/b/ws_moveit2/install/pilz_industrial_motion_planner:/home/b/ws_moveit2/install/moveit_visual_tools:/home/b/ws_moveit2/install/moveit_task_constructor_visualization:/home/b/ws_moveit2/install/moveit_task_constructor_demo:/home/b/ws_moveit2/install/moveit_task_constructor_capabilities:/home/b/ws_moveit2/install/moveit_task_constructor_core:/home/b/ws_moveit2/install/moveit_ros_control_interface:/home/b/ws_moveit2/install/moveit_plugins:/home/b/ws_moveit2/install/moveit_simple_controller_manager:/home/b/ws_moveit2/install/moveit_setup_assistant:/home/b/ws_moveit2/install/moveit_setup_srdf_plugins:/home/b/ws_moveit2/install/moveit_setup_core_plugins:/home/b/ws_moveit2/install/moveit_setup_controllers:/home/b/ws_moveit2/install/moveit_setup_app_plugins:/home/b/ws_moveit2/install/moveit_setup_framework:/home/b/ws_moveit2/install/moveit_servo:/home/b/ws_moveit2/install/moveit_ros:/home/b/ws_moveit2/install/moveit_ros_visualization:/home/b/ws_moveit2/install/moveit_py:/home/b/ws_moveit2/install/moveit_hybrid_planning:/home/b/ws_moveit2/install/moveit_ros_planning_interface:/home/b/ws_moveit2/install/moveit_ros_benchmarks:/home/b/ws_moveit2/install/moveit_ros_warehouse:/home/b/ws_moveit2/install/moveit_ros_robot_interaction:/home/b/ws_moveit2/install/moveit_ros_perception:/home/b/ws_moveit2/install/moveit_resources_prbt_pg70_support:/home/b/ws_moveit2/install/moveit_resources_prbt_moveit_config:/home/b/ws_moveit2/install/moveit_ros_move_group:/home/b/ws_moveit2/install/moveit_planners_ompl:/home/b/ws_moveit2/install/moveit_ros_planning:/home/b/ws_moveit2/install/moveit_ros_occupancy_map_monitor:/home/b/ws_moveit2/install/moveit_resources_prbt_ikfast_manipulator_plugin:/home/b/ws_moveit2/install/moveit_planners_chomp:/home/b/ws_moveit2/install/moveit_kinematics:/home/b/ws_moveit2/install/moveit_chomp_optimizer_adapter:/home/b/ws_moveit2/install/chomp_motion_planner:/home/b/ws_moveit2/install/moveit_core:/home/b/ws_moveit2/install/srdfdom:/home/b/ws_moveit2/install/rviz_marker_tools:/home/b/ws_moveit2/install/rosparam_shortcuts:/home/b/ws_moveit2/install/moveit_task_constructor_msgs:/home/b/ws_moveit2/install/moveit_resources_prbt_support:/home/b/ws_moveit2/install/moveit_resources:/home/b/ws_moveit2/install/moveit_resources_pr2_description:/home/b/ws_moveit2/install/moveit_resources_panda_moveit_config:/home/b/ws_moveit2/install/moveit_resources_panda_description:/home/b/ws_moveit2/install/moveit_resources_fanuc_moveit_config:/home/b/ws_moveit2/install/moveit_resources_fanuc_description:/home/b/ws_moveit2/install/moveit_common:/opt/ros/humble CMAKE_PREFIX_PATH=/home/b/ws_moveit2/install/moveit_ros_planning_interface:/home/b/ws_moveit2/install/moveit_ros_move_group:/home/b/ws_moveit2/install/moveit_ros_warehouse:/home/b/ws_moveit2/install/moveit_planners_ompl:/home/b/ws_moveit2/install/moveit_kinematics:/home/b/ws_moveit2/install/moveit_ros_planning:/home/b/ws_moveit2/install/moveit_simple_controller_manager:/home/b/ws_moveit2/install/moveit_ros_occupancy_map_monitor:/home/b/ws_moveit2/install/moveit_core:/home/b/ws_moveit2/install/moveit_resources_panda_moveit_config:/home/b/ws_moveit2/install/moveit_resources_fanuc_moveit_config:/home/b/ws_moveit2/install/srdfdom:/home/b/ws_moveit2/install/moveit_resources_pr2_description:/home/b/ws_moveit2/install/moveit_resources_panda_description:/home/b/ws_moveit2/install/moveit_resources_fanuc_description:/home/b/ws_moveit2/install/moveit_common:/home/b/ws_moveit2/install/ur3e_motion_cpp:/home/b/ws_moveit2/install/pilz_industrial_motion_planner_testutils:/home/b/ws_moveit2/install/moveit_runtime:/home/b/ws_moveit2/install/moveit2_tutorials:/home/b/ws_moveit2/install/moveit:/home/b/ws_moveit2/install/moveit_planners:/home/b/ws_moveit2/install/pilz_industrial_motion_planner:/home/b/ws_moveit2/install/moveit_visual_tools:/home/b/ws_moveit2/install/moveit_task_constructor_visualization:/home/b/ws_moveit2/install/moveit_task_constructor_demo:/home/b/ws_moveit2/install/moveit_task_constructor_capabilities:/home/b/ws_moveit2/install/moveit_task_constructor_core:/home/b/ws_moveit2/install/moveit_ros_control_interface:/home/b/ws_moveit2/install/moveit_plugins:/home/b/ws_moveit2/install/moveit_setup_assistant:/home/b/ws_moveit2/install/moveit_setup_srdf_plugins:/home/b/ws_moveit2/install/moveit_setup_core_plugins:/home/b/ws_moveit2/install/moveit_setup_controllers:/home/b/ws_moveit2/install/moveit_setup_app_plugins:/home/b/ws_moveit2/install/moveit_setup_framework:/home/b/ws_moveit2/install/moveit_servo:/home/b/ws_moveit2/install/moveit_ros:/home/b/ws_moveit2/install/moveit_ros_visualization:/home/b/ws_moveit2/install/moveit_py:/home/b/ws_moveit2/install/moveit_hybrid_planning:/home/b/ws_moveit2/install/moveit_ros_benchmarks:/home/b/ws_moveit2/install/moveit_ros_robot_interaction:/home/b/ws_moveit2/install/moveit_ros_perception:/home/b/ws_moveit2/install/moveit_resources_prbt_pg70_support:/home/b/ws_moveit2/install/moveit_resources_prbt_moveit_config:/home/b/ws_moveit2/install/moveit_resources_prbt_ikfast_manipulator_plugin:/home/b/ws_moveit2/install/moveit_planners_chomp:/home/b/ws_moveit2/install/moveit_chomp_optimizer_adapter:/home/b/ws_moveit2/install/chomp_motion_planner:/home/b/ws_moveit2/install/rviz_marker_tools:/home/b/ws_moveit2/install/rosparam_shortcuts:/home/b/ws_moveit2/install/moveit_task_constructor_msgs:/home/b/ws_moveit2/install/moveit_resources_prbt_support:/home/b/ws_moveit2/install/moveit_resources:/home/b/ws_moveit2/install/ur3e_motion:/home/b/ws_moveit2/install/moveit_configs_utils:/home/b/ws_moveit2/install/launch_param_builder:/opt/ros/humble LD_LIBRARY_PATH=/home/b/ws_moveit2/install/moveit_ros_planning_interface/lib:/home/b/ws_moveit2/install/moveit_ros_move_group/lib:/home/b/ws_moveit2/install/moveit_ros_warehouse/lib:/home/b/ws_moveit2/install/moveit_planners_ompl/lib:/home/b/ws_moveit2/install/moveit_kinematics/lib:/home/b/ws_moveit2/install/moveit_ros_planning/lib:/home/b/ws_moveit2/install/moveit_simple_controller_manager/lib:/home/b/ws_moveit2/install/moveit_ros_occupancy_map_monitor/lib:/home/b/ws_moveit2/install/moveit_core/lib:/home/b/ws_moveit2/install/srdfdom/lib:/home/b/ws_moveit2/install/pilz_industrial_motion_planner_testutils/lib:/home/b/ws_moveit2/install/pilz_industrial_motion_planner/lib:/home/b/ws_moveit2/install/moveit_visual_tools/lib:/home/b/ws_moveit2/install/moveit_task_constructor_visualization/lib:/home/b/ws_moveit2/install/moveit_task_constructor_demo/lib:/home/b/ws_moveit2/install/moveit_task_constructor_capabilities/lib:/home/b/ws_moveit2/install/moveit_task_constructor_core/lib:/home/b/ws_moveit2/install/moveit_ros_control_interface/lib:/home/b/ws_moveit2/install/moveit_setup_assistant/lib:/home/b/ws_moveit2/install/moveit_setup_srdf_plugins/lib:/home/b/ws_moveit2/install/moveit_setup_core_plugins/lib:/home/b/ws_moveit2/install/moveit_setup_controllers/lib:/home/b/ws_moveit2/install/moveit_setup_app_plugins/lib:/home/b/ws_moveit2/install/moveit_setup_framework/lib:/home/b/ws_moveit2/install/moveit_servo/lib:/home/b/ws_moveit2/install/moveit_ros_visualization/lib:/home/b/ws_moveit2/install/moveit_py/lib:/home/b/ws_moveit2/install/moveit_hybrid_planning/lib:/home/b/ws_moveit2/install/moveit_ros_benchmarks/lib:/home/b/ws_moveit2/install/moveit_ros_robot_interaction/lib:/home/b/ws_moveit2/install/moveit_ros_perception/lib:/home/b/ws_moveit2/install/moveit_resources_prbt_ikfast_manipulator_plugin/lib:/home/b/ws_moveit2/install/moveit_planners_chomp/lib:/home/b/ws_moveit2/install/moveit_chomp_optimizer_adapter/lib:/home/b/ws_moveit2/install/chomp_motion_planner/lib:/home/b/ws_moveit2/install/rviz_marker_tools/lib:/home/b/ws_moveit2/install/rosparam_shortcuts/lib:/home/b/ws_moveit2/install/moveit_task_constructor_msgs/lib:/usr/lib/x86_64-linux-gnu/gazebo-11/plugins:/opt/ros/humble/opt/rviz_ogre_vendor/lib:/opt/ros/humble/lib/x86_64-linux-gnu:/opt/ros/humble/lib PYTHONPATH=/home/b/ws_moveit2/build/moveit_configs_utils:/home/b/ws_moveit2/install/moveit_configs_utils/lib/python3.10/site-packages:/home/b/ws_moveit2/build/launch_param_builder:/home/b/ws_moveit2/install/launch_param_builder/lib/python3.10/site-packages:/home/b/ws_moveit2/build/ur3e_motion:/home/b/ws_moveit2/install/ur3e_motion/lib/python3.10/site-packages:/home/b/ws_moveit2/install/moveit_task_constructor_core/local/lib/python3.10/dist-packages:/home/b/ws_moveit2/install/moveit_py/local/lib/python3.10/dist-packages:/home/b/ws_moveit2/install/srdfdom/local/lib/python3.10/dist-packages:/home/b/ws_moveit2/install/moveit_task_constructor_msgs/local/lib/python3.10/dist-packages:/opt/ros/humble/lib/python3.10/site-packages:/opt/ros/humble/local/lib/python3.10/dist-packages /usr/bin/cmake --build /home/b/ws_moveit2/build/ur3e_motion_cpp -- -j12 -l12
[32.840s] DEBUG:colcon.colcon_core.event_handler.log_command:Invoked command in '/home/b/ws_moveit2/build/ur3e_motion_cpp' returned '0': AMENT_PREFIX_PATH=/home/b/ws_moveit2/install/moveit_configs_utils:/home/b/ws_moveit2/install/launch_param_builder:/home/b/ws_moveit2/install/ur3e_motion_cpp:/home/b/ws_moveit2/install/ur3e_motion:/home/b/ws_moveit2/install/pilz_industrial_motion_planner_testutils:/home/b/ws_moveit2/install/moveit_runtime:/home/b/ws_moveit2/install/moveit2_tutorials:/home/b/ws_moveit2/install/moveit:/home/b/ws_moveit2/install/moveit_planners:/home/b/ws_moveit2/install/pilz_industrial_motion_planner:/home/b/ws_moveit2/install/moveit_visual_tools:/home/b/ws_moveit2/install/moveit_task_constructor_visualization:/home/b/ws_moveit2/install/moveit_task_constructor_demo:/home/b/ws_moveit2/install/moveit_task_constructor_capabilities:/home/b/ws_moveit2/install/moveit_task_constructor_core:/home/b/ws_moveit2/install/moveit_ros_control_interface:/home/b/ws_moveit2/install/moveit_plugins:/home/b/ws_moveit2/install/moveit_simple_controller_manager:/home/b/ws_moveit2/install/moveit_setup_assistant:/home/b/ws_moveit2/install/moveit_setup_srdf_plugins:/home/b/ws_moveit2/install/moveit_setup_core_plugins:/home/b/ws_moveit2/install/moveit_setup_controllers:/home/b/ws_moveit2/install/moveit_setup_app_plugins:/home/b/ws_moveit2/install/moveit_setup_framework:/home/b/ws_moveit2/install/moveit_servo:/home/b/ws_moveit2/install/moveit_ros:/home/b/ws_moveit2/install/moveit_ros_visualization:/home/b/ws_moveit2/install/moveit_py:/home/b/ws_moveit2/install/moveit_hybrid_planning:/home/b/ws_moveit2/install/moveit_ros_planning_interface:/home/b/ws_moveit2/install/moveit_ros_benchmarks:/home/b/ws_moveit2/install/moveit_ros_warehouse:/home/b/ws_moveit2/install/moveit_ros_robot_interaction:/home/b/ws_moveit2/install/moveit_ros_perception:/home/b/ws_moveit2/install/moveit_resources_prbt_pg70_support:/home/b/ws_moveit2/install/moveit_resources_prbt_moveit_config:/home/b/ws_moveit2/install/moveit_ros_move_group:/home/b/ws_moveit2/install/moveit_planners_ompl:/home/b/ws_moveit2/install/moveit_ros_planning:/home/b/ws_moveit2/install/moveit_ros_occupancy_map_monitor:/home/b/ws_moveit2/install/moveit_resources_prbt_ikfast_manipulator_plugin:/home/b/ws_moveit2/install/moveit_planners_chomp:/home/b/ws_moveit2/install/moveit_kinematics:/home/b/ws_moveit2/install/moveit_chomp_optimizer_adapter:/home/b/ws_moveit2/install/chomp_motion_planner:/home/b/ws_moveit2/install/moveit_core:/home/b/ws_moveit2/install/srdfdom:/home/b/ws_moveit2/install/rviz_marker_tools:/home/b/ws_moveit2/install/rosparam_shortcuts:/home/b/ws_moveit2/install/moveit_task_constructor_msgs:/home/b/ws_moveit2/install/moveit_resources_prbt_support:/home/b/ws_moveit2/install/moveit_resources:/home/b/ws_moveit2/install/moveit_resources_pr2_description:/home/b/ws_moveit2/install/moveit_resources_panda_moveit_config:/home/b/ws_moveit2/install/moveit_resources_panda_description:/home/b/ws_moveit2/install/moveit_resources_fanuc_moveit_config:/home/b/ws_moveit2/install/moveit_resources_fanuc_description:/home/b/ws_moveit2/install/moveit_common:/opt/ros/humble CMAKE_PREFIX_PATH=/home/b/ws_moveit2/install/moveit_ros_planning_interface:/home/b/ws_moveit2/install/moveit_ros_move_group:/home/b/ws_moveit2/install/moveit_ros_warehouse:/home/b/ws_moveit2/install/moveit_planners_ompl:/home/b/ws_moveit2/install/moveit_kinematics:/home/b/ws_moveit2/install/moveit_ros_planning:/home/b/ws_moveit2/install/moveit_simple_controller_manager:/home/b/ws_moveit2/install/moveit_ros_occupancy_map_monitor:/home/b/ws_moveit2/install/moveit_core:/home/b/ws_moveit2/install/moveit_resources_panda_moveit_config:/home/b/ws_moveit2/install/moveit_resources_fanuc_moveit_config:/home/b/ws_moveit2/install/srdfdom:/home/b/ws_moveit2/install/moveit_resources_pr2_description:/home/b/ws_moveit2/install/moveit_resources_panda_description:/home/b/ws_moveit2/install/moveit_resources_fanuc_description:/home/b/ws_moveit2/install/moveit_common:/home/b/ws_moveit2/install/ur3e_motion_cpp:/home/b/ws_moveit2/install/pilz_industrial_motion_planner_testutils:/home/b/ws_moveit2/install/moveit_runtime:/home/b/ws_moveit2/install/moveit2_tutorials:/home/b/ws_moveit2/install/moveit:/home/b/ws_moveit2/install/moveit_planners:/home/b/ws_moveit2/install/pilz_industrial_motion_planner:/home/b/ws_moveit2/install/moveit_visual_tools:/home/b/ws_moveit2/install/moveit_task_constructor_visualization:/home/b/ws_moveit2/install/moveit_task_constructor_demo:/home/b/ws_moveit2/install/moveit_task_constructor_capabilities:/home/b/ws_moveit2/install/moveit_task_constructor_core:/home/b/ws_moveit2/install/moveit_ros_control_interface:/home/b/ws_moveit2/install/moveit_plugins:/home/b/ws_moveit2/install/moveit_setup_assistant:/home/b/ws_moveit2/install/moveit_setup_srdf_plugins:/home/b/ws_moveit2/install/moveit_setup_core_plugins:/home/b/ws_moveit2/install/moveit_setup_controllers:/home/b/ws_moveit2/install/moveit_setup_app_plugins:/home/b/ws_moveit2/install/moveit_setup_framework:/home/b/ws_moveit2/install/moveit_servo:/home/b/ws_moveit2/install/moveit_ros:/home/b/ws_moveit2/install/moveit_ros_visualization:/home/b/ws_moveit2/install/moveit_py:/home/b/ws_moveit2/install/moveit_hybrid_planning:/home/b/ws_moveit2/install/moveit_ros_benchmarks:/home/b/ws_moveit2/install/moveit_ros_robot_interaction:/home/b/ws_moveit2/install/moveit_ros_perception:/home/b/ws_moveit2/install/moveit_resources_prbt_pg70_support:/home/b/ws_moveit2/install/moveit_resources_prbt_moveit_config:/home/b/ws_moveit2/install/moveit_resources_prbt_ikfast_manipulator_plugin:/home/b/ws_moveit2/install/moveit_planners_chomp:/home/b/ws_moveit2/install/moveit_chomp_optimizer_adapter:/home/b/ws_moveit2/install/chomp_motion_planner:/home/b/ws_moveit2/install/rviz_marker_tools:/home/b/ws_moveit2/install/rosparam_shortcuts:/home/b/ws_moveit2/install/moveit_task_constructor_msgs:/home/b/ws_moveit2/install/moveit_resources_prbt_support:/home/b/ws_moveit2/install/moveit_resources:/home/b/ws_moveit2/install/ur3e_motion:/home/b/ws_moveit2/install/moveit_configs_utils:/home/b/ws_moveit2/install/launch_param_builder:/opt/ros/humble LD_LIBRARY_PATH=/home/b/ws_moveit2/install/moveit_ros_planning_interface/lib:/home/b/ws_moveit2/install/moveit_ros_move_group/lib:/home/b/ws_moveit2/install/moveit_ros_warehouse/lib:/home/b/ws_moveit2/install/moveit_planners_ompl/lib:/home/b/ws_moveit2/install/moveit_kinematics/lib:/home/b/ws_moveit2/install/moveit_ros_planning/lib:/home/b/ws_moveit2/install/moveit_simple_controller_manager/lib:/home/b/ws_moveit2/install/moveit_ros_occupancy_map_monitor/lib:/home/b/ws_moveit2/install/moveit_core/lib:/home/b/ws_moveit2/install/srdfdom/lib:/home/b/ws_moveit2/install/pilz_industrial_motion_planner_testutils/lib:/home/b/ws_moveit2/install/pilz_industrial_motion_planner/lib:/home/b/ws_moveit2/install/moveit_visual_tools/lib:/home/b/ws_moveit2/install/moveit_task_constructor_visualization/lib:/home/b/ws_moveit2/install/moveit_task_constructor_demo/lib:/home/b/ws_moveit2/install/moveit_task_constructor_capabilities/lib:/home/b/ws_moveit2/install/moveit_task_constructor_core/lib:/home/b/ws_moveit2/install/moveit_ros_control_interface/lib:/home/b/ws_moveit2/install/moveit_setup_assistant/lib:/home/b/ws_moveit2/install/moveit_setup_srdf_plugins/lib:/home/b/ws_moveit2/install/moveit_setup_core_plugins/lib:/home/b/ws_moveit2/install/moveit_setup_controllers/lib:/home/b/ws_moveit2/install/moveit_setup_app_plugins/lib:/home/b/ws_moveit2/install/moveit_setup_framework/lib:/home/b/ws_moveit2/install/moveit_servo/lib:/home/b/ws_moveit2/install/moveit_ros_visualization/lib:/home/b/ws_moveit2/install/moveit_py/lib:/home/b/ws_moveit2/install/moveit_hybrid_planning/lib:/home/b/ws_moveit2/install/moveit_ros_benchmarks/lib:/home/b/ws_moveit2/install/moveit_ros_robot_interaction/lib:/home/b/ws_moveit2/install/moveit_ros_perception/lib:/home/b/ws_moveit2/install/moveit_resources_prbt_ikfast_manipulator_plugin/lib:/home/b/ws_moveit2/install/moveit_planners_chomp/lib:/home/b/ws_moveit2/install/moveit_chomp_optimizer_adapter/lib:/home/b/ws_moveit2/install/chomp_motion_planner/lib:/home/b/ws_moveit2/install/rviz_marker_tools/lib:/home/b/ws_moveit2/install/rosparam_shortcuts/lib:/home/b/ws_moveit2/install/moveit_task_constructor_msgs/lib:/usr/lib/x86_64-linux-gnu/gazebo-11/plugins:/opt/ros/humble/opt/rviz_ogre_vendor/lib:/opt/ros/humble/lib/x86_64-linux-gnu:/opt/ros/humble/lib PYTHONPATH=/home/b/ws_moveit2/build/moveit_configs_utils:/home/b/ws_moveit2/install/moveit_configs_utils/lib/python3.10/site-packages:/home/b/ws_moveit2/build/launch_param_builder:/home/b/ws_moveit2/install/launch_param_builder/lib/python3.10/site-packages:/home/b/ws_moveit2/build/ur3e_motion:/home/b/ws_moveit2/install/ur3e_motion/lib/python3.10/site-packages:/home/b/ws_moveit2/install/moveit_task_constructor_core/local/lib/python3.10/dist-packages:/home/b/ws_moveit2/install/moveit_py/local/lib/python3.10/dist-packages:/home/b/ws_moveit2/install/srdfdom/local/lib/python3.10/dist-packages:/home/b/ws_moveit2/install/moveit_task_constructor_msgs/local/lib/python3.10/dist-packages:/opt/ros/humble/lib/python3.10/site-packages:/opt/ros/humble/local/lib/python3.10/dist-packages /usr/bin/cmake --build /home/b/ws_moveit2/build/ur3e_motion_cpp -- -j12 -l12
[32.870s] DEBUG:colcon.colcon_core.event_handler.log_command:Invoking command in '/home/b/ws_moveit2/build/ur3e_motion_cpp': AMENT_PREFIX_PATH=/home/b/ws_moveit2/install/moveit_configs_utils:/home/b/ws_moveit2/install/launch_param_builder:/home/b/ws_moveit2/install/ur3e_motion_cpp:/home/b/ws_moveit2/install/ur3e_motion:/home/b/ws_moveit2/install/pilz_industrial_motion_planner_testutils:/home/b/ws_moveit2/install/moveit_runtime:/home/b/ws_moveit2/install/moveit2_tutorials:/home/b/ws_moveit2/install/moveit:/home/b/ws_moveit2/install/moveit_planners:/home/b/ws_moveit2/install/pilz_industrial_motion_planner:/home/b/ws_moveit2/install/moveit_visual_tools:/home/b/ws_moveit2/install/moveit_task_constructor_visualization:/home/b/ws_moveit2/install/moveit_task_constructor_demo:/home/b/ws_moveit2/install/moveit_task_constructor_capabilities:/home/b/ws_moveit2/install/moveit_task_constructor_core:/home/b/ws_moveit2/install/moveit_ros_control_interface:/home/b/ws_moveit2/install/moveit_plugins:/home/b/ws_moveit2/install/moveit_simple_controller_manager:/home/b/ws_moveit2/install/moveit_setup_assistant:/home/b/ws_moveit2/install/moveit_setup_srdf_plugins:/home/b/ws_moveit2/install/moveit_setup_core_plugins:/home/b/ws_moveit2/install/moveit_setup_controllers:/home/b/ws_moveit2/install/moveit_setup_app_plugins:/home/b/ws_moveit2/install/moveit_setup_framework:/home/b/ws_moveit2/install/moveit_servo:/home/b/ws_moveit2/install/moveit_ros:/home/b/ws_moveit2/install/moveit_ros_visualization:/home/b/ws_moveit2/install/moveit_py:/home/b/ws_moveit2/install/moveit_hybrid_planning:/home/b/ws_moveit2/install/moveit_ros_planning_interface:/home/b/ws_moveit2/install/moveit_ros_benchmarks:/home/b/ws_moveit2/install/moveit_ros_warehouse:/home/b/ws_moveit2/install/moveit_ros_robot_interaction:/home/b/ws_moveit2/install/moveit_ros_perception:/home/b/ws_moveit2/install/moveit_resources_prbt_pg70_support:/home/b/ws_moveit2/install/moveit_resources_prbt_moveit_config:/home/b/ws_moveit2/install/moveit_ros_move_group:/home/b/ws_moveit2/install/moveit_planners_ompl:/home/b/ws_moveit2/install/moveit_ros_planning:/home/b/ws_moveit2/install/moveit_ros_occupancy_map_monitor:/home/b/ws_moveit2/install/moveit_resources_prbt_ikfast_manipulator_plugin:/home/b/ws_moveit2/install/moveit_planners_chomp:/home/b/ws_moveit2/install/moveit_kinematics:/home/b/ws_moveit2/install/moveit_chomp_optimizer_adapter:/home/b/ws_moveit2/install/chomp_motion_planner:/home/b/ws_moveit2/install/moveit_core:/home/b/ws_moveit2/install/srdfdom:/home/b/ws_moveit2/install/rviz_marker_tools:/home/b/ws_moveit2/install/rosparam_shortcuts:/home/b/ws_moveit2/install/moveit_task_constructor_msgs:/home/b/ws_moveit2/install/moveit_resources_prbt_support:/home/b/ws_moveit2/install/moveit_resources:/home/b/ws_moveit2/install/moveit_resources_pr2_description:/home/b/ws_moveit2/install/moveit_resources_panda_moveit_config:/home/b/ws_moveit2/install/moveit_resources_panda_description:/home/b/ws_moveit2/install/moveit_resources_fanuc_moveit_config:/home/b/ws_moveit2/install/moveit_resources_fanuc_description:/home/b/ws_moveit2/install/moveit_common:/opt/ros/humble CMAKE_PREFIX_PATH=/home/b/ws_moveit2/install/moveit_ros_planning_interface:/home/b/ws_moveit2/install/moveit_ros_move_group:/home/b/ws_moveit2/install/moveit_ros_warehouse:/home/b/ws_moveit2/install/moveit_planners_ompl:/home/b/ws_moveit2/install/moveit_kinematics:/home/b/ws_moveit2/install/moveit_ros_planning:/home/b/ws_moveit2/install/moveit_simple_controller_manager:/home/b/ws_moveit2/install/moveit_ros_occupancy_map_monitor:/home/b/ws_moveit2/install/moveit_core:/home/b/ws_moveit2/install/moveit_resources_panda_moveit_config:/home/b/ws_moveit2/install/moveit_resources_fanuc_moveit_config:/home/b/ws_moveit2/install/srdfdom:/home/b/ws_moveit2/install/moveit_resources_pr2_description:/home/b/ws_moveit2/install/moveit_resources_panda_description:/home/b/ws_moveit2/install/moveit_resources_fanuc_description:/home/b/ws_moveit2/install/moveit_common:/home/b/ws_moveit2/install/ur3e_motion_cpp:/home/b/ws_moveit2/install/pilz_industrial_motion_planner_testutils:/home/b/ws_moveit2/install/moveit_runtime:/home/b/ws_moveit2/install/moveit2_tutorials:/home/b/ws_moveit2/install/moveit:/home/b/ws_moveit2/install/moveit_planners:/home/b/ws_moveit2/install/pilz_industrial_motion_planner:/home/b/ws_moveit2/install/moveit_visual_tools:/home/b/ws_moveit2/install/moveit_task_constructor_visualization:/home/b/ws_moveit2/install/moveit_task_constructor_demo:/home/b/ws_moveit2/install/moveit_task_constructor_capabilities:/home/b/ws_moveit2/install/moveit_task_constructor_core:/home/b/ws_moveit2/install/moveit_ros_control_interface:/home/b/ws_moveit2/install/moveit_plugins:/home/b/ws_moveit2/install/moveit_setup_assistant:/home/b/ws_moveit2/install/moveit_setup_srdf_plugins:/home/b/ws_moveit2/install/moveit_setup_core_plugins:/home/b/ws_moveit2/install/moveit_setup_controllers:/home/b/ws_moveit2/install/moveit_setup_app_plugins:/home/b/ws_moveit2/install/moveit_setup_framework:/home/b/ws_moveit2/install/moveit_servo:/home/b/ws_moveit2/install/moveit_ros:/home/b/ws_moveit2/install/moveit_ros_visualization:/home/b/ws_moveit2/install/moveit_py:/home/b/ws_moveit2/install/moveit_hybrid_planning:/home/b/ws_moveit2/install/moveit_ros_benchmarks:/home/b/ws_moveit2/install/moveit_ros_robot_interaction:/home/b/ws_moveit2/install/moveit_ros_perception:/home/b/ws_moveit2/install/moveit_resources_prbt_pg70_support:/home/b/ws_moveit2/install/moveit_resources_prbt_moveit_config:/home/b/ws_moveit2/install/moveit_resources_prbt_ikfast_manipulator_plugin:/home/b/ws_moveit2/install/moveit_planners_chomp:/home/b/ws_moveit2/install/moveit_chomp_optimizer_adapter:/home/b/ws_moveit2/install/chomp_motion_planner:/home/b/ws_moveit2/install/rviz_marker_tools:/home/b/ws_moveit2/install/rosparam_shortcuts:/home/b/ws_moveit2/install/moveit_task_constructor_msgs:/home/b/ws_moveit2/install/moveit_resources_prbt_support:/home/b/ws_moveit2/install/moveit_resources:/home/b/ws_moveit2/install/ur3e_motion:/home/b/ws_moveit2/install/moveit_configs_utils:/home/b/ws_moveit2/install/launch_param_builder:/opt/ros/humble LD_LIBRARY_PATH=/home/b/ws_moveit2/install/moveit_ros_planning_interface/lib:/home/b/ws_moveit2/install/moveit_ros_move_group/lib:/home/b/ws_moveit2/install/moveit_ros_warehouse/lib:/home/b/ws_moveit2/install/moveit_planners_ompl/lib:/home/b/ws_moveit2/install/moveit_kinematics/lib:/home/b/ws_moveit2/install/moveit_ros_planning/lib:/home/b/ws_moveit2/install/moveit_simple_controller_manager/lib:/home/b/ws_moveit2/install/moveit_ros_occupancy_map_monitor/lib:/home/b/ws_moveit2/install/moveit_core/lib:/home/b/ws_moveit2/install/srdfdom/lib:/home/b/ws_moveit2/install/pilz_industrial_motion_planner_testutils/lib:/home/b/ws_moveit2/install/pilz_industrial_motion_planner/lib:/home/b/ws_moveit2/install/moveit_visual_tools/lib:/home/b/ws_moveit2/install/moveit_task_constructor_visualization/lib:/home/b/ws_moveit2/install/moveit_task_constructor_demo/lib:/home/b/ws_moveit2/install/moveit_task_constructor_capabilities/lib:/home/b/ws_moveit2/install/moveit_task_constructor_core/lib:/home/b/ws_moveit2/install/moveit_ros_control_interface/lib:/home/b/ws_moveit2/install/moveit_setup_assistant/lib:/home/b/ws_moveit2/install/moveit_setup_srdf_plugins/lib:/home/b/ws_moveit2/install/moveit_setup_core_plugins/lib:/home/b/ws_moveit2/install/moveit_setup_controllers/lib:/home/b/ws_moveit2/install/moveit_setup_app_plugins/lib:/home/b/ws_moveit2/install/moveit_setup_framework/lib:/home/b/ws_moveit2/install/moveit_servo/lib:/home/b/ws_moveit2/install/moveit_ros_visualization/lib:/home/b/ws_moveit2/install/moveit_py/lib:/home/b/ws_moveit2/install/moveit_hybrid_planning/lib:/home/b/ws_moveit2/install/moveit_ros_benchmarks/lib:/home/b/ws_moveit2/install/moveit_ros_robot_interaction/lib:/home/b/ws_moveit2/install/moveit_ros_perception/lib:/home/b/ws_moveit2/install/moveit_resources_prbt_ikfast_manipulator_plugin/lib:/home/b/ws_moveit2/install/moveit_planners_chomp/lib:/home/b/ws_moveit2/install/moveit_chomp_optimizer_adapter/lib:/home/b/ws_moveit2/install/chomp_motion_planner/lib:/home/b/ws_moveit2/install/rviz_marker_tools/lib:/home/b/ws_moveit2/install/rosparam_shortcuts/lib:/home/b/ws_moveit2/install/moveit_task_constructor_msgs/lib:/usr/lib/x86_64-linux-gnu/gazebo-11/plugins:/opt/ros/humble/opt/rviz_ogre_vendor/lib:/opt/ros/humble/lib/x86_64-linux-gnu:/opt/ros/humble/lib PYTHONPATH=/home/b/ws_moveit2/build/moveit_configs_utils:/home/b/ws_moveit2/install/moveit_configs_utils/lib/python3.10/site-packages:/home/b/ws_moveit2/build/launch_param_builder:/home/b/ws_moveit2/install/launch_param_builder/lib/python3.10/site-packages:/home/b/ws_moveit2/build/ur3e_motion:/home/b/ws_moveit2/install/ur3e_motion/lib/python3.10/site-packages:/home/b/ws_moveit2/install/moveit_task_constructor_core/local/lib/python3.10/dist-packages:/home/b/ws_moveit2/install/moveit_py/local/lib/python3.10/dist-packages:/home/b/ws_moveit2/install/srdfdom/local/lib/python3.10/dist-packages:/home/b/ws_moveit2/install/moveit_task_constructor_msgs/local/lib/python3.10/dist-packages:/opt/ros/humble/lib/python3.10/site-packages:/opt/ros/humble/local/lib/python3.10/dist-packages /usr/bin/cmake --install /home/b/ws_moveit2/build/ur3e_motion_cpp
[32.973s] Level 1:colcon.colcon_core.environment:create_environment_scripts_only(ur3e_motion_cpp)
[32.977s] DEBUG:colcon.colcon_core.event_handler.log_command:Invoked command in '/home/b/ws_moveit2/build/ur3e_motion_cpp' returned '0': AMENT_PREFIX_PATH=/home/b/ws_moveit2/install/moveit_configs_utils:/home/b/ws_moveit2/install/launch_param_builder:/home/b/ws_moveit2/install/ur3e_motion_cpp:/home/b/ws_moveit2/install/ur3e_motion:/home/b/ws_moveit2/install/pilz_industrial_motion_planner_testutils:/home/b/ws_moveit2/install/moveit_runtime:/home/b/ws_moveit2/install/moveit2_tutorials:/home/b/ws_moveit2/install/moveit:/home/b/ws_moveit2/install/moveit_planners:/home/b/ws_moveit2/install/pilz_industrial_motion_planner:/home/b/ws_moveit2/install/moveit_visual_tools:/home/b/ws_moveit2/install/moveit_task_constructor_visualization:/home/b/ws_moveit2/install/moveit_task_constructor_demo:/home/b/ws_moveit2/install/moveit_task_constructor_capabilities:/home/b/ws_moveit2/install/moveit_task_constructor_core:/home/b/ws_moveit2/install/moveit_ros_control_interface:/home/b/ws_moveit2/install/moveit_plugins:/home/b/ws_moveit2/install/moveit_simple_controller_manager:/home/b/ws_moveit2/install/moveit_setup_assistant:/home/b/ws_moveit2/install/moveit_setup_srdf_plugins:/home/b/ws_moveit2/install/moveit_setup_core_plugins:/home/b/ws_moveit2/install/moveit_setup_controllers:/home/b/ws_moveit2/install/moveit_setup_app_plugins:/home/b/ws_moveit2/install/moveit_setup_framework:/home/b/ws_moveit2/install/moveit_servo:/home/b/ws_moveit2/install/moveit_ros:/home/b/ws_moveit2/install/moveit_ros_visualization:/home/b/ws_moveit2/install/moveit_py:/home/b/ws_moveit2/install/moveit_hybrid_planning:/home/b/ws_moveit2/install/moveit_ros_planning_interface:/home/b/ws_moveit2/install/moveit_ros_benchmarks:/home/b/ws_moveit2/install/moveit_ros_warehouse:/home/b/ws_moveit2/install/moveit_ros_robot_interaction:/home/b/ws_moveit2/install/moveit_ros_perception:/home/b/ws_moveit2/install/moveit_resources_prbt_pg70_support:/home/b/ws_moveit2/install/moveit_resources_prbt_moveit_config:/home/b/ws_moveit2/install/moveit_ros_move_group:/home/b/ws_moveit2/install/moveit_planners_ompl:/home/b/ws_moveit2/install/moveit_ros_planning:/home/b/ws_moveit2/install/moveit_ros_occupancy_map_monitor:/home/b/ws_moveit2/install/moveit_resources_prbt_ikfast_manipulator_plugin:/home/b/ws_moveit2/install/moveit_planners_chomp:/home/b/ws_moveit2/install/moveit_kinematics:/home/b/ws_moveit2/install/moveit_chomp_optimizer_adapter:/home/b/ws_moveit2/install/chomp_motion_planner:/home/b/ws_moveit2/install/moveit_core:/home/b/ws_moveit2/install/srdfdom:/home/b/ws_moveit2/install/rviz_marker_tools:/home/b/ws_moveit2/install/rosparam_shortcuts:/home/b/ws_moveit2/install/moveit_task_constructor_msgs:/home/b/ws_moveit2/install/moveit_resources_prbt_support:/home/b/ws_moveit2/install/moveit_resources:/home/b/ws_moveit2/install/moveit_resources_pr2_description:/home/b/ws_moveit2/install/moveit_resources_panda_moveit_config:/home/b/ws_moveit2/install/moveit_resources_panda_description:/home/b/ws_moveit2/install/moveit_resources_fanuc_moveit_config:/home/b/ws_moveit2/install/moveit_resources_fanuc_description:/home/b/ws_moveit2/install/moveit_common:/opt/ros/humble CMAKE_PREFIX_PATH=/home/b/ws_moveit2/install/moveit_ros_planning_interface:/home/b/ws_moveit2/install/moveit_ros_move_group:/home/b/ws_moveit2/install/moveit_ros_warehouse:/home/b/ws_moveit2/install/moveit_planners_ompl:/home/b/ws_moveit2/install/moveit_kinematics:/home/b/ws_moveit2/install/moveit_ros_planning:/home/b/ws_moveit2/install/moveit_simple_controller_manager:/home/b/ws_moveit2/install/moveit_ros_occupancy_map_monitor:/home/b/ws_moveit2/install/moveit_core:/home/b/ws_moveit2/install/moveit_resources_panda_moveit_config:/home/b/ws_moveit2/install/moveit_resources_fanuc_moveit_config:/home/b/ws_moveit2/install/srdfdom:/home/b/ws_moveit2/install/moveit_resources_pr2_description:/home/b/ws_moveit2/install/moveit_resources_panda_description:/home/b/ws_moveit2/install/moveit_resources_fanuc_description:/home/b/ws_moveit2/install/moveit_common:/home/b/ws_moveit2/install/ur3e_motion_cpp:/home/b/ws_moveit2/install/pilz_industrial_motion_planner_testutils:/home/b/ws_moveit2/install/moveit_runtime:/home/b/ws_moveit2/install/moveit2_tutorials:/home/b/ws_moveit2/install/moveit:/home/b/ws_moveit2/install/moveit_planners:/home/b/ws_moveit2/install/pilz_industrial_motion_planner:/home/b/ws_moveit2/install/moveit_visual_tools:/home/b/ws_moveit2/install/moveit_task_constructor_visualization:/home/b/ws_moveit2/install/moveit_task_constructor_demo:/home/b/ws_moveit2/install/moveit_task_constructor_capabilities:/home/b/ws_moveit2/install/moveit_task_constructor_core:/home/b/ws_moveit2/install/moveit_ros_control_interface:/home/b/ws_moveit2/install/moveit_plugins:/home/b/ws_moveit2/install/moveit_setup_assistant:/home/b/ws_moveit2/install/moveit_setup_srdf_plugins:/home/b/ws_moveit2/install/moveit_setup_core_plugins:/home/b/ws_moveit2/install/moveit_setup_controllers:/home/b/ws_moveit2/install/moveit_setup_app_plugins:/home/b/ws_moveit2/install/moveit_setup_framework:/home/b/ws_moveit2/install/moveit_servo:/home/b/ws_moveit2/install/moveit_ros:/home/b/ws_moveit2/install/moveit_ros_visualization:/home/b/ws_moveit2/install/moveit_py:/home/b/ws_moveit2/install/moveit_hybrid_planning:/home/b/ws_moveit2/install/moveit_ros_benchmarks:/home/b/ws_moveit2/install/moveit_ros_robot_interaction:/home/b/ws_moveit2/install/moveit_ros_perception:/home/b/ws_moveit2/install/moveit_resources_prbt_pg70_support:/home/b/ws_moveit2/install/moveit_resources_prbt_moveit_config:/home/b/ws_moveit2/install/moveit_resources_prbt_ikfast_manipulator_plugin:/home/b/ws_moveit2/install/moveit_planners_chomp:/home/b/ws_moveit2/install/moveit_chomp_optimizer_adapter:/home/b/ws_moveit2/install/chomp_motion_planner:/home/b/ws_moveit2/install/rviz_marker_tools:/home/b/ws_moveit2/install/rosparam_shortcuts:/home/b/ws_moveit2/install/moveit_task_constructor_msgs:/home/b/ws_moveit2/install/moveit_resources_prbt_support:/home/b/ws_moveit2/install/moveit_resources:/home/b/ws_moveit2/install/ur3e_motion:/home/b/ws_moveit2/install/moveit_configs_utils:/home/b/ws_moveit2/install/launch_param_builder:/opt/ros/humble LD_LIBRARY_PATH=/home/b/ws_moveit2/install/moveit_ros_planning_interface/lib:/home/b/ws_moveit2/install/moveit_ros_move_group/lib:/home/b/ws_moveit2/install/moveit_ros_warehouse/lib:/home/b/ws_moveit2/install/moveit_planners_ompl/lib:/home/b/ws_moveit2/install/moveit_kinematics/lib:/home/b/ws_moveit2/install/moveit_ros_planning/lib:/home/b/ws_moveit2/install/moveit_simple_controller_manager/lib:/home/b/ws_moveit2/install/moveit_ros_occupancy_map_monitor/lib:/home/b/ws_moveit2/install/moveit_core/lib:/home/b/ws_moveit2/install/srdfdom/lib:/home/b/ws_moveit2/install/pilz_industrial_motion_planner_testutils/lib:/home/b/ws_moveit2/install/pilz_industrial_motion_planner/lib:/home/b/ws_moveit2/install/moveit_visual_tools/lib:/home/b/ws_moveit2/install/moveit_task_constructor_visualization/lib:/home/b/ws_moveit2/install/moveit_task_constructor_demo/lib:/home/b/ws_moveit2/install/moveit_task_constructor_capabilities/lib:/home/b/ws_moveit2/install/moveit_task_constructor_core/lib:/home/b/ws_moveit2/install/moveit_ros_control_interface/lib:/home/b/ws_moveit2/install/moveit_setup_assistant/lib:/home/b/ws_moveit2/install/moveit_setup_srdf_plugins/lib:/home/b/ws_moveit2/install/moveit_setup_core_plugins/lib:/home/b/ws_moveit2/install/moveit_setup_controllers/lib:/home/b/ws_moveit2/install/moveit_setup_app_plugins/lib:/home/b/ws_moveit2/install/moveit_setup_framework/lib:/home/b/ws_moveit2/install/moveit_servo/lib:/home/b/ws_moveit2/install/moveit_ros_visualization/lib:/home/b/ws_moveit2/install/moveit_py/lib:/home/b/ws_moveit2/install/moveit_hybrid_planning/lib:/home/b/ws_moveit2/install/moveit_ros_benchmarks/lib:/home/b/ws_moveit2/install/moveit_ros_robot_interaction/lib:/home/b/ws_moveit2/install/moveit_ros_perception/lib:/home/b/ws_moveit2/install/moveit_resources_prbt_ikfast_manipulator_plugin/lib:/home/b/ws_moveit2/install/moveit_planners_chomp/lib:/home/b/ws_moveit2/install/moveit_chomp_optimizer_adapter/lib:/home/b/ws_moveit2/install/chomp_motion_planner/lib:/home/b/ws_moveit2/install/rviz_marker_tools/lib:/home/b/ws_moveit2/install/rosparam_shortcuts/lib:/home/b/ws_moveit2/install/moveit_task_constructor_msgs/lib:/usr/lib/x86_64-linux-gnu/gazebo-11/plugins:/opt/ros/humble/opt/rviz_ogre_vendor/lib:/opt/ros/humble/lib/x86_64-linux-gnu:/opt/ros/humble/lib PYTHONPATH=/home/b/ws_moveit2/build/moveit_configs_utils:/home/b/ws_moveit2/install/moveit_configs_utils/lib/python3.10/site-packages:/home/b/ws_moveit2/build/launch_param_builder:/home/b/ws_moveit2/install/launch_param_builder/lib/python3.10/site-packages:/home/b/ws_moveit2/build/ur3e_motion:/home/b/ws_moveit2/install/ur3e_motion/lib/python3.10/site-packages:/home/b/ws_moveit2/install/moveit_task_constructor_core/local/lib/python3.10/dist-packages:/home/b/ws_moveit2/install/moveit_py/local/lib/python3.10/dist-packages:/home/b/ws_moveit2/install/srdfdom/local/lib/python3.10/dist-packages:/home/b/ws_moveit2/install/moveit_task_constructor_msgs/local/lib/python3.10/dist-packages:/opt/ros/humble/lib/python3.10/site-packages:/opt/ros/humble/local/lib/python3.10/dist-packages /usr/bin/cmake --install /home/b/ws_moveit2/build/ur3e_motion_cpp
[32.984s] Level 1:colcon.colcon_core.environment:checking '/home/b/ws_moveit2/install/ur3e_motion_cpp' for CMake module files
[32.984s] Level 1:colcon.colcon_core.environment:checking '/home/b/ws_moveit2/install/ur3e_motion_cpp' for CMake config files
[32.985s] Level 1:colcon.colcon_core.shell:create_environment_hook('ur3e_motion_cpp', 'cmake_prefix_path')
[32.985s] INFO:colcon.colcon_core.shell:Creating environment hook '/home/b/ws_moveit2/install/ur3e_motion_cpp/share/ur3e_motion_cpp/hook/cmake_prefix_path.ps1'
[32.987s] INFO:colcon.colcon_core.shell:Creating environment descriptor '/home/b/ws_moveit2/install/ur3e_motion_cpp/share/ur3e_motion_cpp/hook/cmake_prefix_path.dsv'
[32.990s] INFO:colcon.colcon_core.shell:Creating environment hook '/home/b/ws_moveit2/install/ur3e_motion_cpp/share/ur3e_motion_cpp/hook/cmake_prefix_path.sh'
[32.995s] Level 1:colcon.colcon_core.environment:checking '/home/b/ws_moveit2/install/ur3e_motion_cpp/lib'
[32.997s] Level 1:colcon.colcon_core.environment:checking '/home/b/ws_moveit2/install/ur3e_motion_cpp/bin'
[32.997s] Level 1:colcon.colcon_core.environment:checking '/home/b/ws_moveit2/install/ur3e_motion_cpp/lib/pkgconfig/ur3e_motion_cpp.pc'
[32.999s] Level 1:colcon.colcon_core.environment:checking '/home/b/ws_moveit2/install/ur3e_motion_cpp/lib/python3.10/site-packages'
[33.000s] Level 1:colcon.colcon_core.environment:checking '/home/b/ws_moveit2/install/ur3e_motion_cpp/bin'
[33.000s] INFO:colcon.colcon_core.shell:Creating package script '/home/b/ws_moveit2/install/ur3e_motion_cpp/share/ur3e_motion_cpp/package.ps1'
[33.003s] INFO:colcon.colcon_core.shell:Creating package descriptor '/home/b/ws_moveit2/install/ur3e_motion_cpp/share/ur3e_motion_cpp/package.dsv'
[33.008s] INFO:colcon.colcon_core.shell:Creating package script '/home/b/ws_moveit2/install/ur3e_motion_cpp/share/ur3e_motion_cpp/package.sh'
[33.009s] INFO:colcon.colcon_core.shell:Creating package script '/home/b/ws_moveit2/install/ur3e_motion_cpp/share/ur3e_motion_cpp/package.bash'
[33.011s] INFO:colcon.colcon_core.shell:Creating package script '/home/b/ws_moveit2/install/ur3e_motion_cpp/share/ur3e_motion_cpp/package.zsh'
[33.013s] Level 1:colcon.colcon_core.environment:create_file_with_runtime_dependencies(/home/b/ws_moveit2/install/ur3e_motion_cpp/share/colcon-core/packages/ur3e_motion_cpp)
[33.015s] Level 1:colcon.colcon_core.environment:create_environment_scripts_only(ur3e_motion_cpp)
[33.016s] Level 1:colcon.colcon_core.environment:checking '/home/b/ws_moveit2/install/ur3e_motion_cpp' for CMake module files
[33.017s] Level 1:colcon.colcon_core.environment:checking '/home/b/ws_moveit2/install/ur3e_motion_cpp' for CMake config files
[33.018s] Level 1:colcon.colcon_core.shell:create_environment_hook('ur3e_motion_cpp', 'cmake_prefix_path')
[33.018s] INFO:colcon.colcon_core.shell:Creating environment hook '/home/b/ws_moveit2/install/ur3e_motion_cpp/share/ur3e_motion_cpp/hook/cmake_prefix_path.ps1'
[33.019s] INFO:colcon.colcon_core.shell:Creating environment descriptor '/home/b/ws_moveit2/install/ur3e_motion_cpp/share/ur3e_motion_cpp/hook/cmake_prefix_path.dsv'
[33.020s] INFO:colcon.colcon_core.shell:Creating environment hook '/home/b/ws_moveit2/install/ur3e_motion_cpp/share/ur3e_motion_cpp/hook/cmake_prefix_path.sh'
[33.022s] Level 1:colcon.colcon_core.environment:checking '/home/b/ws_moveit2/install/ur3e_motion_cpp/lib'
[33.022s] Level 1:colcon.colcon_core.environment:checking '/home/b/ws_moveit2/install/ur3e_motion_cpp/bin'
[33.022s] Level 1:colcon.colcon_core.environment:checking '/home/b/ws_moveit2/install/ur3e_motion_cpp/lib/pkgconfig/ur3e_motion_cpp.pc'
[33.022s] Level 1:colcon.colcon_core.environment:checking '/home/b/ws_moveit2/install/ur3e_motion_cpp/lib/python3.10/site-packages'
[33.023s] Level 1:colcon.colcon_core.environment:checking '/home/b/ws_moveit2/install/ur3e_motion_cpp/bin'
[33.023s] INFO:colcon.colcon_core.shell:Creating package script '/home/b/ws_moveit2/install/ur3e_motion_cpp/share/ur3e_motion_cpp/package.ps1'
[33.024s] INFO:colcon.colcon_core.shell:Creating package descriptor '/home/b/ws_moveit2/install/ur3e_motion_cpp/share/ur3e_motion_cpp/package.dsv'
[33.026s] INFO:colcon.colcon_core.shell:Creating package script '/home/b/ws_moveit2/install/ur3e_motion_cpp/share/ur3e_motion_cpp/package.sh'
[33.027s] INFO:colcon.colcon_core.shell:Creating package script '/home/b/ws_moveit2/install/ur3e_motion_cpp/share/ur3e_motion_cpp/package.bash'
[33.028s] INFO:colcon.colcon_core.shell:Creating package script '/home/b/ws_moveit2/install/ur3e_motion_cpp/share/ur3e_motion_cpp/package.zsh'
[33.028s] Level 1:colcon.colcon_core.environment:create_file_with_runtime_dependencies(/home/b/ws_moveit2/install/ur3e_motion_cpp/share/colcon-core/packages/ur3e_motion_cpp)
[33.028s] DEBUG:colcon.colcon_parallel_executor.executor.parallel:closing loop
[33.029s] DEBUG:colcon.colcon_parallel_executor.executor.parallel:loop closed
[33.029s] DEBUG:colcon.colcon_parallel_executor.executor.parallel:run_until_complete finished with '0'
[33.030s] DEBUG:colcon.colcon_core.event_reactor:joining thread
[33.245s] INFO:colcon.colcon_core.plugin_system:Skipping extension 'colcon_notification.desktop_notification.notify_send': Could not find 'notify-send'
[33.245s] INFO:colcon.colcon_core.plugin_system:Skipping extension 'colcon_notification.desktop_notification.terminal_notifier': Not used on non-Darwin systems
[33.246s] INFO:colcon.colcon_core.plugin_system:Skipping extension 'colcon_notification.desktop_notification.win32': Not used on non-Windows systems
[33.246s] INFO:colcon.colcon_notification.desktop_notification:Sending desktop notification using 'notify2'
[33.248s] DEBUG:colcon.colcon_notification.desktop_notification.notify2:Failed to initialize notify2: org.freedesktop.DBus.Error.ServiceUnknown: The name org.freedesktop.Notifications was not provided by any .service files
[33.249s] DEBUG:colcon.colcon_core.event_reactor:joined thread
[33.249s] INFO:colcon.colcon_core.shell:Creating prefix script '/home/b/ws_moveit2/install/local_setup.ps1'
[33.252s] INFO:colcon.colcon_core.shell:Creating prefix util module '/home/b/ws_moveit2/install/_local_setup_util_ps1.py'
[33.262s] INFO:colcon.colcon_core.shell:Creating prefix chain script '/home/b/ws_moveit2/install/setup.ps1'
[33.270s] INFO:colcon.colcon_core.shell:Creating prefix script '/home/b/ws_moveit2/install/local_setup.sh'
[33.272s] INFO:colcon.colcon_core.shell:Creating prefix util module '/home/b/ws_moveit2/install/_local_setup_util_sh.py'
[33.274s] INFO:colcon.colcon_core.shell:Creating prefix chain script '/home/b/ws_moveit2/install/setup.sh'
[33.291s] INFO:colcon.colcon_core.shell:Creating prefix script '/home/b/ws_moveit2/install/local_setup.bash'
[33.292s] INFO:colcon.colcon_core.shell:Creating prefix chain script '/home/b/ws_moveit2/install/setup.bash'
[33.302s] INFO:colcon.colcon_core.shell:Creating prefix script '/home/b/ws_moveit2/install/local_setup.zsh'
[33.304s] INFO:colcon.colcon_core.shell:Creating prefix chain script '/home/b/ws_moveit2/install/setup.zsh'
